#
# There is insufficient memory for the Java Runtime Environment to continue.
# Native memory allocation (malloc) failed to allocate 1300336 bytes. Error detail: Chunk::new
# Possible reasons:
#   The system is out of physical RAM or swap space
#   This process is running with CompressedOops enabled, and the Java Heap may be blocking the growth of the native heap
# Possible solutions:
#   Reduce memory load on the system
#   Increase physical memory or swap space
#   Check if swap backing store is full
#   Decrease Java heap size (-Xmx/-Xms)
#   Decrease number of Java threads
#   Decrease Java thread stack sizes (-Xss)
#   Set larger code cache with -XX:ReservedCodeCacheSize=
#   JVM is running with Unscaled Compressed Oops mode in which the Java heap is
#     placed in the first 4GB address space. The Java Heap base address is the
#     maximum limit for the native heap growth. Please use -XX:HeapBaseMinAddress
#     to set the Java Heap base and to place the Java Heap above 4GB virtual address.
# This output file may be truncated or incomplete.
#
#  Out of Memory Error (arena.cpp:168), pid=11788, tid=16800
#
# JRE version: OpenJDK Runtime Environment Temurin-21.0.12.1+1 (21.0.12.1+1) (build 21.0.12.1+1-LTS)
# Java VM: OpenJDK 64-Bit Server VM Temurin-21.0.12.1+1 (21.0.12.1+1-LTS, mixed mode, sharing, tiered, compressed oops, compressed class ptrs, parallel gc, windows-amd64)
# No core dump will be written. Minidumps are not enabled by default on client versions of Windows
#

---------------  S U M M A R Y ------------

Command Line: --add-modules=ALL-SYSTEM --add-opens=java.base/java.util=ALL-UNNAMED --add-opens=java.base/java.lang=ALL-UNNAMED --add-opens=java.base/sun.nio.fs=ALL-UNNAMED -Declipse.application=org.eclipse.jdt.ls.core.id1 -Dosgi.bundles.defaultStartLevel=4 -Declipse.product=org.eclipse.jdt.ls.core.product -Djava.import.generatesMetadataFilesAtProjectRoot=false -Dm2e.project.cache.size=50 -DDetectVMInstallationsJob.disabled=true -Dfile.encoding=utf8 -XX:+UseParallelGC -XX:GCTimeRatio=4 -XX:AdaptiveSizePolicyWeight=90 -Dsun.zip.disableMemoryMapping=true -Xmx2G -Xms100m -Xlog:disable -javaagent:c:\Users\ACER\.vscode\extensions\redhat.java-1.56.0-win32-x64\lombok\lombok-1.18.39-4050.jar -XX:+HeapDumpOnOutOfMemoryError -XX:HeapDumpPath=c:\Users\ACER\AppData\Roaming\Code\User\workspaceStorage\5ee7213931e9956efef31d557ee2b2d3\redhat.java -Daether.dependencyCollector.impl=bf c:\Users\ACER\.vscode\extensions\redhat.java-1.56.0-win32-x64\server\plugins\org.eclipse.equinox.launcher_1.8.0.v20260804-1928.jar -configuration c:\Users\ACER\AppData\Roaming\Code\User\globalStorage\redhat.java\1.56.0\config_win -data c:\Users\ACER\AppData\Roaming\Code\User\workspaceStorage\5ee7213931e9956efef31d557ee2b2d3\redhat.java\jdt_ws --stdio

Host: Intel(R) Core(TM) i3-8130U CPU @ 2.20GHz, 4 cores, 3G,  Windows 11 , 64 bit Build 26100 (10.0.26100.9444)
Time: Wed Sep 23 06:50:48 2026 Hora est. Pacífico, Sudamérica elapsed time: 787.876651 seconds (0d 0h 13m 7s)

---------------  T H R E A D  ---------------

Current thread (0x000001ab53184910):  JavaThread "C2 CompilerThread0" daemon [_thread_in_native, id=16800, stack(0x00000036f5600000,0x00000036f5700000) (1024K)]


Current CompileTask:
C2:787876 22165       4       com.google.gson.internal.bind.TypeAdapters$33$1::write (13 bytes)

Stack: [0x00000036f5600000,0x00000036f5700000]
Native frames: (J=compiled Java code, j=interpreted, Vv=VM code, C=native code)
V  [jvm.dll+0x6d83e9]
V  [jvm.dll+0x8b5736]
V  [jvm.dll+0x8b7cee]
V  [jvm.dll+0x8b83d3]
V  [jvm.dll+0x284596]
V  [jvm.dll+0xc685d]
V  [jvm.dll+0xc6da1]
V  [jvm.dll+0x3bf151]
V  [jvm.dll+0x38b6d2]
V  [jvm.dll+0x38ab1a]
V  [jvm.dll+0x24c700]
V  [jvm.dll+0x24bce0]
V  [jvm.dll+0x1cb4ae]
V  [jvm.dll+0x25baad]
V  [jvm.dll+0x25a03a]
V  [jvm.dll+0x3f8aae]
V  [jvm.dll+0x8600cd]
V  [jvm.dll+0x6d6c1d]
C  [ucrtbase.dll+0x2cd30]
C  [KERNEL32.DLL+0x2cd87]
C  [ntdll.dll+0xacaec]


---------------  P R O C E S S  ---------------

Threads class SMR info:
_java_thread_list=0x000001abac8ef8f0, length=1371, elements={
0x000001ab3aa62630, 0x000001ab3ab0e7f0, 0x000001ab53175df0, 0x000001ab531791e0,
0x000001ab53180600, 0x000001ab53183070, 0x000001ab53183ad0, 0x000001ab53184910,
0x000001ab531c6c60, 0x000001ab99125bb0, 0x000001ab991eb1e0, 0x000001ab995e1f80,
0x000001ab532010d0, 0x000001ab998dcf50, 0x000001ab9987ae70, 0x000001ab99f8e0a0,
0x000001ab99f8e730, 0x000001ab99f90e90, 0x000001ab99f8f450, 0x000001ab99f90170,
0x000001ab99f91520, 0x000001ab99f8edc0, 0x000001ab99f90800, 0x000001ab9a3e9fa0,
0x000001ab9a3ea630, 0x000001ab9a3ec070, 0x000001ab9b6a7e80, 0x000001ab9b6a6ad0,
0x000001ab9b6a8ba0, 0x000001ab9b6aa5e0, 0x000001ab9b6a7160, 0x000001ab9a3e9280,
0x000001ab9a3e9910, 0x000001ab9b6ad3d0, 0x000001ab9b6ada60, 0x000001ab9b6ac6b0,
0x000001ab9c9edfb0, 0x000001ab9c9ed920, 0x000001ab9c9ee640, 0x000001ab9f2c62d0,
0x000001ab9f2c6ff0, 0x000001ab9f2c7680, 0x000001ab9f2c5c40, 0x000001ab9f2c6960,
0x000001ab9f2c55b0, 0x000001ab9f2c83a0, 0x000001ab9f2c8a30, 0x000001ab9f2c4f20,
0x000001ab9f2cbeb0, 0x000001ab9f2cab00, 0x000001ab9f2ca470, 0x000001ab9f2cb190,
0x000001ab9f2c90c0, 0x000001ab9f2c9de0, 0x000001ab9f2c7d10, 0x000001ab9f2cb820,
0x000001ab9f2cc540, 0x000001ab9c9ecc00, 0x000001ab9a6e78b0, 0x000001ab9a6e5e70,
0x000001ab9a6e7f40, 0x000001ab9a6e9980, 0x000001ab9a6e6500, 0x000001ab9a6ea010,
0x000001ab9a6e92f0, 0x000001ab9a6ec0e0, 0x000001ab9a6e6b90, 0x000001ab9a6ea6a0,
0x000001ab9a6e7220, 0x000001ab9a6ead30, 0x000001ab9a6ec770, 0x000001ab9a6ece00,
0x000001ab9a6eb3c0, 0x000001ab9f2c9750, 0x000001ab9ca0e530, 0x000001ab9ca0c460,
0x000001ab9ca0f8e0, 0x000001ab9ca0ebc0, 0x000001ab9ca0ff70, 0x000001ab9ca0caf0,
0x000001ab9ca10600, 0x000001ab9ca0d180, 0x000001ab9ca10c90, 0x000001ab9ca0dea0,
0x000001ab9ca0d810, 0x000001ab9ca119b0, 0x000001ab9ca126d0, 0x000001ab9ca11320,
0x000001ab9ca12040, 0x000001ab9ca12d60, 0x000001ab9ca133f0, 0x000001ab9ca13a80,
0x000001ab9ee58180, 0x000001ab9ee59530, 0x000001ab9ee58810, 0x000001ab9ee59bc0,
0x000001ab9ee5a250, 0x000001ab9ee5a8e0, 0x000001ab9ee5af70, 0x000001ab9ee57460,
0x000001ab9ee57af0, 0x000001ab9ee5dd60, 0x000001ab9ee5bc90, 0x000001ab9ee5e3f0,
0x000001ab9ee5c320, 0x000001ab9ee58ea0, 0x000001ab9ee5d6d0, 0x000001ab9ee5ea80,
0x000001ab9a6e57e0, 0x000001ab9b6acd40, 0x000001ab9ca0f250, 0x000001ab9c9eb1c0,
0x000001ab9a6eba50, 0x000001ab9cfb25e0, 0x000001ab9cfaf160, 0x000001ab9cfb3300,
0x000001ab9cfafe80, 0x000001ab9cfb0510, 0x000001ab9cfb3990, 0x000001ab9cfb2c70,
0x000001ab9cfb0ba0, 0x000001ab9cfaf7f0, 0x000001ab9cfb46b0, 0x000001ab9cfb4d40,
0x000001ab9cfb1f50, 0x000001ab9cfb18c0, 0x000001ab9cfb5a60, 0x000001ab9cfb53d0,
0x000001ab9cfb60f0, 0x000001ab9cfb6780, 0x000001ab9efb9b20, 0x000001ab9efba1b0,
0x000001ab9efbb560, 0x000001ab9efbbbf0, 0x000001ab9efb8770, 0x000001ab9efbc280,
0x000001ab9efbaed0, 0x000001ab9efbc910, 0x000001ab9efbdcc0, 0x000001ab9efba840,
0x000001ab9efbe350, 0x000001ab9efbe9e0, 0x000001ab9efbf700, 0x000001ab9cfb1230,
0x000001ab9efbf070, 0x000001ab9efbfd90, 0x000001ab9e9eb140, 0x000001ab9e9e7cc0,
0x000001ab9e9eb7d0, 0x000001ab9e9ebe60, 0x000001ab9e9e8350, 0x000001ab9e9e89e0,
0x000001ab9e9e9700, 0x000001ab9e9ec4f0, 0x000001ab9e9ecb80, 0x000001ab9e9ed8a0,
0x000001ab9e9edf30, 0x000001ab9e9eaab0, 0x000001ab9e9ee5c0, 0x000001ab9e9eec50,
0x000001ab9dff1e30, 0x000001ab9dff03f0, 0x000001ab9dff1110, 0x000001ab9dff2b50,
0x000001ab9dff31e0, 0x000001ab9dfefd60, 0x000001ab9dff4c20, 0x000001ab9dff6cf0,
0x000001ab9dff3870, 0x000001ab9dff7380, 0x000001ab9dff5fd0, 0x000001ab9dff6660,
0x000001ab9dff3f00, 0x000001ab9dff4590, 0x000001ab9dff7a10, 0x000001ab9dff80a0,
0x000001ab9dff8730, 0x000001ab9dff8dc0, 0x000001ab9dff52b0, 0x000001ab9dffbbb0,
0x000001ab9dff9450, 0x000001ab9dffa170, 0x000001ab9dffa800, 0x000001ab9dffc240,
0x000001ab9dffae90, 0x000001ab9dffb520, 0x000001ab9dffc8d0, 0x000001ab9dff9ae0,
0x000001ab9dffdc80, 0x000001ab9dffe9a0, 0x000001ab9dffd5f0, 0x000001ab9dffcf60,
0x000001ab9e9e9d90, 0x000001ab9dffe310, 0x000001ab9dfff030, 0x000001ab9f2522f0,
0x000001ab9f24ee70, 0x000001ab9f250f40, 0x000001ab9f24f500, 0x000001ab9f2515d0,
0x000001ab9f252980, 0x000001ab9f253010, 0x000001ab9f24fb90, 0x000001ab9f2536a0,
0x000001ab9f2543c0, 0x000001ab9f250220, 0x000001ab9f2508b0, 0x000001ab9f254a50,
0x000001ab9f253d30, 0x000001ab9f251c60, 0x000001ab9f255e00, 0x000001ab9f256b20,
0x000001ab9f2571b0, 0x000001ab9f257840, 0x000001ab9f258560, 0x000001ab9f258bf0,
0x000001ab9f259280, 0x000001ab9f259910, 0x000001ab9f25b9e0, 0x000001ab9f256490,
0x000001ab9f259fa0, 0x000001ab9f25c700, 0x000001ab9f25c070, 0x000001ab9f25d420,
0x000001ab9f25cd90, 0x000001ab9f25dab0, 0x000001ab9f25a630, 0x000001ab9f25e140,
0x000001ab9f25acc0, 0x000001ab9dff17a0, 0x000001ab9efb9490, 0x000001ab9c9ea4a0,
0x000001ab9e9ef2e0, 0x000001ab9e5e4510, 0x000001ab9e5e58c0, 0x000001ab9e5e6c70,
0x000001ab9e5e37f0, 0x000001ab9e5e5f50, 0x000001ab9e5e65e0, 0x000001ab9e5e7300,
0x000001ab9e5e3e80, 0x000001ab9e5e7990, 0x000001ab9e5e4ba0, 0x000001ab9e5e5230,
0x000001ab9e5e9a60, 0x000001ab9e5e86b0, 0x000001ab9e5ea780, 0x000001ab9e5eae10,
0x000001ab9e5e8d40, 0x000001ab9e5ea0f0, 0x000001ab9e5eb4a0, 0x000001ab9e5ebb30,
0x000001ab9e5ec1c0, 0x000001ab9e5ec850, 0x000001ab9e5e93d0, 0x000001ab9e5f0360,
0x000001ab9e5ed570, 0x000001ab9e5ee920, 0x000001ab9e5edc00, 0x000001ab9e5ee290,
0x000001ab9e5eefb0, 0x000001ab9e5ef640, 0x000001ab9e5ecee0, 0x000001ab9e5f2ac0,
0x000001ab9e5efcd0, 0x000001ab9e5f2430, 0x000001ab9e5f1710, 0x000001ab9e5f1da0,
0x000001ab9e5f09f0, 0x000001ab9e5e8020, 0x000001ab9e5f1080, 0x000001ab9eb6cce0,
0x000001ab9eb6da00, 0x000001ab9eb6e090, 0x000001ab9eb707f0, 0x000001ab9eb6edb0,
0x000001ab9eb70160, 0x000001ab9eb6fad0, 0x000001ab9eb70e80, 0x000001ab9eb71510,
0x000001ab9eb6e720, 0x000001ab9eb71ba0, 0x000001ab9eb72230, 0x000001ab9eb75d40,
0x000001ab9eb728c0, 0x000001ab9eb6f440, 0x000001ab9eb74990, 0x000001ab9eb74300,
0x000001ab9eb75020, 0x000001ab9eb73c70, 0x000001ab9eb756b0, 0x000001ab9eb763d0,
0x000001ab9eb72f50, 0x000001ab9eb76a60, 0x000001ab9eb735e0, 0x000001ab9eb791c0,
0x000001ab9eb784a0, 0x000001ab9eb77780, 0x000001ab9eb79850, 0x000001ab9eb79ee0,
0x000001ab9eb78b30, 0x000001ab9eb77e10, 0x000001ab9eb7a570, 0x000001ab9eb770f0,
0x000001ab9eb7ac00, 0x000001ab9eb7b290, 0x000001ab9eb7b920, 0x000001ab9f2550e0,
0x000001ab9eb7bfb0, 0x000001ab9de7ad30, 0x000001ab9de785d0, 0x000001ab9de79980,
0x000001ab9de77f40, 0x000001ab9de7a010, 0x000001ab9de7a6a0, 0x000001ab9de78c60,
0x000001ab9de7c770, 0x000001ab9de792f0, 0x000001ab9de7d490, 0x000001ab9de7f560,
0x000001ab9de7fbf0, 0x000001ab9de7ce00, 0x000001ab9de7c0e0, 0x000001ab9de80280,
0x000001ab9de80fa0, 0x000001ab9de7db20, 0x000001ab9de81630, 0x000001ab9de80910,
0x000001ab9de81cc0, 0x000001ab9de7e840, 0x000001ab9de83d90, 0x000001ab9de7eed0,
0x000001ab9de82350, 0x000001ab9de83070, 0x000001ab9de84ab0, 0x000001ab9de84420,
0x000001ab9de829e0, 0x000001ab9de83700, 0x000001ab9de86b80, 0x000001ab9de85e60,
0x000001ab9de864f0, 0x000001ab9de85140, 0x000001ab9de87f30, 0x000001ab9de885c0,
0x000001ab9de88c50, 0x000001ab9de857d0, 0x000001ab9de892e0, 0x000001ab9de89970,
0x000001ab9de8a000, 0x000001ab9de8a690, 0x000001ab9de87210, 0x000001ab9de8ad20,
0x000001ab9de878a0, 0x000001ab9de8b3b0, 0x000001ab9de8cdf0, 0x000001ab9de8ba40,
0x000001ab9de8db10, 0x000001ab9de8e1a0, 0x000001ab9de8f550, 0x000001ab9de8d480,
0x000001ab9de8e830, 0x000001ab9de8eec0, 0x000001ab9de8c0d0, 0x000001ab9de8fbe0,
0x000001ab9de8c760, 0x000001ab9de90270, 0x000001ab9de90900, 0x000001ab9de957c0,
0x000001ab9de94aa0, 0x000001ab9de92340, 0x000001ab9de95130, 0x000001ab9de95e50,
0x000001ab9de929d0, 0x000001ab9de936f0, 0x000001ab9de96b70, 0x000001ab9de90f90,
0x000001ab9de94410, 0x000001ab9de93060, 0x000001ab9de964e0, 0x000001ab9de97200,
0x000001ab9eb6d370, 0x000001ab9de93d80, 0x000001ab9b6a9f50, 0x000001ab9e9af540,
0x000001ab9e9b0f80, 0x000001ab9e9b1610, 0x000001ab9e9b1ca0, 0x000001ab9e9b2330,
0x000001ab9e9aeeb0, 0x000001ab9e9b3050, 0x000001ab9e9b29c0, 0x000001ab9e9afbd0,
0x000001ab9e9b3d70, 0x000001ab9e9b0260, 0x000001ab9e9b4400, 0x000001ab9e9b5120,
0x000001ab9e9b57b0, 0x000001ab9e9b5e40, 0x000001ab9e9b64d0, 0x000001ab9e9b6b60,
0x000001ab9e9b36e0, 0x000001ab9e9b71f0, 0x000001ab9e9b7880, 0x000001ab9e9b7f10,
0x000001ab9e9b4a90, 0x000001ab9e9b9fe0, 0x000001ab9e9bba20, 0x000001ab9e9b8c30,
0x000001ab9e9bad00, 0x000001ab9e9b08f0, 0x000001ab9e9bb390, 0x000001ab9e9b85a0,
0x000001ab9e9bc0b0, 0x000001ab9e9b92c0, 0x000001ab9e9bc740, 0x000001ab9e9b9950,
0x000001ab9e9bcdd0, 0x000001ab9e9bd460, 0x000001ab9e9be180, 0x000001ab9de7e1b0,
0x000001ab9e615250, 0x000001ab9e614530, 0x000001ab9e616c90, 0x000001ab9e616600,
0x000001ab9e614bc0, 0x000001ab9e6158e0, 0x000001ab9e615f70, 0x000001ab9e617320,
0x000001ab9e613ea0, 0x000001ab9e61ae30, 0x000001ab9e618040, 0x000001ab9e61a110,
0x000001ab9e6193f0, 0x000001ab9e6179b0, 0x000001ab9e618d60, 0x000001ab9e61a7a0,
0x000001ab9e61b4c0, 0x000001ab9e6186d0, 0x000001ab9e61cf00, 0x000001ab9e61bb50,
0x000001ab9e61c1e0, 0x000001ab9e619a80, 0x000001ab9e61efd0, 0x000001ab9e61e940,
0x000001ab9e61fcf0, 0x000001ab9e61c870, 0x000001ab9e620380, 0x000001ab9e61d590,
0x000001ab9e620a10, 0x000001ab9e6210a0, 0x000001ab9e61dc20, 0x000001ab9e621730,
0x000001ab9e61e2b0, 0x000001ab9e622450, 0x000001ab9e622ae0, 0x000001ab9e61f660,
0x000001ab9e9bdaf0, 0x000001ab9e9ba670, 0x000001ab9de91cb0, 0x000001ab9e1e3960,
0x000001ab9e1e2c40, 0x000001ab9e1e3ff0, 0x000001ab9e1e4680, 0x000001ab9e1e5a30,
0x000001ab9e1e60c0, 0x000001ab9e1e6750, 0x000001ab9e1e32d0, 0x000001ab9e1e9bd0,
0x000001ab9e1e7b00, 0x000001ab9e1ea260, 0x000001ab9e1e4d10, 0x000001ab9e1e53a0,
0x000001ab9e1ea8f0, 0x000001ab9e1e7470, 0x000001ab9e1e9540, 0x000001ab9e1e8820,
0x000001ab9e1ec330, 0x000001ab9e1eaf80, 0x000001ab9e1ed6e0, 0x000001ab9e1eb610,
0x000001ab9e1edd70, 0x000001ab9e1ee400, 0x000001ab9e1eea90, 0x000001ab9e1ef120,
0x000001ab9e1ed050, 0x000001ab9e1ebca0, 0x000001ab9e1ef7b0, 0x000001ab9e1ec9c0,
0x000001ab9e1e6de0, 0x000001ab9e1f1f10, 0x000001ab9e1f11f0, 0x000001ab9e1f1880,
0x000001ab9e1efe40, 0x000001ab9e1f04d0, 0x000001ab9e613810, 0x000001ab9e621dc0,
0x000001ab9eec86d0, 0x000001ab9eeca7a0, 0x000001ab9eecc1e0, 0x000001ab9eeca110,
0x000001ab9eecae30, 0x000001ab9eecbb50, 0x000001ab9eecc870, 0x000001ab9eec93f0,
0x000001ab9eeccf00, 0x000001ab9eecf660, 0x000001ab9eec8d60, 0x000001ab9eece940,
0x000001ab9eecdc20, 0x000001ab9eecfcf0, 0x000001ab9eecefd0, 0x000001ab9eecd590,
0x000001ab9eed1730, 0x000001ab9eed10a0, 0x000001ab9eece2b0, 0x000001ab9eec9a80,
0x000001ab9eed2450, 0x000001ab9eed3800, 0x000001ab9eed0380, 0x000001ab9eed0a10,
0x000001ab9eed2ae0, 0x000001ab9eed3e90, 0x000001ab9eed5240, 0x000001ab9eed79a0,
0x000001ab9eed4bb0, 0x000001ab9eed58d0, 0x000001ab9eed5f60, 0x000001ab9eed65f0,
0x000001ab9eed3170, 0x000001ab9eed8030, 0x000001ab9eed86c0, 0x000001ab9eed93e0,
0x000001ab9eed4520, 0x000001ab9eeda100, 0x000001ab9eed8d50, 0x000001ab9eed6c80,
0x000001ab9eeda790, 0x000001ab9eed7310, 0x000001ab9eedae20, 0x000001ab9eedc1d0,
0x000001ab9eedcef0, 0x000001ab9eedb4b0, 0x000001ab9eedefc0, 0x000001ab9eedf650,
0x000001ab9eedfce0, 0x000001ab9eede2a0, 0x000001ab9eedc860, 0x000001ab9eee0a00,
0x000001ab9eedd580, 0x000001ab9eee1090, 0x000001ab9eede930, 0x000001ab9eeddc10,
0x000001ab9eee1db0, 0x000001ab9eee1720, 0x000001ab9eee2440, 0x000001ab9eee37f0,
0x000001ab9eee3160, 0x000001ab9eee0370, 0x000001ab9eee58c0, 0x000001ab9eee4510,
0x000001ab9eee4ba0, 0x000001ab9eee5230, 0x000001ab9eee2ad0, 0x000001ab9eee65e0,
0x000001ab9eee7300, 0x000001ab9eee5f50, 0x000001ab9eee6c70, 0x000001ab9eee7990,
0x000001ab9e1e8190, 0x000001ab9e1f0b60, 0x000001ab9e283c30, 0x000001ab9e284950,
0x000001ab9e285670, 0x000001ab9e285d00, 0x000001ab9e2842c0, 0x000001ab9e282f10,
0x000001ab9e2835a0, 0x000001ab9e2870b0, 0x000001ab9e289ea0, 0x000001ab9e288460,
0x000001ab9e28abc0, 0x000001ab9e28a530, 0x000001ab9e28b250, 0x000001ab9e288af0,
0x000001ab9e287dd0, 0x000001ab9e286a20, 0x000001ab9e28b8e0, 0x000001ab9e28c600,
0x000001ab9e289810, 0x000001ab9e28f3f0, 0x000001ab9e28cc90, 0x000001ab9e28e040,
0x000001ab9e290110, 0x000001ab9e289180, 0x000001ab9e28d9b0, 0x000001ab9e28e6d0,
0x000001ab9e28d320, 0x000001ab9e28bf70, 0x000001ab9e290e30, 0x000001ab9e28fa80,
0x000001ab9e293590, 0x000001ab9e291b50, 0x000001ab9e2914c0, 0x000001ab9e2921e0,
0x000001ab9e28ed60, 0x000001ab9e294940, 0x000001ab9e294fd0, 0x000001ab9e295660,
0x000001ab9e295cf0, 0x000001ab9e2942b0, 0x000001ab9e296380, 0x000001ab9e292870,
0x000001ab9e293c20, 0x000001ab9e2907a0, 0x000001ab9e298ae0, 0x000001ab9e299e90,
0x000001ab9e296a10, 0x000001ab9e29a520, 0x000001ab9e2970a0, 0x000001ab9e299800,
0x000001ab9e299170, 0x000001ab9e297730, 0x000001ab9e29abb0, 0x000001ab9e29b240,
0x000001ab9e297dc0, 0x000001ab9e29b8d0, 0x000001ab9e298450, 0x000001ab9e29bf60,
0x000001ab9e29cc80, 0x000001ab9e292f00, 0x000001ab9e29e6c0, 0x000001ab9e2a0790,
0x000001ab9e29fa70, 0x000001ab9e29ed50, 0x000001ab9e2a0100, 0x000001ab9e29e030,
0x000001ab9e29d310, 0x000001ab9e2a14b0, 0x000001ab9e29d9a0, 0x000001ab9e2a21d0,
0x000001ab9e29f3e0, 0x000001ab9e284fe0, 0x000001ab9e29c5f0, 0x000001ab9eecb4c0,
0x000001ab9eee3e80, 0x000001ab9fc0deb0, 0x000001ab9fc0ebd0, 0x000001ab9fc0e540,
0x000001ab9fc0d820, 0x000001ab9fc0ff80, 0x000001ab9fc0f260, 0x000001ab9fc10610,
0x000001ab9fc0f8f0, 0x000001ab9fc0d190, 0x000001ab9fc11330, 0x000001ab9fc119c0,
0x000001ab9fc0cb00, 0x000001ab9fc126e0, 0x000001ab9fc12d70, 0x000001ab9fc13400,
0x000001ab9fc14120, 0x000001ab9fc12050, 0x000001ab9fc10ca0, 0x000001ab9fc16f10,
0x000001ab9fc15b60, 0x000001ab9fc14e40, 0x000001ab9fc13a90, 0x000001ab9fc175a0,
0x000001ab9fc161f0, 0x000001ab9fc147b0, 0x000001ab9fc19670, 0x000001ab9fc17c30,
0x000001ab9fc19d00, 0x000001ab9fc18950, 0x000001ab9fc182c0, 0x000001ab9fc18fe0,
0x000001ab9fc16880, 0x000001ab9fc1c460, 0x000001ab9fc1b0b0, 0x000001ab9fc1caf0,
0x000001ab9fc1b740, 0x000001ab9fc1a390, 0x000001ab9fc1d810, 0x000001ab9fc0c470,
0x000001ab9fc1dea0, 0x000001ab9fc1aa20, 0x000001ab9fc1ebc0, 0x000001ab9fc1e530,
0x000001ab9fc1f250, 0x000001ab9fc1bdd0, 0x000001ab9fc22d60, 0x000001ab9fc219b0,
0x000001ab9fc1d180, 0x000001ab9fc20c90, 0x000001ab9fc21320, 0x000001ab9fc22040,
0x000001ab9fc226d0, 0x000001ab9fc233f0, 0x000001ab9fc1ff70, 0x000001ab9fc261e0,
0x000001ab9fc154d0, 0x000001ab9fc247a0, 0x000001ab9fc24e30, 0x000001ab9fc25b50,
0x000001ab9fc254c0, 0x000001ab9fc26870, 0x000001ab9fc23a80, 0x000001ab9fc27c20,
0x000001ab9fc29cf0, 0x000001ab9fc29660, 0x000001ab9fc28fd0, 0x000001ab9fc282b0,
0x000001ab9fc28940, 0x000001ab9fc26f00, 0x000001ab9fc2b0a0, 0x000001ab9fc2d800,
0x000001ab9fc2d170, 0x000001ab9fc2b730, 0x000001ab9fc2aa10, 0x000001ab9fc2f240,
0x000001ab9fc2de90, 0x000001ab9fc2e520, 0x000001ab9fc2bdc0, 0x000001ab9fc2ebb0,
0x000001ab9fc2f8d0, 0x000001ab9fc2c450, 0x000001ab9fc2cae0, 0x000001ab9fc27590,
0x000001ab9fc2ff60, 0x000001ab9fc326c0, 0x000001ab9fc305f0, 0x000001ab9fc32030,
0x000001ab9fc31310, 0x000001ab9fc30c80, 0x000001ab9fbf2d90, 0x000001ab9fbf54f0,
0x000001ab9fbf3ab0, 0x000001ab9fbf4140, 0x000001ab9fbf47d0, 0x000001ab9fbf4e60,
0x000001ab9fbf2070, 0x000001ab9fbf8970, 0x000001ab9fbf7c50, 0x000001ab9fbf82e0,
0x000001ab9fbf6f30, 0x000001ab9fbf2700, 0x000001ab9fbf68a0, 0x000001ab9fbf3420,
0x000001ab9fbfa3b0, 0x000001ab9fbf9000, 0x000001ab9fbfaa40, 0x000001ab9fbf9d20,
0x000001ab9fbf9690, 0x000001ab9fbf75c0, 0x000001ab9fbfc480, 0x000001ab9fbfb760,
0x000001ab9fbfbdf0, 0x000001ab9fbfd1a0, 0x000001ab9fbfd830, 0x000001ab9fbfdec0,
0x000001ab9fbfe550, 0x000001ab9fbff900, 0x000001ab9fbfb0d0, 0x000001ab9fbfff90,
0x000001ab9fbff270, 0x000001ab9fbfcb10, 0x000001ab9fc03aa0, 0x000001ab9fc02d80,
0x000001ab9fc02060, 0x000001ab9fc01340, 0x000001ab9fc019d0, 0x000001ab9fc00620,
0x000001ab9fc00cb0, 0x000001ab9fbfebe0, 0x000001ab9fc05b70, 0x000001ab9fc03410,
0x000001ab9fc04e50, 0x000001ab9fc047c0, 0x000001ab9fc054e0, 0x000001ab9fc026f0,
0x000001ab9fc06200, 0x000001ab9fc06890, 0x000001ab9fc06f20, 0x000001ab9fc04130,
0x000001ab9fc09d10, 0x000001ab9fc07c40, 0x000001ab9fc082d0, 0x000001ab9fc0a3a0,
0x000001ab9fc0bde0, 0x000001ab9fc08ff0, 0x000001ab9fc09680, 0x000001ab9fc075b0,
0x000001ab9fc0aa30, 0x000001ab9fc0b750, 0x000001ab9fc0b0c0, 0x000001ab9e2a0e20,
0x000001ab9e2a1b40, 0x000001ab9fc24110, 0x000001ab9fc2a380, 0x000001ab9fc319a0,
0x000001ab9c9e8a60, 0x000001ab9fc08960, 0x000001ab9fe2d660, 0x000001ab9fe2bc20,
0x000001ab9fe2dcf0, 0x000001ab9fe2a870, 0x000001ab9fe2cfd0, 0x000001ab9fe2b590,
0x000001ab9fe2e380, 0x000001ab9fe2ea10, 0x000001ab9fe2f730, 0x000001ab9fe2c2b0,
0x000001ab9fe2fdc0, 0x000001ab9fe2c940, 0x000001ab9fe30450, 0x000001ab9fe32bb0,
0x000001ab9fe31800, 0x000001ab9fe31e90, 0x000001ab9fe30ae0, 0x000001ab9fe31170,
0x000001ab9fe2f0a0, 0x000001ab9fe359a0, 0x000001ab9fe36030, 0x000001ab9fe366c0,
0x000001ab9fe33240, 0x000001ab9fe345f0, 0x000001ab9fe34c80, 0x000001ab9fe32520,
0x000001ab9fe35310, 0x000001ab9fe338d0, 0x000001ab9fdf94f0, 0x000001ab9fdf6700,
0x000001ab9fdf8e60, 0x000001ab9fdf7ab0, 0x000001ab9fdf7420, 0x000001ab9fdf87d0,
0x000001ab9fdfbc50, 0x000001ab9fdf6070, 0x000001ab9fdfc2e0, 0x000001ab9fdf9b80,
0x000001ab9fdfb5c0, 0x000001ab9fdfd000, 0x000001ab9fdfd690, 0x000001ab9fdfa210,
0x000001ab9fdfdd20, 0x000001ab9fdfa8a0, 0x000001ab9fdfe3b0, 0x000001ab9fdfaf30,
0x000001ab9fe00480, 0x000001ab9fdff0d0, 0x000001ab9fdfea40, 0x000001ab9fdffdf0,
0x000001ab9fdfc970, 0x000001ab9fe02550, 0x000001ab9fe03270, 0x000001ab9fe00b10,
0x000001ab9fe02be0, 0x000001ab9fe03900, 0x000001ab9fe011a0, 0x000001ab9fdff760,
0x000001ab9fe01830, 0x000001ab9fe05340, 0x000001ab9fe03f90, 0x000001ab9fe01ec0,
0x000001ab9fe04620, 0x000001ab9fe06d80, 0x000001ab9fe07aa0, 0x000001ab9fe066f0,
0x000001ab9fe08130, 0x000001ab9fe04cb0, 0x000001ab9fe06060, 0x000001ab9fe087c0,
0x000001ab9fe08e50, 0x000001ab9fe059d0, 0x000001ab9fe0c2d0, 0x000001ab9fe094e0,
0x000001ab9fe0cff0, 0x000001ab9fe09b70, 0x000001ab9fe0a890, 0x000001ab9fe07410,
0x000001ab9fe0bc40, 0x000001ab9fe0af20, 0x000001ab9fe0e3a0, 0x000001ab9fe0c960,
0x000001ab9fe0d680, 0x000001ab9fe0b5b0, 0x000001ab9fe0ea30, 0x000001ab9fe0f0c0,
0x000001ab9fe0dd10, 0x000001ab9fe0f750, 0x000001ab9fe10470, 0x000001ab9fe13260,
0x000001ab9fe11190, 0x000001ab9fe138f0, 0x000001ab9fe0fde0, 0x000001ab9fe10b00,
0x000001ab9fe14610, 0x000001ab9fe14ca0, 0x000001ab9fe12540, 0x000001ab9fe13f80,
0x000001ab9fe15330, 0x000001ab9fe11eb0, 0x000001ab9fe16050, 0x000001ab9fe12bd0,
0x000001ab9fe17400, 0x000001ab9fe18120, 0x000001ab9fe17a90, 0x000001ab9fe16d70,
0x000001ab9fe187b0, 0x000001ab9fe166e0, 0x000001ab9fe18e40, 0x000001ab9fe1b5a0,
0x000001ab9fdf8140, 0x000001ab9fe159c0, 0x000001ab9fe1c950, 0x000001ab9fe1a880,
0x000001ab9fe1a1f0, 0x000001ab9fe1bc30, 0x000001ab9fe1c2c0, 0x000001ab9fe194d0,
0x000001ab9fe1f740, 0x000001ab9fe1e390, 0x000001ab9fe1dd00, 0x000001ab9fe1af10,
0x000001ab9fe20460, 0x000001ab9fe21180, 0x000001ab9fe21810, 0x000001ab9fe20af0,
0x000001ab9fe1ea20, 0x000001ab9fe11820, 0x000001ab9fe1d670, 0x000001ab9fe24600,
0x000001ab9fe24c90, 0x000001ab9fe22bc0, 0x000001ab9fe25320, 0x000001ab9fe21ea0,
0x000001ab9fe22530, 0x000001ab9fe259b0, 0x000001ab9fe1f0b0, 0x000001ab9fe1fdd0,
0x000001ab9fe26040, 0x000001ab9fe266d0, 0x000001ab9fe26d60, 0x000001ab9fe273f0,
0x000001ab9fe23f70, 0x000001ab9fe28110, 0x000001ab9fe27a80, 0x000001ab9fe238e0,
0x000001ab9fe2a1e0, 0x000001ab9fe28e30, 0x000001ab9fe294c0, 0x000001ab9fe29b50,
0x000001ab9fe2af00, 0x000001ab9c9e9780, 0x000001ab9c9e7d40, 0x000001ab9c9ebee0,
0x000001ab9fe23250, 0x000001ab9fbf5b80, 0x000001ab9fe287a0, 0x000001aba01c3590,
0x000001aba01c2f00, 0x000001aba01c2870, 0x000001aba01c4fd0, 0x000001aba01c3c20,
0x000001aba01c5cf0, 0x000001aba01c6a10, 0x000001aba01c42b0, 0x000001aba01c7730,
0x000001aba01c5660, 0x000001aba01c7dc0, 0x000001aba01c4940, 0x000001aba01c8450,
0x000001aba01cabb0, 0x000001aba01c8ae0, 0x000001aba01c9800, 0x000001aba01c9170,
0x000001aba01c6380, 0x000001aba01c70a0, 0x000001aba01cd9a0, 0x000001aba01ccc80,
0x000001aba01cd310, 0x000001aba01cb240, 0x000001aba01cc5f0, 0x000001aba01c9e90,
0x000001aba01ce030, 0x000001aba01ce6c0, 0x000001aba01914f0, 0x000001aba018ed90,
0x000001aba01907d0, 0x000001aba018f420, 0x000001aba0191b80, 0x000001aba018e070,
0x000001aba01928a0, 0x000001aba0192f30, 0x000001aba0192210, 0x000001aba0195d20,
0x000001aba01935c0, 0x000001aba0190140, 0x000001aba0196a40, 0x000001aba01cbf60,
0x000001aba01942e0, 0x000001aba0195690, 0x000001aba0194970, 0x000001aba01970d0,
0x000001aba01963b0, 0x000001aba0197760, 0x000001aba0198480, 0x000001aba019abe0,
0x000001aba0193c50, 0x000001aba0195000, 0x000001aba019b270, 0x000001aba019bf90,
0x000001aba01991a0, 0x000001aba019ccb0, 0x000001aba0199830, 0x000001aba019a550,
0x000001aba0198b10, 0x000001aba0197df0, 0x000001aba019ed80, 0x000001aba019b900,
0x000001aba019faa0, 0x000001aba019e060, 0x000001aba019d9d0, 0x000001aba019c620,
0x000001aba01a1b70, 0x000001aba01a14e0, 0x000001aba019e6f0, 0x000001aba01a07c0,
0x000001aba019f410, 0x000001aba019d340, 0x000001aba01a2200, 0x000001aba01a2890,
0x000001aba01a2f20, 0x000001aba01a0e50, 0x000001aba01a63a0, 0x000001aba01a35b0,
0x000001aba01a5d10, 0x000001aba01a3c40, 0x000001aba01a4960, 0x000001aba01a6a30,
0x000001aba01a42d0, 0x000001aba01a4ff0, 0x000001aba01a70c0, 0x000001aba01a7de0,
0x000001aba01a0130, 0x000001aba01a7750, 0x000001aba01a8b00, 0x000001aba01ab260,
0x000001aba01ab8f0, 0x000001aba01a9eb0, 0x000001aba01aabd0, 0x000001aba01a8470,
0x000001aba01ac610, 0x000001aba01abf80, 0x000001aba01a9190, 0x000001aba01a9820,
0x000001aba01afa90, 0x000001aba01ad9c0, 0x000001aba01b0120, 0x000001aba01b07b0,
0x000001aba01ae050, 0x000001aba01ad330, 0x000001aba01acca0, 0x000001aba01b0e40,
0x000001aba01af400, 0x000001aba01b1b60, 0x000001aba01b14d0, 0x000001aba01ae6e0,
0x000001aba01b21f0, 0x000001aba01b3c30, 0x000001aba01b2880, 0x000001aba01b6390,
0x000001aba01b42c0, 0x000001aba01b35a0, 0x000001aba01b5d00, 0x000001aba01b4950,
0x000001aba01b4fe0, 0x000001aba01b5670, 0x000001aba01b2f10, 0x000001aba01b9ea0,
0x000001aba01b8af0, 0x000001aba01b9180, 0x000001aba01b70b0, 0x000001aba01b7dd0,
0x000001aba01b7740, 0x000001aba01b9810, 0x000001aba01b6a20, 0x000001aba01ba530,
0x000001aba01be040, 0x000001aba01babc0, 0x000001aba01bb250, 0x000001aba01bb8e0,
0x000001aba01b8460, 0x000001aba01bd9b0, 0x000001aba01bed60, 0x000001aba01bcc90,
0x000001aba01bc600, 0x000001aba01bd320, 0x000001aba01be6d0, 0x000001aba01bbf70,
0x000001aba01c21e0, 0x000001aba01c07a0, 0x000001aba01bfa80, 0x000001aba01bf3f0,
0x000001aba01c0e30, 0x000001aba01c14c0, 0x000001aba01c1b50, 0x000001aba01aed70,
0x000001aba018e700, 0x000001aba01c0110, 0x000001aba01a5680, 0x000001ab9fc1f8e0,
0x000001ab9c9e9e10, 0x000001ab9fd76910, 0x000001ab9fd79700, 0x000001ab9fd77630,
0x000001ab9fd79070, 0x000001ab9fd77cc0, 0x000001ab9fd78350, 0x000001ab9fd7a420,
0x000001ab9fd76fa0, 0x000001ab9fd7b140, 0x000001ab9fd7b7d0, 0x000001ab9fd7df30,
0x000001ab9fd7e5c0, 0x000001ab9fd789e0, 0x000001ab9fd7c4f0, 0x000001ab9fd7aab0,
0x000001ab9fd7d210, 0x000001ab9fd79d90, 0x000001ab9fd80690, 0x000001ab9fd80d20,
0x000001ab9fd7f2e0, 0x000001ab9fd7d8a0, 0x000001ab9fd7cb80, 0x000001ab9fd820d0,
0x000001ab9fd81a40, 0x000001ab9fd80000, 0x000001ab9fd7f970, 0x000001ab9fd841a0,
0x000001ab9fd82df0, 0x000001ab9fd82760, 0x000001ab9fd813b0, 0x000001ab9fd7ec50,
0x000001ab9fd7be60, 0x000001ab9fd84830, 0x000001ab9fd85be0, 0x000001ab9fd86900,
0x000001ab9fd84ec0, 0x000001ab9fd86270, 0x000001ab9fd83480, 0x000001ab9fd86f90,
0x000001ab9fd83b10, 0x000001ab9fd88340, 0x000001ab9fd889d0, 0x000001ab9fd8aaa0,
0x000001ab9fd87cb0, 0x000001ab9fd8a410, 0x000001ab9fd89d80, 0x000001ab9fd89060,
0x000001ab9fd896f0, 0x000001ab9fd87620, 0x000001ab9fd8e5b0, 0x000001ab9fd8be50,
0x000001ab9fd8b130, 0x000001ab9fd8b7c0, 0x000001ab9fd8df20, 0x000001ab9fd8ec40,
0x000001ab9fd8f2d0, 0x000001ab9fd8f960, 0x000001ab9fd8c4e0, 0x000001ab9fd8fff0,
0x000001ab9fd8cb70, 0x000001ab9fd8d200, 0x000001ab9fd8d890, 0x000001ab9fd90680,
0x000001ab9fd920c0, 0x000001ab9fd93b00, 0x000001ab9fd92750, 0x000001ab9fd90d10,
0x000001ab9fd94190, 0x000001ab9fd94820, 0x000001ab9fd913a0, 0x000001ab9fd94eb0,
0x000001ab9fd91a30, 0x000001ab9fd93470, 0x000001ab9fd95bd0, 0x000001ab9fd92de0,
0x000001ab9fd95540, 0x000001ab9fd97ca0, 0x000001ab9fd98330, 0x000001ab9fd996e0,
0x000001ab9fd968f0, 0x000001ab9fd97610, 0x000001ab9fd99050, 0x000001ab9fd989c0,
0x000001ab9fd96260, 0x000001ab9fd99d70, 0x000001ab9fd9a400, 0x000001ab9fd96f80,
0x000001ab9fd9d880, 0x000001ab9fd9b7b0, 0x000001ab9fd9df10, 0x000001ab9fd9be40,
0x000001ab9fd9aa90, 0x000001ab9fd9c4d0, 0x000001ab9fd9cb60, 0x000001ab9fd9e5a0,
0x000001ab9fd9b120, 0x000001ab9fd9ec30, 0x000001ab9fd9f2c0, 0x000001ab9fda0670,
0x000001ab9fd9f950, 0x000001ab9fd9ffe0, 0x000001ab9fd9d1f0, 0x000001ab9fda2740,
0x000001ab9fda3af0, 0x000001ab9fda2dd0, 0x000001ab9fda3460, 0x000001ab9fda4180,
0x000001ab9fda0d00, 0x000001ab9fda4810, 0x000001ab9fda20b0, 0x000001ab9fda1390,
0x000001ab9fda4ea0, 0x000001ab9fda1a20, 0x000001ab9fda6f70, 0x000001ab9fda7c90,
0x000001ab9fda7600, 0x000001ab9fda8320, 0x000001ab9fda89b0, 0x000001ab9fda5bc0,
0x000001ab9fda5530, 0x000001ab9fda68e0, 0x000001ab9fda96d0, 0x000001ab9fda6250,
0x000001ab9fda9040, 0x000001ab9fdaaa80, 0x000001ab9fda9d60, 0x000001ab9fdaa3f0,
0x000001ab9fdacb50, 0x000001ab9fdab7a0, 0x000001ab9fdadf00, 0x000001ab9fdae590,
0x000001ab9fdabe30, 0x000001ab9fdac4c0, 0x000001ab9fdab110, 0x000001ab9fdaec20,
0x000001ab9fdaf2b0, 0x000001ab9fdad1e0, 0x000001ab9fdaf940, 0x000001ab9fdad870,
0x000001ab9fdb20a0, 0x000001ab9fdb1380, 0x000001ab9fdb0660, 0x000001ab9fdb2dc0,
0x000001ab9fdb3450, 0x000001ab9fdb2730, 0x000001ab9fdb1a10, 0x000001ab9fdb0cf0,
0x000001ab9fdaffd0, 0x000001ab9fdb4170, 0x000001ab9fdb5520, 0x000001ab9fdb4e90,
0x000001ab9fdb3ae0, 0x000001ab9fdb68d0, 0x000001ab9fdb4800, 0x000001ab9fdb5bb0,
0x000001ab9fdb6240, 0x000001abaca2d8f0, 0x000001abaca2beb0, 0x000001abaca2e610,
0x000001abaca2f330, 0x000001abaca2f9c0, 0x000001abaca306e0, 0x000001abaca32120,
0x000001abaca327b0, 0x000001abaca35c30, 0x000001abaca355a0, 0x000001abaca37d00,
0x000001abaca390b0, 0x000001abaca38390, 0x000001abaca2c540, 0x000001abaca48a10,
0x000001abaca46940, 0x000001abaca48380, 0x000001abaca462b0, 0x000001abaca49dc0,
0x000001abaca47660, 0x000001abaca4d240, 0x000001abaca4cbb0, 0x000001abaca32e40,
0x000001abaca4aae0, 0x000001abaca4c520, 0x000001abaca4a450, 0x000001abaca47cf0,
0x000001abaca46fd0, 0x000001abaca4b170, 0x000001abaca50d50, 0x000001abaca506c0,
0x000001abaca4e5f0, 0x000001abaca30050, 0x000001abaca2d260, 0x000001abaca33b60,
0x000001abaca34880, 0x000001abaca31a90, 0x000001abaca39740, 0x000001abaca4ec80,
0x000001abaca4b800, 0x000001abaca4df60, 0x000001abaca49730, 0x000001abaca36950,
0x000001abaca37670, 0x000001abaca3df70, 0x000001abaca3d8e0, 0x000001abaca3d250,
0x000001abaca3cbc0, 0x000001abaca3b180, 0x000001abaca406d0, 0x000001abaca40040,
0x000001abaca434c0, 0x000001abaca44870, 0x000001abaca4be90, 0x000001abaca4f9a0,
0x000001abaca50030, 0x000001abaca54860, 0x000001abaca55580, 0x000001abaca58a00,
0x000001abaca56930, 0x000001abaca5aad0, 0x000001abaca541d0, 0x000001abaca59720,
0x000001abaca5d8c0, 0x000001abaca5e5e0, 0x000001abaca5f990, 0x000001abaca2df80,
0x000001abaca30d70, 0x000001abaca362c0, 0x000001abaca3bea0, 0x000001abaca3f9b0,
0x000001abaca413f0, 0x000001abaca3ec90, 0x000001abaca41a80, 0x000001abaca39dd0,
0x000001abaca3a460, 0x000001abaca36fe0, 0x000001abaca3f320, 0x000001abaca3c530,
0x000001abaca3e600, 0x000001abaca42e30, 0x000001abaca40d60, 0x000001abaca43b50,
0x000001abaca45590, 0x000001abaca4f310, 0x000001abaca44f00, 0x000001abaca4d8d0,
0x000001abaca490a0, 0x000001abaca441e0, 0x000001abaca2cbd0, 0x000001abaca34f10,
0x000001abaca427a0, 0x000001abaca45c20, 0x000001abaca341f0, 0x000001abaca3aaf0,
0x000001abaca334d0, 0x000001abaca42110, 0x000001abaca52100, 0x000001abaca513e0,
0x000001abaca52790, 0x000001abaca3b810, 0x000001abaca31400
}

Java Threads: ( => current thread )
  0x000001ab3aa62630 JavaThread "main"                              [_thread_blocked, id=12964, stack(0x00000036f4c00000,0x00000036f4d00000) (1024K)]
  0x000001ab3ab0e7f0 JavaThread "Reference Handler"          daemon [_thread_blocked, id=4960, stack(0x00000036f5000000,0x00000036f5100000) (1024K)]
  0x000001ab53175df0 JavaThread "Finalizer"                  daemon [_thread_blocked, id=14348, stack(0x00000036f5100000,0x00000036f5200000) (1024K)]
  0x000001ab531791e0 JavaThread "Signal Dispatcher"          daemon [_thread_blocked, id=7864, stack(0x00000036f5200000,0x00000036f5300000) (1024K)]
  0x000001ab53180600 JavaThread "Attach Listener"            daemon [_thread_blocked, id=14388, stack(0x00000036f5300000,0x00000036f5400000) (1024K)]
  0x000001ab53183070 JavaThread "Service Thread"             daemon [_thread_blocked, id=15520, stack(0x00000036f5400000,0x00000036f5500000) (1024K)]
  0x000001ab53183ad0 JavaThread "Monitor Deflation Thread"   daemon [_thread_blocked, id=12836, stack(0x00000036f5500000,0x00000036f5600000) (1024K)]
=>0x000001ab53184910 JavaThread "C2 CompilerThread0"         daemon [_thread_in_native, id=16800, stack(0x00000036f5600000,0x00000036f5700000) (1024K)]
  0x000001ab531c6c60 JavaThread "C1 CompilerThread0"         daemon [_thread_blocked, id=12728, stack(0x00000036f5700000,0x00000036f5800000) (1024K)]
  0x000001ab99125bb0 JavaThread "Common-Cleaner"             daemon [_thread_blocked, id=14772, stack(0x00000036f5800000,0x00000036f5900000) (1024K)]
  0x000001ab991eb1e0 JavaThread "Notification Thread"        daemon [_thread_blocked, id=13976, stack(0x00000036f5900000,0x00000036f5a00000) (1024K)]
  0x000001ab995e1f80 JavaThread "Active Thread: Equinox Container: b3d14aff-e0a5-4505-b402-0838dab51447"        [_thread_blocked, id=3392, stack(0x00000036f6100000,0x00000036f6200000) (1024K)]
  0x000001ab532010d0 JavaThread "Framework Event Dispatcher: Equinox Container: b3d14aff-e0a5-4505-b402-0838dab51447" daemon [_thread_blocked, id=3420, stack(0x00000036f6200000,0x00000036f6300000) (1024K)]
  0x000001ab998dcf50 JavaThread "Start Level: Equinox Container: b3d14aff-e0a5-4505-b402-0838dab51447" daemon [_thread_blocked, id=15396, stack(0x00000036f6300000,0x00000036f6400000) (1024K)]
  0x000001ab9987ae70 JavaThread "Bundle File Closer"         daemon [_thread_blocked, id=14140, stack(0x00000036f6400000,0x00000036f6500000) (1024K)]
  0x000001ab99f8e0a0 JavaThread "Refresh Thread: Equinox Container: b3d14aff-e0a5-4505-b402-0838dab51447" daemon [_thread_blocked, id=10804, stack(0x00000036f6500000,0x00000036f6600000) (1024K)]
  0x000001ab99f8e730 JavaThread "SCR Component Actor"        daemon [_thread_blocked, id=16476, stack(0x00000036f6600000,0x00000036f6700000) (1024K)]
  0x000001ab99f90e90 JavaThread "Worker-JM"                         [_thread_blocked, id=17032, stack(0x00000036f5d00000,0x00000036f5e00000) (1024K)]
  0x000001ab99f8f450 JavaThread "Worker-0: Initialize workspace"        [_thread_blocked, id=15064, stack(0x00000036f5e00000,0x00000036f5f00000) (1024K)]
  0x000001ab99f90170 JavaThread "Worker-1: Initialize workspace"        [_thread_blocked, id=6360, stack(0x00000036f5f00000,0x00000036f6000000) (1024K)]
  0x000001ab99f91520 JavaThread "Worker-2: Initialize workspace"        [_thread_blocked, id=8640, stack(0x00000036f6000000,0x00000036f6100000) (1024K)]
  0x000001ab99f8edc0 JavaThread "Java indexing"              daemon [_thread_in_Java, id=14368, stack(0x00000036f6700000,0x00000036f6800000) (1024K)]
  0x000001ab99f90800 JavaThread "JNA Cleaner"                daemon [_thread_blocked, id=1240, stack(0x00000036f6900000,0x00000036f6a00000) (1024K)]
  0x000001ab9a3e9fa0 JavaThread "pool-2-thread-1"                   [_thread_blocked, id=8316, stack(0x00000036f6e00000,0x00000036f6f00000) (1024K)]
  0x000001ab9a3ea630 JavaThread "WorkspaceEventsHandler"            [_thread_blocked, id=6256, stack(0x00000036f6f00000,0x00000036f7000000) (1024K)]
  0x000001ab9a3ec070 JavaThread "pool-1-thread-1"                   [_thread_blocked, id=10840, stack(0x00000036f7000000,0x00000036f7100000) (1024K)]
  0x000001ab9b6a7e80 JavaThread "Timer-0"                           [_thread_blocked, id=14176, stack(0x00000036f4a00000,0x00000036f4b00000) (1024K)]
  0x000001ab9b6a6ad0 JavaThread "Timer-1"                           [_thread_blocked, id=252, stack(0x00000036f4b00000,0x00000036f4c00000) (1024K)]
  0x000001ab9b6a8ba0 JavaThread "Timer-2"                           [_thread_blocked, id=3292, stack(0x00000036f6800000,0x00000036f6900000) (1024K)]
  0x000001ab9b6aa5e0 JavaThread "Timer-3"                           [_thread_blocked, id=16576, stack(0x00000036f6c00000,0x00000036f6d00000) (1024K)]
  0x000001ab9b6a7160 JavaThread "Timer-4"                           [_thread_blocked, id=4628, stack(0x00000036f6d00000,0x00000036f6e00000) (1024K)]
  0x000001ab9a3e9280 JavaThread "Timer-5"                           [_thread_blocked, id=3976, stack(0x00000036f6a00000,0x00000036f6b00000) (1024K)]
  0x000001ab9a3e9910 JavaThread "Timer-6"                           [_thread_blocked, id=8900, stack(0x00000036f7100000,0x00000036f7200000) (1024K)]
  0x000001ab9b6ad3d0 JavaThread "Worker-7: Initialize workspace"        [_thread_blocked, id=13324, stack(0x00000036f7200000,0x00000036f7300000) (1024K)]
  0x000001ab9b6ada60 JavaThread "Timer-7"                           [_thread_blocked, id=9888, stack(0x00000036f7400000,0x00000036f7500000) (1024K)]
  0x000001ab9b6ac6b0 JavaThread "Worker-10: Initialize workspace"        [_thread_blocked, id=9924, stack(0x00000036f7600000,0x00000036f7700000) (1024K)]
  0x000001ab9c9edfb0 JavaThread "Timer-8"                           [_thread_blocked, id=812, stack(0x00000036f8100000,0x00000036f8200000) (1024K)]
  0x000001ab9c9ed920 JavaThread "Timer-9"                           [_thread_blocked, id=12492, stack(0x00000036f8200000,0x00000036f8300000) (1024K)]
  0x000001ab9c9ee640 JavaThread "Timer-10"                          [_thread_blocked, id=11144, stack(0x00000036f8300000,0x00000036f8400000) (1024K)]
  0x000001ab9f2c62d0 JavaThread "Timer-11"                          [_thread_blocked, id=12992, stack(0x00000036f8400000,0x00000036f8500000) (1024K)]
  0x000001ab9f2c6ff0 JavaThread "Timer-12"                          [_thread_blocked, id=11532, stack(0x00000036f8600000,0x00000036f8700000) (1024K)]
  0x000001ab9f2c7680 JavaThread "Timer-13"                          [_thread_blocked, id=13380, stack(0x00000036f8500000,0x00000036f8600000) (1024K)]
  0x000001ab9f2c5c40 JavaThread "Timer-14"                          [_thread_blocked, id=11396, stack(0x00000036f8700000,0x00000036f8800000) (1024K)]
  0x000001ab9f2c6960 JavaThread "Timer-15"                          [_thread_blocked, id=11252, stack(0x00000036f8800000,0x00000036f8900000) (1024K)]
  0x000001ab9f2c55b0 JavaThread "Timer-16"                          [_thread_blocked, id=5748, stack(0x00000036f8900000,0x00000036f8a00000) (1024K)]
  0x000001ab9f2c83a0 JavaThread "Timer-17"                          [_thread_blocked, id=3852, stack(0x00000036f8a00000,0x00000036f8b00000) (1024K)]
  0x000001ab9f2c8a30 JavaThread "Timer-18"                          [_thread_blocked, id=13780, stack(0x00000036f8c00000,0x00000036f8d00000) (1024K)]
  0x000001ab9f2c4f20 JavaThread "Timer-19"                          [_thread_blocked, id=12168, stack(0x00000036f8b00000,0x00000036f8c00000) (1024K)]
  0x000001ab9f2cbeb0 JavaThread "Timer-20"                          [_thread_blocked, id=14540, stack(0x00000036f8e00000,0x00000036f8f00000) (1024K)]
  0x000001ab9f2cab00 JavaThread "Timer-21"                          [_thread_blocked, id=13368, stack(0x00000036f8d00000,0x00000036f8e00000) (1024K)]
  0x000001ab9f2ca470 JavaThread "Timer-22"                          [_thread_blocked, id=11416, stack(0x00000036f8f00000,0x00000036f9000000) (1024K)]
  0x000001ab9f2cb190 JavaThread "Timer-23"                          [_thread_blocked, id=3156, stack(0x00000036f9000000,0x00000036f9100000) (1024K)]
  0x000001ab9f2c90c0 JavaThread "Timer-24"                          [_thread_blocked, id=10448, stack(0x00000036f9100000,0x00000036f9200000) (1024K)]
  0x000001ab9f2c9de0 JavaThread "Timer-25"                          [_thread_blocked, id=14020, stack(0x00000036f9200000,0x00000036f9300000) (1024K)]
  0x000001ab9f2c7d10 JavaThread "Timer-26"                          [_thread_blocked, id=14180, stack(0x00000036f9300000,0x00000036f9400000) (1024K)]
  0x000001ab9f2cb820 JavaThread "Timer-27"                          [_thread_blocked, id=2716, stack(0x00000036f9400000,0x00000036f9500000) (1024K)]
  0x000001ab9f2cc540 JavaThread "Timer-28"                          [_thread_blocked, id=7988, stack(0x00000036f9500000,0x00000036f9600000) (1024K)]
  0x000001ab9c9ecc00 JavaThread "Timer-29"                          [_thread_blocked, id=17256, stack(0x00000036f9600000,0x00000036f9700000) (1024K)]
  0x000001ab9a6e78b0 JavaThread "Timer-30"                          [_thread_blocked, id=8888, stack(0x00000036f9700000,0x00000036f9800000) (1024K)]
  0x000001ab9a6e5e70 JavaThread "Timer-31"                          [_thread_blocked, id=15940, stack(0x00000036f9800000,0x00000036f9900000) (1024K)]
  0x000001ab9a6e7f40 JavaThread "Timer-32"                          [_thread_blocked, id=6164, stack(0x00000036f9900000,0x00000036f9a00000) (1024K)]
  0x000001ab9a6e9980 JavaThread "Timer-33"                          [_thread_blocked, id=5512, stack(0x00000036f9a00000,0x00000036f9b00000) (1024K)]
  0x000001ab9a6e6500 JavaThread "Timer-34"                          [_thread_blocked, id=5600, stack(0x00000036f9c00000,0x00000036f9d00000) (1024K)]
  0x000001ab9a6ea010 JavaThread "Timer-35"                          [_thread_blocked, id=16876, stack(0x00000036f9b00000,0x00000036f9c00000) (1024K)]
  0x000001ab9a6e92f0 JavaThread "Timer-36"                          [_thread_blocked, id=10172, stack(0x00000036f9d00000,0x00000036f9e00000) (1024K)]
  0x000001ab9a6ec0e0 JavaThread "Worker-11: Initialize workspace"        [_thread_blocked, id=14700, stack(0x00000036fa100000,0x00000036fa200000) (1024K)]
  0x000001ab9a6e6b90 JavaThread "Timer-37"                          [_thread_blocked, id=2432, stack(0x00000036f9e00000,0x00000036f9f00000) (1024K)]
  0x000001ab9a6ea6a0 JavaThread "Timer-38"                          [_thread_blocked, id=5828, stack(0x00000036fa000000,0x00000036fa100000) (1024K)]
  0x000001ab9a6e7220 JavaThread "Timer-39"                          [_thread_blocked, id=15348, stack(0x00000036f9f00000,0x00000036fa000000) (1024K)]
  0x000001ab9a6ead30 JavaThread "Timer-40"                          [_thread_blocked, id=12788, stack(0x00000036fa200000,0x00000036fa300000) (1024K)]
  0x000001ab9a6ec770 JavaThread "Timer-41"                          [_thread_blocked, id=3688, stack(0x00000036fa300000,0x00000036fa400000) (1024K)]
  0x000001ab9a6ece00 JavaThread "Timer-42"                          [_thread_blocked, id=14988, stack(0x00000036fa500000,0x00000036fa600000) (1024K)]
  0x000001ab9a6eb3c0 JavaThread "Timer-43"                          [_thread_blocked, id=4156, stack(0x00000036fa400000,0x00000036fa500000) (1024K)]
  0x000001ab9f2c9750 JavaThread "Timer-44"                          [_thread_blocked, id=8972, stack(0x00000036fa700000,0x00000036fa800000) (1024K)]
  0x000001ab9ca0e530 JavaThread "Worker-12: Initialize workspace"        [_thread_blocked, id=8160, stack(0x00000036faa00000,0x00000036fab00000) (1024K)]
  0x000001ab9ca0c460 JavaThread "Timer-45"                          [_thread_blocked, id=14868, stack(0x00000036fa600000,0x00000036fa700000) (1024K)]
  0x000001ab9ca0f8e0 JavaThread "Timer-46"                          [_thread_blocked, id=13360, stack(0x00000036fab00000,0x00000036fac00000) (1024K)]
  0x000001ab9ca0ebc0 JavaThread "Timer-47"                          [_thread_blocked, id=11256, stack(0x00000036fa800000,0x00000036fa900000) (1024K)]
  0x000001ab9ca0ff70 JavaThread "Timer-48"                          [_thread_blocked, id=1152, stack(0x00000036fa900000,0x00000036faa00000) (1024K)]
  0x000001ab9ca0caf0 JavaThread "Timer-49"                          [_thread_blocked, id=68, stack(0x00000036fac00000,0x00000036fad00000) (1024K)]
  0x000001ab9ca10600 JavaThread "Timer-50"                          [_thread_blocked, id=10336, stack(0x00000036fae00000,0x00000036faf00000) (1024K)]
  0x000001ab9ca0d180 JavaThread "Timer-51"                          [_thread_blocked, id=10420, stack(0x00000036fad00000,0x00000036fae00000) (1024K)]
  0x000001ab9ca10c90 JavaThread "Timer-52"                          [_thread_blocked, id=14448, stack(0x00000036fb000000,0x00000036fb100000) (1024K)]
  0x000001ab9ca0dea0 JavaThread "Worker-13: Initialize workspace"        [_thread_blocked, id=4544, stack(0x00000036fb200000,0x00000036fb300000) (1024K)]
  0x000001ab9ca0d810 JavaThread "Timer-53"                          [_thread_blocked, id=8276, stack(0x00000036faf00000,0x00000036fb000000) (1024K)]
  0x000001ab9ca119b0 JavaThread "Timer-54"                          [_thread_blocked, id=10720, stack(0x00000036fb100000,0x00000036fb200000) (1024K)]
  0x000001ab9ca126d0 JavaThread "Timer-55"                          [_thread_blocked, id=14268, stack(0x00000036fb300000,0x00000036fb400000) (1024K)]
  0x000001ab9ca11320 JavaThread "Timer-56"                          [_thread_blocked, id=2764, stack(0x00000036fb400000,0x00000036fb500000) (1024K)]
  0x000001ab9ca12040 JavaThread "Timer-57"                          [_thread_blocked, id=2656, stack(0x00000036fb500000,0x00000036fb600000) (1024K)]
  0x000001ab9ca12d60 JavaThread "Timer-58"                          [_thread_blocked, id=14272, stack(0x00000036fb600000,0x00000036fb700000) (1024K)]
  0x000001ab9ca133f0 JavaThread "Timer-59"                          [_thread_blocked, id=8496, stack(0x00000036fb700000,0x00000036fb800000) (1024K)]
  0x000001ab9ca13a80 JavaThread "Timer-60"                          [_thread_blocked, id=728, stack(0x00000036fb900000,0x00000036fba00000) (1024K)]
  0x000001ab9ee58180 JavaThread "Worker-14: Initialize workspace"        [_thread_blocked, id=14024, stack(0x00000036fbb00000,0x00000036fbc00000) (1024K)]
  0x000001ab9ee59530 JavaThread "Timer-61"                          [_thread_blocked, id=14380, stack(0x00000036fb800000,0x00000036fb900000) (1024K)]
  0x000001ab9ee58810 JavaThread "Timer-62"                          [_thread_blocked, id=9116, stack(0x00000036fbc00000,0x00000036fbd00000) (1024K)]
  0x000001ab9ee59bc0 JavaThread "Timer-63"                          [_thread_blocked, id=16672, stack(0x00000036fba00000,0x00000036fbb00000) (1024K)]
  0x000001ab9ee5a250 JavaThread "Timer-64"                          [_thread_blocked, id=8112, stack(0x00000036fbd00000,0x00000036fbe00000) (1024K)]
  0x000001ab9ee5a8e0 JavaThread "Timer-65"                          [_thread_blocked, id=7232, stack(0x00000036fbe00000,0x00000036fbf00000) (1024K)]
  0x000001ab9ee5af70 JavaThread "Timer-66"                          [_thread_blocked, id=11312, stack(0x00000036fc000000,0x00000036fc100000) (1024K)]
  0x000001ab9ee57460 JavaThread "Timer-67"                          [_thread_blocked, id=10624, stack(0x00000036fbf00000,0x00000036fc000000) (1024K)]
  0x000001ab9ee57af0 JavaThread "Timer-68"                          [_thread_blocked, id=14488, stack(0x00000036fc200000,0x00000036fc300000) (1024K)]
  0x000001ab9ee5dd60 JavaThread "Timer-69"                          [_thread_blocked, id=13904, stack(0x00000036fc100000,0x00000036fc200000) (1024K)]
  0x000001ab9ee5bc90 JavaThread "Timer-70"                          [_thread_blocked, id=1840, stack(0x00000036fc300000,0x00000036fc400000) (1024K)]
  0x000001ab9ee5e3f0 JavaThread "Timer-71"                          [_thread_blocked, id=16148, stack(0x00000036fc500000,0x00000036fc600000) (1024K)]
  0x000001ab9ee5c320 JavaThread "Timer-72"                          [_thread_blocked, id=12104, stack(0x00000036f7d00000,0x00000036f7e00000) (1024K)]
  0x000001ab9ee58ea0 JavaThread "Timer-73"                          [_thread_blocked, id=15380, stack(0x00000036f8000000,0x00000036f8100000) (1024K)]
  0x000001ab9ee5d6d0 JavaThread "Timer-74"                          [_thread_blocked, id=7928, stack(0x00000036fc700000,0x00000036fc800000) (1024K)]
  0x000001ab9ee5ea80 JavaThread "Timer-75"                          [_thread_blocked, id=12132, stack(0x00000036fc600000,0x00000036fc700000) (1024K)]
  0x000001ab9a6e57e0 JavaThread "Timer-76"                          [_thread_blocked, id=14332, stack(0x00000036fc800000,0x00000036fc900000) (1024K)]
  0x000001ab9b6acd40 JavaThread "Worker-16: Initialize workspace"        [_thread_blocked, id=14884, stack(0x00000036fcb00000,0x00000036fcc00000) (1024K)]
  0x000001ab9ca0f250 JavaThread "Timer-77"                          [_thread_blocked, id=6520, stack(0x00000036fc900000,0x00000036fca00000) (1024K)]
  0x000001ab9c9eb1c0 JavaThread "Timer-78"                          [_thread_blocked, id=15172, stack(0x00000036fca00000,0x00000036fcb00000) (1024K)]
  0x000001ab9a6eba50 JavaThread "Timer-79"                          [_thread_blocked, id=7724, stack(0x00000036fcc00000,0x00000036fcd00000) (1024K)]
  0x000001ab9cfb25e0 JavaThread "Timer-80"                          [_thread_blocked, id=13328, stack(0x00000036fce00000,0x00000036fcf00000) (1024K)]
  0x000001ab9cfaf160 JavaThread "Timer-81"                          [_thread_blocked, id=10456, stack(0x00000036fcf00000,0x00000036fd000000) (1024K)]
  0x000001ab9cfb3300 JavaThread "Timer-82"                          [_thread_blocked, id=10980, stack(0x00000036fd000000,0x00000036fd100000) (1024K)]
  0x000001ab9cfafe80 JavaThread "Timer-83"                          [_thread_blocked, id=12388, stack(0x00000036fd100000,0x00000036fd200000) (1024K)]
  0x000001ab9cfb0510 JavaThread "Timer-84"                          [_thread_blocked, id=16952, stack(0x00000036fd300000,0x00000036fd400000) (1024K)]
  0x000001ab9cfb3990 JavaThread "Timer-85"                          [_thread_blocked, id=12508, stack(0x00000036fd200000,0x00000036fd300000) (1024K)]
  0x000001ab9cfb2c70 JavaThread "Timer-86"                          [_thread_blocked, id=10324, stack(0x00000036fd400000,0x00000036fd500000) (1024K)]
  0x000001ab9cfb0ba0 JavaThread "Timer-87"                          [_thread_blocked, id=13472, stack(0x00000036fd500000,0x00000036fd600000) (1024K)]
  0x000001ab9cfaf7f0 JavaThread "Timer-88"                          [_thread_blocked, id=12148, stack(0x00000036fd600000,0x00000036fd700000) (1024K)]
  0x000001ab9cfb46b0 JavaThread "Timer-89"                          [_thread_blocked, id=17224, stack(0x00000036fd700000,0x00000036fd800000) (1024K)]
  0x000001ab9cfb4d40 JavaThread "Timer-90"                          [_thread_blocked, id=1868, stack(0x00000036fd800000,0x00000036fd900000) (1024K)]
  0x000001ab9cfb1f50 JavaThread "Timer-91"                          [_thread_blocked, id=16804, stack(0x00000036fdb00000,0x00000036fdc00000) (1024K)]
  0x000001ab9cfb18c0 JavaThread "Timer-92"                          [_thread_blocked, id=6236, stack(0x00000036fdc00000,0x00000036fdd00000) (1024K)]
  0x000001ab9cfb5a60 JavaThread "Worker-18: Initialize workspace"        [_thread_blocked, id=13892, stack(0x00000036fdf00000,0x00000036fe000000) (1024K)]
  0x000001ab9cfb53d0 JavaThread "Timer-93"                          [_thread_blocked, id=3780, stack(0x00000036fdd00000,0x00000036fde00000) (1024K)]
  0x000001ab9cfb60f0 JavaThread "Timer-94"                          [_thread_blocked, id=3612, stack(0x00000036fde00000,0x00000036fdf00000) (1024K)]
  0x000001ab9cfb6780 JavaThread "Timer-95"                          [_thread_blocked, id=15100, stack(0x00000036fe000000,0x00000036fe100000) (1024K)]
  0x000001ab9efb9b20 JavaThread "Timer-96"                          [_thread_blocked, id=14848, stack(0x00000036fe100000,0x00000036fe200000) (1024K)]
  0x000001ab9efba1b0 JavaThread "Timer-97"                          [_thread_blocked, id=5412, stack(0x00000036fe200000,0x00000036fe300000) (1024K)]
  0x000001ab9efbb560 JavaThread "Timer-98"                          [_thread_blocked, id=1908, stack(0x00000036fe400000,0x00000036fe500000) (1024K)]
  0x000001ab9efbbbf0 JavaThread "Timer-99"                          [_thread_blocked, id=13656, stack(0x00000036fe300000,0x00000036fe400000) (1024K)]
  0x000001ab9efb8770 JavaThread "Timer-100"                         [_thread_blocked, id=12476, stack(0x00000036fe500000,0x00000036fe600000) (1024K)]
  0x000001ab9efbc280 JavaThread "Timer-101"                         [_thread_blocked, id=16816, stack(0x00000036fe600000,0x00000036fe700000) (1024K)]
  0x000001ab9efbaed0 JavaThread "Timer-102"                         [_thread_blocked, id=9156, stack(0x00000036fe700000,0x00000036fe800000) (1024K)]
  0x000001ab9efbc910 JavaThread "Timer-103"                         [_thread_blocked, id=9504, stack(0x00000036fe900000,0x00000036fea00000) (1024K)]
  0x000001ab9efbdcc0 JavaThread "Timer-104"                         [_thread_blocked, id=13424, stack(0x00000036fea00000,0x00000036feb00000) (1024K)]
  0x000001ab9efba840 JavaThread "Timer-105"                         [_thread_blocked, id=17104, stack(0x00000036feb00000,0x00000036fec00000) (1024K)]
  0x000001ab9efbe350 JavaThread "Timer-106"                         [_thread_blocked, id=17392, stack(0x00000036fec00000,0x00000036fed00000) (1024K)]
  0x000001ab9efbe9e0 JavaThread "Timer-107"                         [_thread_blocked, id=15376, stack(0x00000036fed00000,0x00000036fee00000) (1024K)]
  0x000001ab9efbf700 JavaThread "Timer-108"                         [_thread_blocked, id=11336, stack(0x00000036fee00000,0x00000036fef00000) (1024K)]
  0x000001ab9cfb1230 JavaThread "Worker-20: Initialize workspace"        [_thread_blocked, id=11584, stack(0x00000036ff100000,0x00000036ff200000) (1024K)]
  0x000001ab9efbf070 JavaThread "Timer-109"                         [_thread_blocked, id=5900, stack(0x00000036fef00000,0x00000036ff000000) (1024K)]
  0x000001ab9efbfd90 JavaThread "Timer-110"                         [_thread_blocked, id=14240, stack(0x00000036ff000000,0x00000036ff100000) (1024K)]
  0x000001ab9e9eb140 JavaThread "Timer-111"                         [_thread_blocked, id=16144, stack(0x00000036ff200000,0x00000036ff300000) (1024K)]
  0x000001ab9e9e7cc0 JavaThread "Timer-112"                         [_thread_blocked, id=2088, stack(0x00000036ff300000,0x00000036ff400000) (1024K)]
  0x000001ab9e9eb7d0 JavaThread "Timer-113"                         [_thread_blocked, id=14108, stack(0x00000036ff400000,0x00000036ff500000) (1024K)]
  0x000001ab9e9ebe60 JavaThread "Timer-114"                         [_thread_blocked, id=4588, stack(0x00000036ff600000,0x00000036ff700000) (1024K)]
  0x000001ab9e9e8350 JavaThread "Timer-115"                         [_thread_blocked, id=12404, stack(0x00000036ff500000,0x00000036ff600000) (1024K)]
  0x000001ab9e9e89e0 JavaThread "Timer-116"                         [_thread_blocked, id=9588, stack(0x00000036ff700000,0x00000036ff800000) (1024K)]
  0x000001ab9e9e9700 JavaThread "Timer-117"                         [_thread_blocked, id=13608, stack(0x00000036ff800000,0x00000036ff900000) (1024K)]
  0x000001ab9e9ec4f0 JavaThread "Timer-118"                         [_thread_blocked, id=13896, stack(0x00000036ff900000,0x00000036ffa00000) (1024K)]
  0x000001ab9e9ecb80 JavaThread "Timer-119"                         [_thread_blocked, id=6932, stack(0x00000036ffb00000,0x00000036ffc00000) (1024K)]
  0x000001ab9e9ed8a0 JavaThread "Timer-120"                         [_thread_blocked, id=5540, stack(0x00000036ffc00000,0x00000036ffd00000) (1024K)]
  0x000001ab9e9edf30 JavaThread "Timer-121"                         [_thread_blocked, id=7292, stack(0x00000036ffd00000,0x00000036ffe00000) (1024K)]
  0x000001ab9e9eaab0 JavaThread "Timer-122"                         [_thread_blocked, id=7336, stack(0x00000036ffe00000,0x00000036fff00000) (1024K)]
  0x000001ab9e9ee5c0 JavaThread "Timer-123"                         [_thread_blocked, id=14164, stack(0x00000036fff00000,0x0000003700000000) (1024K)]
  0x000001ab9e9eec50 JavaThread "Timer-124"                         [_thread_blocked, id=11624, stack(0x0000003680100000,0x0000003680200000) (1024K)]
  0x000001ab9dff1e30 JavaThread "Timer-125"                         [_thread_blocked, id=13828, stack(0x0000003680000000,0x0000003680100000) (1024K)]
  0x000001ab9dff03f0 JavaThread "Timer-126"                         [_thread_blocked, id=15252, stack(0x0000003680400000,0x0000003680500000) (1024K)]
  0x000001ab9dff1110 JavaThread "Timer-127"                         [_thread_blocked, id=13344, stack(0x0000003680200000,0x0000003680300000) (1024K)]
  0x000001ab9dff2b50 JavaThread "Timer-128"                         [_thread_blocked, id=10032, stack(0x0000003680600000,0x0000003680700000) (1024K)]
  0x000001ab9dff31e0 JavaThread "Timer-129"                         [_thread_blocked, id=2860, stack(0x0000003680700000,0x0000003680800000) (1024K)]
  0x000001ab9dfefd60 JavaThread "Timer-130"                         [_thread_blocked, id=14788, stack(0x0000003680800000,0x0000003680900000) (1024K)]
  0x000001ab9dff4c20 JavaThread "Timer-131"                         [_thread_blocked, id=14784, stack(0x0000003680900000,0x0000003680a00000) (1024K)]
  0x000001ab9dff6cf0 JavaThread "Timer-132"                         [_thread_blocked, id=11700, stack(0x0000003680b00000,0x0000003680c00000) (1024K)]
  0x000001ab9dff3870 JavaThread "Worker-23: Initialize workspace"        [_thread_blocked, id=14340, stack(0x0000003680d00000,0x0000003680e00000) (1024K)]
  0x000001ab9dff7380 JavaThread "Timer-133"                         [_thread_blocked, id=11596, stack(0x0000003680a00000,0x0000003680b00000) (1024K)]
  0x000001ab9dff5fd0 JavaThread "Timer-134"                         [_thread_blocked, id=17220, stack(0x0000003680e00000,0x0000003680f00000) (1024K)]
  0x000001ab9dff6660 JavaThread "Timer-135"                         [_thread_blocked, id=3148, stack(0x0000003680c00000,0x0000003680d00000) (1024K)]
  0x000001ab9dff3f00 JavaThread "Timer-136"                         [_thread_blocked, id=11632, stack(0x0000003680f00000,0x0000003681000000) (1024K)]
  0x000001ab9dff4590 JavaThread "Timer-137"                         [_thread_blocked, id=10660, stack(0x0000003681000000,0x0000003681100000) (1024K)]
  0x000001ab9dff7a10 JavaThread "Timer-138"                         [_thread_blocked, id=7472, stack(0x0000003681200000,0x0000003681300000) (1024K)]
  0x000001ab9dff80a0 JavaThread "Timer-139"                         [_thread_blocked, id=16500, stack(0x0000003681100000,0x0000003681200000) (1024K)]
  0x000001ab9dff8730 JavaThread "Timer-140"                         [_thread_blocked, id=10424, stack(0x0000003681400000,0x0000003681500000) (1024K)]
  0x000001ab9dff8dc0 JavaThread "Worker-24: Initialize workspace"        [_thread_blocked, id=14352, stack(0x0000003681600000,0x0000003681700000) (1024K)]
  0x000001ab9dff52b0 JavaThread "Timer-141"                         [_thread_blocked, id=13420, stack(0x0000003681300000,0x0000003681400000) (1024K)]
  0x000001ab9dffbbb0 JavaThread "Timer-142"                         [_thread_blocked, id=2376, stack(0x0000003681700000,0x0000003681800000) (1024K)]
  0x000001ab9dff9450 JavaThread "Timer-143"                         [_thread_blocked, id=6548, stack(0x0000003681500000,0x0000003681600000) (1024K)]
  0x000001ab9dffa170 JavaThread "Timer-144"                         [_thread_blocked, id=788, stack(0x0000003681800000,0x0000003681900000) (1024K)]
  0x000001ab9dffa800 JavaThread "Timer-145"                         [_thread_blocked, id=4172, stack(0x0000003681900000,0x0000003681a00000) (1024K)]
  0x000001ab9dffc240 JavaThread "Timer-146"                         [_thread_blocked, id=2328, stack(0x0000003681b00000,0x0000003681c00000) (1024K)]
  0x000001ab9dffae90 JavaThread "Timer-147"                         [_thread_blocked, id=16584, stack(0x0000003681a00000,0x0000003681b00000) (1024K)]
  0x000001ab9dffb520 JavaThread "Timer-148"                         [_thread_blocked, id=16444, stack(0x0000003681d00000,0x0000003681e00000) (1024K)]
  0x000001ab9dffc8d0 JavaThread "Worker-25: Initialize workspace"        [_thread_blocked, id=16188, stack(0x0000003682000000,0x0000003682100000) (1024K)]
  0x000001ab9dff9ae0 JavaThread "Timer-149"                         [_thread_blocked, id=10816, stack(0x0000003681c00000,0x0000003681d00000) (1024K)]
  0x000001ab9dffdc80 JavaThread "Timer-150"                         [_thread_blocked, id=10640, stack(0x0000003681f00000,0x0000003682000000) (1024K)]
  0x000001ab9dffe9a0 JavaThread "Timer-151"                         [_thread_blocked, id=15132, stack(0x0000003681e00000,0x0000003681f00000) (1024K)]
  0x000001ab9dffd5f0 JavaThread "Timer-152"                         [_thread_blocked, id=11000, stack(0x0000003682100000,0x0000003682200000) (1024K)]
  0x000001ab9dffcf60 JavaThread "Timer-153"                         [_thread_blocked, id=13028, stack(0x0000003682200000,0x0000003682300000) (1024K)]
  0x000001ab9e9e9d90 JavaThread "Timer-154"                         [_thread_blocked, id=5560, stack(0x0000003682300000,0x0000003682400000) (1024K)]
  0x000001ab9dffe310 JavaThread "Timer-155"                         [_thread_blocked, id=12100, stack(0x0000003682400000,0x0000003682500000) (1024K)]
  0x000001ab9dfff030 JavaThread "Timer-156"                         [_thread_blocked, id=2488, stack(0x0000003682600000,0x0000003682700000) (1024K)]
  0x000001ab9f2522f0 JavaThread "Worker-26: Initialize workspace"        [_thread_blocked, id=11380, stack(0x0000003682800000,0x0000003682900000) (1024K)]
  0x000001ab9f24ee70 JavaThread "Timer-157"                         [_thread_blocked, id=12780, stack(0x0000003682500000,0x0000003682600000) (1024K)]
  0x000001ab9f250f40 JavaThread "Timer-158"                         [_thread_blocked, id=6028, stack(0x0000003682900000,0x0000003682a00000) (1024K)]
  0x000001ab9f24f500 JavaThread "Timer-159"                         [_thread_blocked, id=13960, stack(0x0000003682700000,0x0000003682800000) (1024K)]
  0x000001ab9f2515d0 JavaThread "Timer-160"                         [_thread_blocked, id=10472, stack(0x0000003682a00000,0x0000003682b00000) (1024K)]
  0x000001ab9f252980 JavaThread "Timer-161"                         [_thread_blocked, id=9408, stack(0x0000003682b00000,0x0000003682c00000) (1024K)]
  0x000001ab9f253010 JavaThread "Timer-162"                         [_thread_blocked, id=14656, stack(0x0000003682d00000,0x0000003682e00000) (1024K)]
  0x000001ab9f24fb90 JavaThread "Timer-163"                         [_thread_blocked, id=6580, stack(0x0000003682c00000,0x0000003682d00000) (1024K)]
  0x000001ab9f2536a0 JavaThread "Timer-164"                         [_thread_blocked, id=10400, stack(0x0000003682f00000,0x0000003683000000) (1024K)]
  0x000001ab9f2543c0 JavaThread "Worker-27: Initialize workspace"        [_thread_blocked, id=17268, stack(0x0000003683100000,0x0000003683200000) (1024K)]
  0x000001ab9f250220 JavaThread "Timer-165"                         [_thread_blocked, id=16756, stack(0x0000003682e00000,0x0000003682f00000) (1024K)]
  0x000001ab9f2508b0 JavaThread "Timer-166"                         [_thread_blocked, id=5860, stack(0x0000003683300000,0x0000003683400000) (1024K)]
  0x000001ab9f254a50 JavaThread "Timer-167"                         [_thread_blocked, id=5628, stack(0x0000003683000000,0x0000003683100000) (1024K)]
  0x000001ab9f253d30 JavaThread "Timer-168"                         [_thread_blocked, id=628, stack(0x0000003683200000,0x0000003683300000) (1024K)]
  0x000001ab9f251c60 JavaThread "Timer-169"                         [_thread_blocked, id=10124, stack(0x0000003683400000,0x0000003683500000) (1024K)]
  0x000001ab9f255e00 JavaThread "Timer-170"                         [_thread_blocked, id=8232, stack(0x0000003683600000,0x0000003683700000) (1024K)]
  0x000001ab9f256b20 JavaThread "Timer-171"                         [_thread_blocked, id=16424, stack(0x0000003683500000,0x0000003683600000) (1024K)]
  0x000001ab9f2571b0 JavaThread "Timer-172"                         [_thread_blocked, id=15208, stack(0x0000003683800000,0x0000003683900000) (1024K)]
  0x000001ab9f257840 JavaThread "Timer-173"                         [_thread_blocked, id=8124, stack(0x0000003683700000,0x0000003683800000) (1024K)]
  0x000001ab9f258560 JavaThread "Timer-174"                         [_thread_blocked, id=8100, stack(0x0000003683900000,0x0000003683a00000) (1024K)]
  0x000001ab9f258bf0 JavaThread "Timer-175"                         [_thread_blocked, id=14936, stack(0x0000003683a00000,0x0000003683b00000) (1024K)]
  0x000001ab9f259280 JavaThread "Timer-176"                         [_thread_blocked, id=16404, stack(0x0000003683c00000,0x0000003683d00000) (1024K)]
  0x000001ab9f259910 JavaThread "Timer-177"                         [_thread_blocked, id=8072, stack(0x0000003683d00000,0x0000003683e00000) (1024K)]
  0x000001ab9f25b9e0 JavaThread "Timer-178"                         [_thread_blocked, id=2932, stack(0x0000003683f00000,0x0000003684000000) (1024K)]
  0x000001ab9f256490 JavaThread "Timer-179"                         [_thread_blocked, id=13524, stack(0x0000003683e00000,0x0000003683f00000) (1024K)]
  0x000001ab9f259fa0 JavaThread "Timer-180"                         [_thread_blocked, id=14080, stack(0x0000003684100000,0x0000003684200000) (1024K)]
  0x000001ab9f25c700 JavaThread "Timer-181"                         [_thread_blocked, id=12528, stack(0x0000003684000000,0x0000003684100000) (1024K)]
  0x000001ab9f25c070 JavaThread "Timer-182"                         [_thread_blocked, id=14300, stack(0x0000003684400000,0x0000003684500000) (1024K)]
  0x000001ab9f25d420 JavaThread "Timer-183"                         [_thread_blocked, id=13528, stack(0x0000003684200000,0x0000003684300000) (1024K)]
  0x000001ab9f25cd90 JavaThread "Timer-184"                         [_thread_blocked, id=988, stack(0x0000003684500000,0x0000003684600000) (1024K)]
  0x000001ab9f25dab0 JavaThread "Timer-185"                         [_thread_blocked, id=14128, stack(0x0000003684600000,0x0000003684700000) (1024K)]
  0x000001ab9f25a630 JavaThread "Timer-186"                         [_thread_blocked, id=6708, stack(0x0000003684700000,0x0000003684800000) (1024K)]
  0x000001ab9f25e140 JavaThread "Timer-187"                         [_thread_blocked, id=12160, stack(0x0000003684800000,0x0000003684900000) (1024K)]
  0x000001ab9f25acc0 JavaThread "Timer-188"                         [_thread_blocked, id=7704, stack(0x0000003684a00000,0x0000003684b00000) (1024K)]
  0x000001ab9dff17a0 JavaThread "Worker-30: Initialize workspace"        [_thread_blocked, id=14888, stack(0x0000003684e00000,0x0000003684f00000) (1024K)]
  0x000001ab9efb9490 JavaThread "Timer-189"                         [_thread_blocked, id=14384, stack(0x0000003684900000,0x0000003684a00000) (1024K)]
  0x000001ab9c9ea4a0 JavaThread "Timer-190"                         [_thread_blocked, id=2152, stack(0x0000003684b00000,0x0000003684c00000) (1024K)]
  0x000001ab9e9ef2e0 JavaThread "Timer-191"                         [_thread_blocked, id=17136, stack(0x0000003684f00000,0x0000003685000000) (1024K)]
  0x000001ab9e5e4510 JavaThread "Timer-192"                         [_thread_blocked, id=5100, stack(0x0000003685000000,0x0000003685100000) (1024K)]
  0x000001ab9e5e58c0 JavaThread "Timer-193"                         [_thread_blocked, id=5632, stack(0x0000003685100000,0x0000003685200000) (1024K)]
  0x000001ab9e5e6c70 JavaThread "Timer-194"                         [_thread_blocked, id=13348, stack(0x0000003685300000,0x0000003685400000) (1024K)]
  0x000001ab9e5e37f0 JavaThread "Timer-195"                         [_thread_blocked, id=4440, stack(0x0000003685200000,0x0000003685300000) (1024K)]
  0x000001ab9e5e5f50 JavaThread "Timer-196"                         [_thread_blocked, id=11092, stack(0x0000003685500000,0x0000003685600000) (1024K)]
  0x000001ab9e5e65e0 JavaThread "Worker-31: Initialize workspace"        [_thread_blocked, id=14000, stack(0x0000003685700000,0x0000003685800000) (1024K)]
  0x000001ab9e5e7300 JavaThread "Timer-197"                         [_thread_blocked, id=2212, stack(0x0000003685400000,0x0000003685500000) (1024K)]
  0x000001ab9e5e3e80 JavaThread "Timer-198"                         [_thread_blocked, id=528, stack(0x0000003685800000,0x0000003685900000) (1024K)]
  0x000001ab9e5e7990 JavaThread "Timer-199"                         [_thread_blocked, id=14260, stack(0x0000003685600000,0x0000003685700000) (1024K)]
  0x000001ab9e5e4ba0 JavaThread "Timer-200"                         [_thread_blocked, id=3980, stack(0x0000003685900000,0x0000003685a00000) (1024K)]
  0x000001ab9e5e5230 JavaThread "Timer-201"                         [_thread_blocked, id=5104, stack(0x0000003685a00000,0x0000003685b00000) (1024K)]
  0x000001ab9e5e9a60 JavaThread "Timer-202"                         [_thread_blocked, id=8880, stack(0x0000003685b00000,0x0000003685c00000) (1024K)]
  0x000001ab9e5e86b0 JavaThread "Timer-203"                         [_thread_blocked, id=16396, stack(0x0000003685c00000,0x0000003685d00000) (1024K)]
  0x000001ab9e5ea780 JavaThread "Timer-204"                         [_thread_blocked, id=2896, stack(0x0000003685e00000,0x0000003685f00000) (1024K)]
  0x000001ab9e5eae10 JavaThread "Worker-32: Initialize workspace"        [_thread_blocked, id=12320, stack(0x0000003686000000,0x0000003686100000) (1024K)]
  0x000001ab9e5e8d40 JavaThread "Timer-205"                         [_thread_blocked, id=12724, stack(0x0000003685d00000,0x0000003685e00000) (1024K)]
  0x000001ab9e5ea0f0 JavaThread "Timer-206"                         [_thread_blocked, id=15856, stack(0x0000003685f00000,0x0000003686000000) (1024K)]
  0x000001ab9e5eb4a0 JavaThread "Timer-207"                         [_thread_blocked, id=14412, stack(0x0000003686100000,0x0000003686200000) (1024K)]
  0x000001ab9e5ebb30 JavaThread "Timer-208"                         [_thread_blocked, id=13820, stack(0x0000003686200000,0x0000003686300000) (1024K)]
  0x000001ab9e5ec1c0 JavaThread "Timer-209"                         [_thread_blocked, id=15160, stack(0x0000003686300000,0x0000003686400000) (1024K)]
  0x000001ab9e5ec850 JavaThread "Timer-210"                         [_thread_blocked, id=4344, stack(0x0000003686500000,0x0000003686600000) (1024K)]
  0x000001ab9e5e93d0 JavaThread "Timer-211"                         [_thread_blocked, id=16708, stack(0x0000003686400000,0x0000003686500000) (1024K)]
  0x000001ab9e5f0360 JavaThread "Timer-212"                         [_thread_blocked, id=16612, stack(0x0000003686700000,0x0000003686800000) (1024K)]
  0x000001ab9e5ed570 JavaThread "Worker-33: Initialize workspace"        [_thread_blocked, id=11428, stack(0x0000003686900000,0x0000003686a00000) (1024K)]
  0x000001ab9e5ee920 JavaThread "Timer-213"                         [_thread_blocked, id=3352, stack(0x0000003686600000,0x0000003686700000) (1024K)]
  0x000001ab9e5edc00 JavaThread "Timer-214"                         [_thread_blocked, id=4444, stack(0x0000003686a00000,0x0000003686b00000) (1024K)]
  0x000001ab9e5ee290 JavaThread "Timer-215"                         [_thread_blocked, id=13532, stack(0x0000003686800000,0x0000003686900000) (1024K)]
  0x000001ab9e5eefb0 JavaThread "Timer-216"                         [_thread_blocked, id=13384, stack(0x0000003686b00000,0x0000003686c00000) (1024K)]
  0x000001ab9e5ef640 JavaThread "Timer-217"                         [_thread_blocked, id=11620, stack(0x0000003686c00000,0x0000003686d00000) (1024K)]
  0x000001ab9e5ecee0 JavaThread "Timer-218"                         [_thread_blocked, id=13508, stack(0x0000003686e00000,0x0000003686f00000) (1024K)]
  0x000001ab9e5f2ac0 JavaThread "Timer-219"                         [_thread_blocked, id=17252, stack(0x0000003686d00000,0x0000003686e00000) (1024K)]
  0x000001ab9e5efcd0 JavaThread "Timer-220"                         [_thread_blocked, id=15924, stack(0x0000003687000000,0x0000003687100000) (1024K)]
  0x000001ab9e5f2430 JavaThread "Worker-34: Initialize workspace"        [_thread_blocked, id=7852, stack(0x0000003687300000,0x0000003687400000) (1024K)]
  0x000001ab9e5f1710 JavaThread "Timer-221"                         [_thread_blocked, id=5652, stack(0x0000003686f00000,0x0000003687000000) (1024K)]
  0x000001ab9e5f1da0 JavaThread "Timer-222"                         [_thread_blocked, id=17292, stack(0x0000003687100000,0x0000003687200000) (1024K)]
  0x000001ab9e5f09f0 JavaThread "Timer-223"                         [_thread_blocked, id=13004, stack(0x0000003687200000,0x0000003687300000) (1024K)]
  0x000001ab9e5e8020 JavaThread "Timer-224"                         [_thread_blocked, id=2400, stack(0x0000003687400000,0x0000003687500000) (1024K)]
  0x000001ab9e5f1080 JavaThread "Timer-225"                         [_thread_blocked, id=8012, stack(0x0000003687500000,0x0000003687600000) (1024K)]
  0x000001ab9eb6cce0 JavaThread "Timer-226"                         [_thread_blocked, id=4424, stack(0x0000003687700000,0x0000003687800000) (1024K)]
  0x000001ab9eb6da00 JavaThread "Timer-227"                         [_thread_blocked, id=6692, stack(0x0000003687600000,0x0000003687700000) (1024K)]
  0x000001ab9eb6e090 JavaThread "Timer-228"                         [_thread_blocked, id=14768, stack(0x0000003687900000,0x0000003687a00000) (1024K)]
  0x000001ab9eb707f0 JavaThread "Worker-35: Initialize workspace"        [_thread_blocked, id=17168, stack(0x0000003687c00000,0x0000003687d00000) (1024K)]
  0x000001ab9eb6edb0 JavaThread "Timer-229"                         [_thread_blocked, id=12236, stack(0x0000003687800000,0x0000003687900000) (1024K)]
  0x000001ab9eb70160 JavaThread "Timer-230"                         [_thread_blocked, id=13800, stack(0x0000003687a00000,0x0000003687b00000) (1024K)]
  0x000001ab9eb6fad0 JavaThread "Timer-231"                         [_thread_blocked, id=14192, stack(0x0000003687b00000,0x0000003687c00000) (1024K)]
  0x000001ab9eb70e80 JavaThread "Timer-232"                         [_thread_blocked, id=1816, stack(0x0000003687d00000,0x0000003687e00000) (1024K)]
  0x000001ab9eb71510 JavaThread "Timer-233"                         [_thread_blocked, id=12848, stack(0x0000003687e00000,0x0000003687f00000) (1024K)]
  0x000001ab9eb6e720 JavaThread "Timer-234"                         [_thread_blocked, id=9100, stack(0x0000003688000000,0x0000003688100000) (1024K)]
  0x000001ab9eb71ba0 JavaThread "Timer-235"                         [_thread_blocked, id=2912, stack(0x0000003687f00000,0x0000003688000000) (1024K)]
  0x000001ab9eb72230 JavaThread "Timer-236"                         [_thread_blocked, id=7288, stack(0x0000003688100000,0x0000003688200000) (1024K)]
  0x000001ab9eb75d40 JavaThread "Worker-36: Initialize workspace"        [_thread_blocked, id=7572, stack(0x0000003688500000,0x0000003688600000) (1024K)]
  0x000001ab9eb728c0 JavaThread "Timer-237"                         [_thread_blocked, id=1480, stack(0x0000003688200000,0x0000003688300000) (1024K)]
  0x000001ab9eb6f440 JavaThread "Timer-238"                         [_thread_blocked, id=10900, stack(0x0000003688300000,0x0000003688400000) (1024K)]
  0x000001ab9eb74990 JavaThread "Timer-239"                         [_thread_blocked, id=15600, stack(0x0000003688400000,0x0000003688500000) (1024K)]
  0x000001ab9eb74300 JavaThread "Timer-240"                         [_thread_blocked, id=448, stack(0x0000003688600000,0x0000003688700000) (1024K)]
  0x000001ab9eb75020 JavaThread "Timer-241"                         [_thread_blocked, id=13928, stack(0x0000003688700000,0x0000003688800000) (1024K)]
  0x000001ab9eb73c70 JavaThread "Timer-242"                         [_thread_blocked, id=8492, stack(0x0000003688800000,0x0000003688900000) (1024K)]
  0x000001ab9eb756b0 JavaThread "Timer-243"                         [_thread_blocked, id=15088, stack(0x0000003688900000,0x0000003688a00000) (1024K)]
  0x000001ab9eb763d0 JavaThread "Timer-244"                         [_thread_blocked, id=11520, stack(0x0000003688b00000,0x0000003688c00000) (1024K)]
  0x000001ab9eb72f50 JavaThread "Timer-245"                         [_thread_blocked, id=2616, stack(0x0000003688a00000,0x0000003688b00000) (1024K)]
  0x000001ab9eb76a60 JavaThread "Timer-246"                         [_thread_blocked, id=8632, stack(0x0000003688d00000,0x0000003688e00000) (1024K)]
  0x000001ab9eb735e0 JavaThread "Timer-247"                         [_thread_blocked, id=640, stack(0x0000003688c00000,0x0000003688d00000) (1024K)]
  0x000001ab9eb791c0 JavaThread "Worker-37: Initialize workspace"        [_thread_blocked, id=8476, stack(0x0000003689000000,0x0000003689100000) (1024K)]
  0x000001ab9eb784a0 JavaThread "Worker-38: Initialize workspace"        [_thread_blocked, id=15464, stack(0x0000003689100000,0x0000003689200000) (1024K)]
  0x000001ab9eb77780 JavaThread "Timer-248"                         [_thread_blocked, id=13708, stack(0x0000003688f00000,0x0000003689000000) (1024K)]
  0x000001ab9eb79850 JavaThread "Timer-249"                         [_thread_blocked, id=3048, stack(0x0000003689200000,0x0000003689300000) (1024K)]
  0x000001ab9eb79ee0 JavaThread "Timer-250"                         [_thread_blocked, id=14684, stack(0x0000003689300000,0x0000003689400000) (1024K)]
  0x000001ab9eb78b30 JavaThread "Timer-251"                         [_thread_blocked, id=1432, stack(0x0000003689400000,0x0000003689500000) (1024K)]
  0x000001ab9eb77e10 JavaThread "Timer-252"                         [_thread_blocked, id=6588, stack(0x0000003689600000,0x0000003689700000) (1024K)]
  0x000001ab9eb7a570 JavaThread "Timer-253"                         [_thread_blocked, id=17120, stack(0x0000003680500000,0x0000003680600000) (1024K)]
  0x000001ab9eb770f0 JavaThread "Timer-254"                         [_thread_blocked, id=12624, stack(0x0000003689500000,0x0000003689600000) (1024K)]
  0x000001ab9eb7ac00 JavaThread "Timer-255"                         [_thread_blocked, id=12280, stack(0x0000003689700000,0x0000003689800000) (1024K)]
  0x000001ab9eb7b290 JavaThread "Timer-256"                         [_thread_blocked, id=14644, stack(0x0000003689800000,0x0000003689900000) (1024K)]
  0x000001ab9eb7b920 JavaThread "Timer-257"                         [_thread_blocked, id=5624, stack(0x0000003689900000,0x0000003689a00000) (1024K)]
  0x000001ab9f2550e0 JavaThread "Timer-258"                         [_thread_blocked, id=16368, stack(0x0000003689b00000,0x0000003689c00000) (1024K)]
  0x000001ab9eb7bfb0 JavaThread "Timer-259"                         [_thread_blocked, id=16236, stack(0x0000003689a00000,0x0000003689b00000) (1024K)]
  0x000001ab9de7ad30 JavaThread "Timer-260"                         [_thread_blocked, id=7020, stack(0x0000003689d00000,0x0000003689e00000) (1024K)]
  0x000001ab9de785d0 JavaThread "Timer-261"                         [_thread_blocked, id=14960, stack(0x0000003689c00000,0x0000003689d00000) (1024K)]
  0x000001ab9de79980 JavaThread "Timer-262"                         [_thread_blocked, id=16408, stack(0x0000003689f00000,0x000000368a000000) (1024K)]
  0x000001ab9de77f40 JavaThread "Timer-263"                         [_thread_blocked, id=5480, stack(0x000000368a000000,0x000000368a100000) (1024K)]
  0x000001ab9de7a010 JavaThread "Timer-264"                         [_thread_blocked, id=9004, stack(0x000000368a200000,0x000000368a300000) (1024K)]
  0x000001ab9de7a6a0 JavaThread "Timer-265"                         [_thread_blocked, id=2128, stack(0x000000368a300000,0x000000368a400000) (1024K)]
  0x000001ab9de78c60 JavaThread "Timer-266"                         [_thread_blocked, id=3368, stack(0x000000368a500000,0x000000368a600000) (1024K)]
  0x000001ab9de7c770 JavaThread "Timer-267"                         [_thread_blocked, id=5036, stack(0x000000368a400000,0x000000368a500000) (1024K)]
  0x000001ab9de792f0 JavaThread "Timer-268"                         [_thread_blocked, id=10084, stack(0x000000368a700000,0x000000368a800000) (1024K)]
  0x000001ab9de7d490 JavaThread "Timer-269"                         [_thread_blocked, id=7012, stack(0x0000003688e00000,0x0000003688f00000) (1024K)]
  0x000001ab9de7f560 JavaThread "Timer-270"                         [_thread_blocked, id=17016, stack(0x000000368a800000,0x000000368a900000) (1024K)]
  0x000001ab9de7fbf0 JavaThread "Timer-271"                         [_thread_blocked, id=16480, stack(0x000000368a600000,0x000000368a700000) (1024K)]
  0x000001ab9de7ce00 JavaThread "Worker-40: Initialize workspace"        [_thread_blocked, id=13400, stack(0x000000368ab00000,0x000000368ac00000) (1024K)]
  0x000001ab9de7c0e0 JavaThread "Timer-272"                         [_thread_blocked, id=9920, stack(0x000000368a900000,0x000000368aa00000) (1024K)]
  0x000001ab9de80280 JavaThread "Timer-273"                         [_thread_blocked, id=17312, stack(0x000000368aa00000,0x000000368ab00000) (1024K)]
  0x000001ab9de80fa0 JavaThread "Timer-274"                         [_thread_blocked, id=15960, stack(0x000000368ad00000,0x000000368ae00000) (1024K)]
  0x000001ab9de7db20 JavaThread "Timer-275"                         [_thread_blocked, id=8016, stack(0x000000368ac00000,0x000000368ad00000) (1024K)]
  0x000001ab9de81630 JavaThread "Timer-276"                         [_thread_blocked, id=2000, stack(0x000000368af00000,0x000000368b000000) (1024K)]
  0x000001ab9de80910 JavaThread "Timer-277"                         [_thread_blocked, id=2416, stack(0x000000368ae00000,0x000000368af00000) (1024K)]
  0x000001ab9de81cc0 JavaThread "Timer-278"                         [_thread_blocked, id=17140, stack(0x000000368b000000,0x000000368b100000) (1024K)]
  0x000001ab9de7e840 JavaThread "Timer-279"                         [_thread_blocked, id=14828, stack(0x000000368b100000,0x000000368b200000) (1024K)]
  0x000001ab9de83d90 JavaThread "Worker-41: Initialize workspace"        [_thread_blocked, id=8172, stack(0x000000368b400000,0x000000368b500000) (1024K)]
  0x000001ab9de7eed0 JavaThread "Timer-280"                         [_thread_blocked, id=11176, stack(0x000000368b200000,0x000000368b300000) (1024K)]
  0x000001ab9de82350 JavaThread "Timer-281"                         [_thread_blocked, id=11516, stack(0x000000368b300000,0x000000368b400000) (1024K)]
  0x000001ab9de83070 JavaThread "Timer-282"                         [_thread_blocked, id=16928, stack(0x000000368b500000,0x000000368b600000) (1024K)]
  0x000001ab9de84ab0 JavaThread "Timer-283"                         [_thread_blocked, id=5668, stack(0x000000368b600000,0x000000368b700000) (1024K)]
  0x000001ab9de84420 JavaThread "Timer-284"                         [_thread_blocked, id=14168, stack(0x000000368b800000,0x000000368b900000) (1024K)]
  0x000001ab9de829e0 JavaThread "Timer-285"                         [_thread_blocked, id=832, stack(0x000000368b700000,0x000000368b800000) (1024K)]
  0x000001ab9de83700 JavaThread "Timer-286"                         [_thread_blocked, id=14704, stack(0x000000368ba00000,0x000000368bb00000) (1024K)]
  0x000001ab9de86b80 JavaThread "Timer-287"                         [_thread_blocked, id=3412, stack(0x000000368b900000,0x000000368ba00000) (1024K)]
  0x000001ab9de85e60 JavaThread "Worker-42: Initialize workspace"        [_thread_blocked, id=6788, stack(0x000000368bd00000,0x000000368be00000) (1024K)]
  0x000001ab9de864f0 JavaThread "Worker-43: Initialize workspace"        [_thread_blocked, id=15232, stack(0x000000368be00000,0x000000368bf00000) (1024K)]
  0x000001ab9de85140 JavaThread "Timer-288"                         [_thread_blocked, id=15432, stack(0x000000368bb00000,0x000000368bc00000) (1024K)]
  0x000001ab9de87f30 JavaThread "Timer-289"                         [_thread_blocked, id=16420, stack(0x000000368bc00000,0x000000368bd00000) (1024K)]
  0x000001ab9de885c0 JavaThread "Timer-290"                         [_thread_blocked, id=14688, stack(0x000000368bf00000,0x000000368c000000) (1024K)]
  0x000001ab9de88c50 JavaThread "Timer-291"                         [_thread_blocked, id=1172, stack(0x000000368c000000,0x000000368c100000) (1024K)]
  0x000001ab9de857d0 JavaThread "Timer-292"                         [_thread_blocked, id=7848, stack(0x000000368c100000,0x000000368c200000) (1024K)]
  0x000001ab9de892e0 JavaThread "Timer-293"                         [_thread_blocked, id=4652, stack(0x000000368c200000,0x000000368c300000) (1024K)]
  0x000001ab9de89970 JavaThread "Timer-294"                         [_thread_blocked, id=7444, stack(0x000000368c300000,0x000000368c400000) (1024K)]
  0x000001ab9de8a000 JavaThread "Timer-295"                         [_thread_blocked, id=15860, stack(0x000000368c400000,0x000000368c500000) (1024K)]
  0x000001ab9de8a690 JavaThread "Timer-296"                         [_thread_blocked, id=17248, stack(0x000000368c500000,0x000000368c600000) (1024K)]
  0x000001ab9de87210 JavaThread "Timer-297"                         [_thread_blocked, id=7460, stack(0x000000368c600000,0x000000368c700000) (1024K)]
  0x000001ab9de8ad20 JavaThread "Timer-298"                         [_thread_blocked, id=14856, stack(0x000000368c800000,0x000000368c900000) (1024K)]
  0x000001ab9de878a0 JavaThread "Timer-299"                         [_thread_blocked, id=1096, stack(0x000000368c700000,0x000000368c800000) (1024K)]
  0x000001ab9de8b3b0 JavaThread "Timer-300"                         [_thread_blocked, id=7960, stack(0x000000368ca00000,0x000000368cb00000) (1024K)]
  0x000001ab9de8cdf0 JavaThread "Timer-301"                         [_thread_blocked, id=9176, stack(0x000000368c900000,0x000000368ca00000) (1024K)]
  0x000001ab9de8ba40 JavaThread "Timer-302"                         [_thread_blocked, id=10112, stack(0x000000368cb00000,0x000000368cc00000) (1024K)]
  0x000001ab9de8db10 JavaThread "Timer-303"                         [_thread_blocked, id=6560, stack(0x000000368cc00000,0x000000368cd00000) (1024K)]
  0x000001ab9de8e1a0 JavaThread "Worker-44: Initialize workspace"        [_thread_blocked, id=1232, stack(0x000000368cf00000,0x000000368d000000) (1024K)]
  0x000001ab9de8f550 JavaThread "Timer-304"                         [_thread_blocked, id=7396, stack(0x000000368cd00000,0x000000368ce00000) (1024K)]
  0x000001ab9de8d480 JavaThread "Timer-305"                         [_thread_blocked, id=13404, stack(0x000000368ce00000,0x000000368cf00000) (1024K)]
  0x000001ab9de8e830 JavaThread "Timer-306"                         [_thread_blocked, id=9288, stack(0x000000368d100000,0x000000368d200000) (1024K)]
  0x000001ab9de8eec0 JavaThread "Timer-307"                         [_thread_blocked, id=14624, stack(0x000000368d000000,0x000000368d100000) (1024K)]
  0x000001ab9de8c0d0 JavaThread "Timer-308"                         [_thread_blocked, id=16964, stack(0x000000368d300000,0x000000368d400000) (1024K)]
  0x000001ab9de8fbe0 JavaThread "Timer-309"                         [_thread_blocked, id=16564, stack(0x000000368d200000,0x000000368d300000) (1024K)]
  0x000001ab9de8c760 JavaThread "Timer-310"                         [_thread_blocked, id=17156, stack(0x000000368d600000,0x000000368d700000) (1024K)]
  0x000001ab9de90270 JavaThread "Timer-311"                         [_thread_blocked, id=14356, stack(0x000000368d400000,0x000000368d500000) (1024K)]
  0x000001ab9de90900 JavaThread "Timer-312"                         [_thread_blocked, id=3208, stack(0x000000368d500000,0x000000368d600000) (1024K)]
  0x000001ab9de957c0 JavaThread "Timer-313"                         [_thread_blocked, id=4584, stack(0x000000368d700000,0x000000368d800000) (1024K)]
  0x000001ab9de94aa0 JavaThread "Timer-314"                         [_thread_blocked, id=9908, stack(0x000000368da00000,0x000000368db00000) (1024K)]
  0x000001ab9de92340 JavaThread "Timer-315"                         [_thread_blocked, id=11928, stack(0x000000368db00000,0x000000368dc00000) (1024K)]
  0x000001ab9de95130 JavaThread "Timer-316"                         [_thread_blocked, id=15948, stack(0x000000368dd00000,0x000000368de00000) (1024K)]
  0x000001ab9de95e50 JavaThread "Timer-317"                         [_thread_blocked, id=14264, stack(0x000000368dc00000,0x000000368dd00000) (1024K)]
  0x000001ab9de929d0 JavaThread "Timer-318"                         [_thread_blocked, id=15928, stack(0x000000368de00000,0x000000368df00000) (1024K)]
  0x000001ab9de936f0 JavaThread "Timer-319"                         [_thread_blocked, id=16744, stack(0x000000368df00000,0x000000368e000000) (1024K)]
  0x000001ab9de96b70 JavaThread "Worker-47: Initialize workspace"        [_thread_blocked, id=7820, stack(0x000000368e200000,0x000000368e300000) (1024K)]
  0x000001ab9de90f90 JavaThread "Timer-320"                         [_thread_blocked, id=15652, stack(0x000000368e000000,0x000000368e100000) (1024K)]
  0x000001ab9de94410 JavaThread "Timer-321"                         [_thread_blocked, id=16508, stack(0x000000368e100000,0x000000368e200000) (1024K)]
  0x000001ab9de93060 JavaThread "Timer-322"                         [_thread_blocked, id=10604, stack(0x000000368e400000,0x000000368e500000) (1024K)]
  0x000001ab9de964e0 JavaThread "Timer-323"                         [_thread_blocked, id=15180, stack(0x000000368e300000,0x000000368e400000) (1024K)]
  0x000001ab9de97200 JavaThread "Timer-324"                         [_thread_blocked, id=460, stack(0x000000368e500000,0x000000368e600000) (1024K)]
  0x000001ab9eb6d370 JavaThread "Timer-325"                         [_thread_blocked, id=13204, stack(0x000000368e600000,0x000000368e700000) (1024K)]
  0x000001ab9de93d80 JavaThread "Timer-326"                         [_thread_blocked, id=9432, stack(0x000000368e900000,0x000000368ea00000) (1024K)]
  0x000001ab9b6a9f50 JavaThread "Timer-327"                         [_thread_blocked, id=10408, stack(0x000000368e700000,0x000000368e800000) (1024K)]
  0x000001ab9e9af540 JavaThread "Worker-48: Initialize workspace"        [_thread_blocked, id=14716, stack(0x000000368eb00000,0x000000368ec00000) (1024K)]
  0x000001ab9e9b0f80 JavaThread "Timer-328"                         [_thread_blocked, id=5580, stack(0x000000368e800000,0x000000368e900000) (1024K)]
  0x000001ab9e9b1610 JavaThread "Timer-329"                         [_thread_blocked, id=16304, stack(0x000000368ea00000,0x000000368eb00000) (1024K)]
  0x000001ab9e9b1ca0 JavaThread "Timer-330"                         [_thread_blocked, id=2420, stack(0x000000368ec00000,0x000000368ed00000) (1024K)]
  0x000001ab9e9b2330 JavaThread "Timer-331"                         [_thread_blocked, id=15188, stack(0x000000368ed00000,0x000000368ee00000) (1024K)]
  0x000001ab9e9aeeb0 JavaThread "Timer-332"                         [_thread_blocked, id=3568, stack(0x000000368ef00000,0x000000368f000000) (1024K)]
  0x000001ab9e9b3050 JavaThread "Timer-333"                         [_thread_blocked, id=3712, stack(0x000000368ee00000,0x000000368ef00000) (1024K)]
  0x000001ab9e9b29c0 JavaThread "Timer-334"                         [_thread_blocked, id=12636, stack(0x000000368f100000,0x000000368f200000) (1024K)]
  0x000001ab9e9afbd0 JavaThread "Timer-335"                         [_thread_blocked, id=7368, stack(0x000000368f000000,0x000000368f100000) (1024K)]
  0x000001ab9e9b3d70 JavaThread "Worker-49: Initialize workspace"        [_thread_blocked, id=12316, stack(0x000000368f400000,0x000000368f500000) (1024K)]
  0x000001ab9e9b0260 JavaThread "Timer-336"                         [_thread_blocked, id=12440, stack(0x000000368f200000,0x000000368f300000) (1024K)]
  0x000001ab9e9b4400 JavaThread "Timer-337"                         [_thread_blocked, id=11908, stack(0x000000368f300000,0x000000368f400000) (1024K)]
  0x000001ab9e9b5120 JavaThread "Timer-338"                         [_thread_blocked, id=3672, stack(0x000000368f500000,0x000000368f600000) (1024K)]
  0x000001ab9e9b57b0 JavaThread "Timer-339"                         [_thread_blocked, id=5188, stack(0x000000368f600000,0x000000368f700000) (1024K)]
  0x000001ab9e9b5e40 JavaThread "Timer-340"                         [_thread_blocked, id=9384, stack(0x000000368f800000,0x000000368f900000) (1024K)]
  0x000001ab9e9b64d0 JavaThread "Timer-341"                         [_thread_blocked, id=17068, stack(0x000000368f700000,0x000000368f800000) (1024K)]
  0x000001ab9e9b6b60 JavaThread "Timer-342"                         [_thread_blocked, id=5688, stack(0x000000368f900000,0x000000368fa00000) (1024K)]
  0x000001ab9e9b36e0 JavaThread "Timer-343"                         [_thread_blocked, id=16008, stack(0x000000368fa00000,0x000000368fb00000) (1024K)]
  0x000001ab9e9b71f0 JavaThread "Timer-344"                         [_thread_blocked, id=4904, stack(0x000000368fb00000,0x000000368fc00000) (1024K)]
  0x000001ab9e9b7880 JavaThread "Timer-345"                         [_thread_blocked, id=9456, stack(0x000000368fc00000,0x000000368fd00000) (1024K)]
  0x000001ab9e9b7f10 JavaThread "Timer-346"                         [_thread_blocked, id=836, stack(0x000000368fe00000,0x000000368ff00000) (1024K)]
  0x000001ab9e9b4a90 JavaThread "Timer-347"                         [_thread_blocked, id=10428, stack(0x000000368fd00000,0x000000368fe00000) (1024K)]
  0x000001ab9e9b9fe0 JavaThread "Timer-348"                         [_thread_blocked, id=3304, stack(0x000000368ff00000,0x0000003690000000) (1024K)]
  0x000001ab9e9bba20 JavaThread "Timer-349"                         [_thread_blocked, id=15408, stack(0x0000003690000000,0x0000003690100000) (1024K)]
  0x000001ab9e9b8c30 JavaThread "Timer-350"                         [_thread_blocked, id=9524, stack(0x0000003690200000,0x0000003690300000) (1024K)]
  0x000001ab9e9bad00 JavaThread "Timer-351"                         [_thread_blocked, id=10056, stack(0x0000003690100000,0x0000003690200000) (1024K)]
  0x000001ab9e9b08f0 JavaThread "Worker-50: Initialize workspace"        [_thread_blocked, id=7436, stack(0x000000368a100000,0x000000368a200000) (1024K)]
  0x000001ab9e9bb390 JavaThread "Timer-352"                         [_thread_blocked, id=5284, stack(0x0000003690400000,0x0000003690500000) (1024K)]
  0x000001ab9e9b85a0 JavaThread "Timer-353"                         [_thread_blocked, id=692, stack(0x0000003690500000,0x0000003690600000) (1024K)]
  0x000001ab9e9bc0b0 JavaThread "Timer-354"                         [_thread_blocked, id=14864, stack(0x0000003690700000,0x0000003690800000) (1024K)]
  0x000001ab9e9b92c0 JavaThread "Timer-355"                         [_thread_blocked, id=14948, stack(0x0000003690600000,0x0000003690700000) (1024K)]
  0x000001ab9e9bc740 JavaThread "Timer-356"                         [_thread_blocked, id=12772, stack(0x0000003690900000,0x0000003690a00000) (1024K)]
  0x000001ab9e9b9950 JavaThread "Timer-357"                         [_thread_blocked, id=6680, stack(0x0000003690a00000,0x0000003690b00000) (1024K)]
  0x000001ab9e9bcdd0 JavaThread "Timer-358"                         [_thread_blocked, id=13352, stack(0x0000003690800000,0x0000003690900000) (1024K)]
  0x000001ab9e9bd460 JavaThread "Timer-359"                         [_thread_blocked, id=5532, stack(0x0000003690b00000,0x0000003690c00000) (1024K)]
  0x000001ab9e9be180 JavaThread "Worker-52: Initialize workspace"        [_thread_blocked, id=496, stack(0x0000003690d00000,0x0000003690e00000) (1024K)]
  0x000001ab9de7e1b0 JavaThread "Timer-360"                         [_thread_blocked, id=14472, stack(0x0000003690e00000,0x0000003690f00000) (1024K)]
  0x000001ab9e615250 JavaThread "Timer-361"                         [_thread_blocked, id=16884, stack(0x0000003690f00000,0x0000003691000000) (1024K)]
  0x000001ab9e614530 JavaThread "Timer-362"                         [_thread_blocked, id=2660, stack(0x0000003691100000,0x0000003691200000) (1024K)]
  0x000001ab9e616c90 JavaThread "Timer-363"                         [_thread_blocked, id=7740, stack(0x0000003691000000,0x0000003691100000) (1024K)]
  0x000001ab9e616600 JavaThread "Timer-364"                         [_thread_blocked, id=5516, stack(0x0000003691300000,0x0000003691400000) (1024K)]
  0x000001ab9e614bc0 JavaThread "Timer-365"                         [_thread_blocked, id=5456, stack(0x0000003691200000,0x0000003691300000) (1024K)]
  0x000001ab9e6158e0 JavaThread "Timer-366"                         [_thread_blocked, id=9192, stack(0x0000003691400000,0x0000003691500000) (1024K)]
  0x000001ab9e615f70 JavaThread "Timer-367"                         [_thread_blocked, id=15224, stack(0x0000003691500000,0x0000003691600000) (1024K)]
  0x000001ab9e617320 JavaThread "Timer-368"                         [_thread_blocked, id=11588, stack(0x0000003691600000,0x0000003691700000) (1024K)]
  0x000001ab9e613ea0 JavaThread "Timer-369"                         [_thread_blocked, id=15076, stack(0x0000003691700000,0x0000003691800000) (1024K)]
  0x000001ab9e61ae30 JavaThread "Timer-370"                         [_thread_blocked, id=5200, stack(0x0000003691900000,0x0000003691a00000) (1024K)]
  0x000001ab9e618040 JavaThread "Timer-371"                         [_thread_blocked, id=648, stack(0x0000003691800000,0x0000003691900000) (1024K)]
  0x000001ab9e61a110 JavaThread "Timer-372"                         [_thread_blocked, id=3924, stack(0x0000003691b00000,0x0000003691c00000) (1024K)]
  0x000001ab9e6193f0 JavaThread "Timer-373"                         [_thread_blocked, id=11628, stack(0x0000003691a00000,0x0000003691b00000) (1024K)]
  0x000001ab9e6179b0 JavaThread "Timer-374"                         [_thread_blocked, id=12452, stack(0x0000003691d00000,0x0000003691e00000) (1024K)]
  0x000001ab9e618d60 JavaThread "Timer-375"                         [_thread_blocked, id=4864, stack(0x0000003691c00000,0x0000003691d00000) (1024K)]
  0x000001ab9e61a7a0 JavaThread "Worker-54: Initialize workspace"        [_thread_blocked, id=16908, stack(0x0000003692100000,0x0000003692200000) (1024K)]
  0x000001ab9e61b4c0 JavaThread "Timer-376"                         [_thread_blocked, id=16572, stack(0x0000003691e00000,0x0000003691f00000) (1024K)]
  0x000001ab9e6186d0 JavaThread "Timer-377"                         [_thread_blocked, id=12196, stack(0x0000003691f00000,0x0000003692000000) (1024K)]
  0x000001ab9e61cf00 JavaThread "Timer-378"                         [_thread_blocked, id=13956, stack(0x0000003692000000,0x0000003692100000) (1024K)]
  0x000001ab9e61bb50 JavaThread "Timer-379"                         [_thread_blocked, id=16132, stack(0x0000003692200000,0x0000003692300000) (1024K)]
  0x000001ab9e61c1e0 JavaThread "Timer-380"                         [_thread_blocked, id=14520, stack(0x0000003692400000,0x0000003692500000) (1024K)]
  0x000001ab9e619a80 JavaThread "Timer-381"                         [_thread_blocked, id=16140, stack(0x0000003692300000,0x0000003692400000) (1024K)]
  0x000001ab9e61efd0 JavaThread "Timer-382"                         [_thread_blocked, id=17200, stack(0x0000003692600000,0x0000003692700000) (1024K)]
  0x000001ab9e61e940 JavaThread "Timer-383"                         [_thread_blocked, id=17396, stack(0x0000003692500000,0x0000003692600000) (1024K)]
  0x000001ab9e61fcf0 JavaThread "Timer-384"                         [_thread_blocked, id=16248, stack(0x0000003692700000,0x0000003692800000) (1024K)]
  0x000001ab9e61c870 JavaThread "Timer-385"                         [_thread_blocked, id=7676, stack(0x0000003692800000,0x0000003692900000) (1024K)]
  0x000001ab9e620380 JavaThread "Timer-386"                         [_thread_blocked, id=11480, stack(0x0000003692900000,0x0000003692a00000) (1024K)]
  0x000001ab9e61d590 JavaThread "Timer-387"                         [_thread_blocked, id=16492, stack(0x0000003692a00000,0x0000003692b00000) (1024K)]
  0x000001ab9e620a10 JavaThread "Timer-388"                         [_thread_blocked, id=13952, stack(0x0000003692c00000,0x0000003692d00000) (1024K)]
  0x000001ab9e6210a0 JavaThread "Timer-389"                         [_thread_blocked, id=11776, stack(0x0000003692b00000,0x0000003692c00000) (1024K)]
  0x000001ab9e61dc20 JavaThread "Timer-390"                         [_thread_blocked, id=3004, stack(0x0000003692f00000,0x0000003693000000) (1024K)]
  0x000001ab9e621730 JavaThread "Timer-391"                         [_thread_blocked, id=5676, stack(0x0000003692d00000,0x0000003692e00000) (1024K)]
  0x000001ab9e61e2b0 JavaThread "Worker-65: Initialize workspace"        [_thread_blocked, id=11916, stack(0x0000003690c00000,0x0000003690d00000) (1024K)]
  0x000001ab9e622450 JavaThread "Timer-392"                         [_thread_blocked, id=17380, stack(0x0000003693000000,0x0000003693100000) (1024K)]
  0x000001ab9e622ae0 JavaThread "Timer-393"                         [_thread_blocked, id=12616, stack(0x0000003693100000,0x0000003693200000) (1024K)]
  0x000001ab9e61f660 JavaThread "Timer-394"                         [_thread_blocked, id=7424, stack(0x0000003693300000,0x0000003693400000) (1024K)]
  0x000001ab9e9bdaf0 JavaThread "Timer-395"                         [_thread_blocked, id=3028, stack(0x0000003693200000,0x0000003693300000) (1024K)]
  0x000001ab9e9ba670 JavaThread "Timer-396"                         [_thread_blocked, id=3032, stack(0x0000003693500000,0x0000003693600000) (1024K)]
  0x000001ab9de91cb0 JavaThread "Timer-397"                         [_thread_blocked, id=16252, stack(0x0000003693400000,0x0000003693500000) (1024K)]
  0x000001ab9e1e3960 JavaThread "Timer-398"                         [_thread_blocked, id=7152, stack(0x0000003693700000,0x0000003693800000) (1024K)]
  0x000001ab9e1e2c40 JavaThread "Timer-399"                         [_thread_blocked, id=16068, stack(0x0000003693800000,0x0000003693900000) (1024K)]
  0x000001ab9e1e3ff0 JavaThread "Worker-83: Initialize workspace"        [_thread_blocked, id=4320, stack(0x000000368d900000,0x000000368da00000) (1024K)]
  0x000001ab9e1e4680 JavaThread "Timer-400"                         [_thread_blocked, id=13140, stack(0x0000003693900000,0x0000003693a00000) (1024K)]
  0x000001ab9e1e5a30 JavaThread "Timer-401"                         [_thread_blocked, id=13756, stack(0x0000003693a00000,0x0000003693b00000) (1024K)]
  0x000001ab9e1e60c0 JavaThread "Timer-402"                         [_thread_blocked, id=7912, stack(0x0000003693b00000,0x0000003693c00000) (1024K)]
  0x000001ab9e1e6750 JavaThread "Timer-403"                         [_thread_blocked, id=17212, stack(0x0000003693c00000,0x0000003693d00000) (1024K)]
  0x000001ab9e1e32d0 JavaThread "Timer-404"                         [_thread_blocked, id=10988, stack(0x0000003693e00000,0x0000003693f00000) (1024K)]
  0x000001ab9e1e9bd0 JavaThread "Timer-405"                         [_thread_blocked, id=16632, stack(0x0000003693d00000,0x0000003693e00000) (1024K)]
  0x000001ab9e1e7b00 JavaThread "Timer-406"                         [_thread_blocked, id=10536, stack(0x0000003694000000,0x0000003694100000) (1024K)]
  0x000001ab9e1ea260 JavaThread "Timer-407"                         [_thread_blocked, id=16832, stack(0x0000003694100000,0x0000003694200000) (1024K)]
  0x000001ab9e1e4d10 JavaThread "Worker-100: Initialize workspace"        [_thread_blocked, id=5612, stack(0x0000003693600000,0x0000003693700000) (1024K)]
  0x000001ab9e1e53a0 JavaThread "Timer-408"                         [_thread_blocked, id=14196, stack(0x0000003694200000,0x0000003694300000) (1024K)]
  0x000001ab9e1ea8f0 JavaThread "Timer-409"                         [_thread_blocked, id=14228, stack(0x0000003694300000,0x0000003694400000) (1024K)]
  0x000001ab9e1e7470 JavaThread "Timer-410"                         [_thread_blocked, id=11476, stack(0x0000003694400000,0x0000003694500000) (1024K)]
  0x000001ab9e1e9540 JavaThread "Timer-411"                         [_thread_blocked, id=9548, stack(0x0000003694500000,0x0000003694600000) (1024K)]
  0x000001ab9e1e8820 JavaThread "Timer-412"                         [_thread_blocked, id=9644, stack(0x0000003694700000,0x0000003694800000) (1024K)]
  0x000001ab9e1ec330 JavaThread "Timer-413"                         [_thread_blocked, id=14920, stack(0x0000003694600000,0x0000003694700000) (1024K)]
  0x000001ab9e1eaf80 JavaThread "Timer-414"                         [_thread_blocked, id=4292, stack(0x0000003694800000,0x0000003694900000) (1024K)]
  0x000001ab9e1ed6e0 JavaThread "Timer-415"                         [_thread_blocked, id=16736, stack(0x0000003694b00000,0x0000003694c00000) (1024K)]
  0x000001ab9e1eb610 JavaThread "Worker-121: Initialize workspace"        [_thread_blocked, id=14376, stack(0x0000003693f00000,0x0000003694000000) (1024K)]
  0x000001ab9e1edd70 JavaThread "Timer-416"                         [_thread_blocked, id=16340, stack(0x0000003694a00000,0x0000003694b00000) (1024K)]
  0x000001ab9e1ee400 JavaThread "Timer-417"                         [_thread_blocked, id=1636, stack(0x0000003694c00000,0x0000003694d00000) (1024K)]
  0x000001ab9e1eea90 JavaThread "Timer-418"                         [_thread_blocked, id=16224, stack(0x0000003694d00000,0x0000003694e00000) (1024K)]
  0x000001ab9e1ef120 JavaThread "Timer-419"                         [_thread_blocked, id=1760, stack(0x0000003694e00000,0x0000003694f00000) (1024K)]
  0x000001ab9e1ed050 JavaThread "Timer-420"                         [_thread_blocked, id=6200, stack(0x0000003695200000,0x0000003695300000) (1024K)]
  0x000001ab9e1ebca0 JavaThread "Timer-421"                         [_thread_blocked, id=14652, stack(0x0000003694f00000,0x0000003695000000) (1024K)]
  0x000001ab9e1ef7b0 JavaThread "Timer-422"                         [_thread_blocked, id=1612, stack(0x0000003695300000,0x0000003695400000) (1024K)]
  0x000001ab9e1ec9c0 JavaThread "Timer-423"                         [_thread_blocked, id=11140, stack(0x0000003695500000,0x0000003695600000) (1024K)]
  0x000001ab9e1e6de0 JavaThread "Worker-138: Initialize workspace"        [_thread_blocked, id=14276, stack(0x0000003694900000,0x0000003694a00000) (1024K)]
  0x000001ab9e1f1f10 JavaThread "Timer-424"                         [_thread_blocked, id=9128, stack(0x0000003695600000,0x0000003695700000) (1024K)]
  0x000001ab9e1f11f0 JavaThread "Timer-425"                         [_thread_blocked, id=8932, stack(0x0000003695700000,0x0000003695800000) (1024K)]
  0x000001ab9e1f1880 JavaThread "Timer-426"                         [_thread_blocked, id=11268, stack(0x0000003695900000,0x0000003695a00000) (1024K)]
  0x000001ab9e1efe40 JavaThread "Timer-427"                         [_thread_blocked, id=16932, stack(0x0000003695800000,0x0000003695900000) (1024K)]
  0x000001ab9e1f04d0 JavaThread "Timer-428"                         [_thread_blocked, id=14544, stack(0x0000003695b00000,0x0000003695c00000) (1024K)]
  0x000001ab9e613810 JavaThread "Timer-429"                         [_thread_blocked, id=13668, stack(0x0000003695a00000,0x0000003695b00000) (1024K)]
  0x000001ab9e621dc0 JavaThread "Timer-430"                         [_thread_blocked, id=6624, stack(0x0000003695c00000,0x0000003695d00000) (1024K)]
  0x000001ab9eec86d0 JavaThread "Timer-431"                         [_thread_blocked, id=14680, stack(0x0000003695e00000,0x0000003695f00000) (1024K)]
  0x000001ab9eeca7a0 JavaThread "Worker-154: Initialize workspace"        [_thread_blocked, id=14224, stack(0x0000003695400000,0x0000003695500000) (1024K)]
  0x000001ab9eecc1e0 JavaThread "Timer-432"                         [_thread_blocked, id=7552, stack(0x0000003695f00000,0x0000003696000000) (1024K)]
  0x000001ab9eeca110 JavaThread "Timer-433"                         [_thread_blocked, id=3164, stack(0x0000003696000000,0x0000003696100000) (1024K)]
  0x000001ab9eecae30 JavaThread "Timer-434"                         [_thread_blocked, id=12672, stack(0x0000003696200000,0x0000003696300000) (1024K)]
  0x000001ab9eecbb50 JavaThread "Timer-435"                         [_thread_blocked, id=12572, stack(0x0000003696100000,0x0000003696200000) (1024K)]
  0x000001ab9eecc870 JavaThread "Timer-436"                         [_thread_blocked, id=3108, stack(0x0000003696400000,0x0000003696500000) (1024K)]
  0x000001ab9eec93f0 JavaThread "Timer-437"                         [_thread_blocked, id=13636, stack(0x0000003696300000,0x0000003696400000) (1024K)]
  0x000001ab9eeccf00 JavaThread "Timer-438"                         [_thread_blocked, id=12432, stack(0x0000003696500000,0x0000003696600000) (1024K)]
  0x000001ab9eecf660 JavaThread "Timer-439"                         [_thread_blocked, id=11156, stack(0x0000003696700000,0x0000003696800000) (1024K)]
  0x000001ab9eec8d60 JavaThread "Worker-172: Initialize workspace"        [_thread_blocked, id=10820, stack(0x0000003695d00000,0x0000003695e00000) (1024K)]
  0x000001ab9eece940 JavaThread "Timer-440"                         [_thread_blocked, id=11360, stack(0x0000003696800000,0x0000003696900000) (1024K)]
  0x000001ab9eecdc20 JavaThread "Timer-441"                         [_thread_blocked, id=16900, stack(0x0000003696900000,0x0000003696a00000) (1024K)]
  0x000001ab9eecfcf0 JavaThread "Timer-442"                         [_thread_blocked, id=14132, stack(0x0000003696b00000,0x0000003696c00000) (1024K)]
  0x000001ab9eecefd0 JavaThread "Timer-443"                         [_thread_blocked, id=668, stack(0x0000003696a00000,0x0000003696b00000) (1024K)]
  0x000001ab9eecd590 JavaThread "Timer-444"                         [_thread_blocked, id=11328, stack(0x0000003696d00000,0x0000003696e00000) (1024K)]
  0x000001ab9eed1730 JavaThread "Timer-445"                         [_thread_blocked, id=7064, stack(0x0000003696c00000,0x0000003696d00000) (1024K)]
  0x000001ab9eed10a0 JavaThread "Timer-446"                         [_thread_blocked, id=3832, stack(0x0000003696f00000,0x0000003697000000) (1024K)]
  0x000001ab9eece2b0 JavaThread "Timer-447"                         [_thread_blocked, id=2380, stack(0x0000003697000000,0x0000003697100000) (1024K)]
  0x000001ab9eec9a80 JavaThread "Worker-189: Initialize workspace"        [_thread_blocked, id=14804, stack(0x0000003696600000,0x0000003696700000) (1024K)]
  0x000001ab9eed2450 JavaThread "Timer-448"                         [_thread_blocked, id=4832, stack(0x0000003697100000,0x0000003697200000) (1024K)]
  0x000001ab9eed3800 JavaThread "Timer-449"                         [_thread_blocked, id=4948, stack(0x0000003697200000,0x0000003697300000) (1024K)]
  0x000001ab9eed0380 JavaThread "Timer-450"                         [_thread_blocked, id=11904, stack(0x0000003697400000,0x0000003697500000) (1024K)]
  0x000001ab9eed0a10 JavaThread "Timer-451"                         [_thread_blocked, id=7752, stack(0x0000003697300000,0x0000003697400000) (1024K)]
  0x000001ab9eed2ae0 JavaThread "Timer-452"                         [_thread_blocked, id=2440, stack(0x0000003697600000,0x0000003697700000) (1024K)]
  0x000001ab9eed3e90 JavaThread "Timer-453"                         [_thread_blocked, id=17372, stack(0x0000003697500000,0x0000003697600000) (1024K)]
  0x000001ab9eed5240 JavaThread "Timer-454"                         [_thread_blocked, id=8668, stack(0x0000003697800000,0x0000003697900000) (1024K)]
  0x000001ab9eed79a0 JavaThread "Timer-455"                         [_thread_blocked, id=4388, stack(0x0000003697900000,0x0000003697a00000) (1024K)]
  0x000001ab9eed4bb0 JavaThread "Timer-456"                         [_thread_blocked, id=7032, stack(0x0000003697a00000,0x0000003697b00000) (1024K)]
  0x000001ab9eed58d0 JavaThread "Timer-457"                         [_thread_blocked, id=13940, stack(0x0000003697b00000,0x0000003697c00000) (1024K)]
  0x000001ab9eed5f60 JavaThread "Timer-458"                         [_thread_blocked, id=13332, stack(0x0000003697d00000,0x0000003697e00000) (1024K)]
  0x000001ab9eed65f0 JavaThread "Timer-459"                         [_thread_blocked, id=4136, stack(0x0000003697c00000,0x0000003697d00000) (1024K)]
  0x000001ab9eed3170 JavaThread "Timer-460"                         [_thread_blocked, id=11772, stack(0x0000003697e00000,0x0000003697f00000) (1024K)]
  0x000001ab9eed8030 JavaThread "Timer-461"                         [_thread_blocked, id=14404, stack(0x0000003697f00000,0x0000003698000000) (1024K)]
  0x000001ab9eed86c0 JavaThread "Timer-462"                         [_thread_blocked, id=6080, stack(0x0000003698100000,0x0000003698200000) (1024K)]
  0x000001ab9eed93e0 JavaThread "Timer-463"                         [_thread_blocked, id=11464, stack(0x0000003698200000,0x0000003698300000) (1024K)]
  0x000001ab9eed4520 JavaThread "Worker-224: Initialize workspace"        [_thread_blocked, id=5672, stack(0x0000003697700000,0x0000003697800000) (1024K)]
  0x000001ab9eeda100 JavaThread "Timer-464"                         [_thread_blocked, id=3396, stack(0x0000003698300000,0x0000003698400000) (1024K)]
  0x000001ab9eed8d50 JavaThread "Timer-465"                         [_thread_blocked, id=14756, stack(0x0000003698400000,0x0000003698500000) (1024K)]
  0x000001ab9eed6c80 JavaThread "Timer-466"                         [_thread_blocked, id=5640, stack(0x0000003698600000,0x0000003698700000) (1024K)]
  0x000001ab9eeda790 JavaThread "Timer-467"                         [_thread_blocked, id=16540, stack(0x0000003698500000,0x0000003698600000) (1024K)]
  0x000001ab9eed7310 JavaThread "Timer-468"                         [_thread_blocked, id=16548, stack(0x0000003698800000,0x0000003698900000) (1024K)]
  0x000001ab9eedae20 JavaThread "Timer-469"                         [_thread_blocked, id=7492, stack(0x0000003698700000,0x0000003698800000) (1024K)]
  0x000001ab9eedc1d0 JavaThread "Timer-470"                         [_thread_blocked, id=9952, stack(0x0000003698a00000,0x0000003698b00000) (1024K)]
  0x000001ab9eedcef0 JavaThread "Timer-471"                         [_thread_blocked, id=9496, stack(0x0000003698b00000,0x0000003698c00000) (1024K)]
  0x000001ab9eedb4b0 JavaThread "Timer-472"                         [_thread_blocked, id=10592, stack(0x0000003698c00000,0x0000003698d00000) (1024K)]
  0x000001ab9eedefc0 JavaThread "Timer-473"                         [_thread_blocked, id=3816, stack(0x0000003698d00000,0x0000003698e00000) (1024K)]
  0x000001ab9eedf650 JavaThread "Timer-474"                         [_thread_blocked, id=17328, stack(0x0000003698f00000,0x0000003699000000) (1024K)]
  0x000001ab9eedfce0 JavaThread "Timer-475"                         [_thread_blocked, id=11804, stack(0x0000003698e00000,0x0000003698f00000) (1024K)]
  0x000001ab9eede2a0 JavaThread "Timer-476"                         [_thread_blocked, id=6032, stack(0x0000003699100000,0x0000003699200000) (1024K)]
  0x000001ab9eedc860 JavaThread "Timer-477"                         [_thread_blocked, id=17352, stack(0x0000003699000000,0x0000003699100000) (1024K)]
  0x000001ab9eee0a00 JavaThread "Timer-478"                         [_thread_blocked, id=11444, stack(0x0000003699300000,0x0000003699400000) (1024K)]
  0x000001ab9eedd580 JavaThread "Timer-479"                         [_thread_blocked, id=1820, stack(0x0000003699400000,0x0000003699500000) (1024K)]
  0x000001ab9eee1090 JavaThread "Timer-480"                         [_thread_blocked, id=10572, stack(0x0000003699500000,0x0000003699600000) (1024K)]
  0x000001ab9eede930 JavaThread "Timer-481"                         [_thread_blocked, id=5360, stack(0x0000003699600000,0x0000003699700000) (1024K)]
  0x000001ab9eeddc10 JavaThread "Timer-482"                         [_thread_blocked, id=4900, stack(0x0000003699700000,0x0000003699800000) (1024K)]
  0x000001ab9eee1db0 JavaThread "Timer-483"                         [_thread_blocked, id=2444, stack(0x0000003699800000,0x0000003699900000) (1024K)]
  0x000001ab9eee1720 JavaThread "Timer-484"                         [_thread_blocked, id=15140, stack(0x0000003699a00000,0x0000003699b00000) (1024K)]
  0x000001ab9eee2440 JavaThread "Timer-485"                         [_thread_blocked, id=8412, stack(0x0000003699900000,0x0000003699a00000) (1024K)]
  0x000001ab9eee37f0 JavaThread "Timer-486"                         [_thread_blocked, id=6196, stack(0x0000003699c00000,0x0000003699d00000) (1024K)]
  0x000001ab9eee3160 JavaThread "Timer-487"                         [_thread_blocked, id=10668, stack(0x0000003699d00000,0x0000003699e00000) (1024K)]
  0x000001ab9eee0370 JavaThread "Worker-277: Initialize workspace"        [_thread_blocked, id=6300, stack(0x0000003699200000,0x0000003699300000) (1024K)]
  0x000001ab9eee58c0 JavaThread "Timer-488"                         [_thread_blocked, id=8268, stack(0x0000003699e00000,0x0000003699f00000) (1024K)]
  0x000001ab9eee4510 JavaThread "Timer-489"                         [_thread_blocked, id=14500, stack(0x0000003699f00000,0x000000369a000000) (1024K)]
  0x000001ab9eee4ba0 JavaThread "Timer-490"                         [_thread_blocked, id=15488, stack(0x000000369a100000,0x000000369a200000) (1024K)]
  0x000001ab9eee5230 JavaThread "Timer-491"                         [_thread_blocked, id=14736, stack(0x000000369a000000,0x000000369a100000) (1024K)]
  0x000001ab9eee2ad0 JavaThread "Timer-492"                         [_thread_blocked, id=4872, stack(0x000000369a300000,0x000000369a400000) (1024K)]
  0x000001ab9eee65e0 JavaThread "Timer-493"                         [_thread_blocked, id=14060, stack(0x000000369a200000,0x000000369a300000) (1024K)]
  0x000001ab9eee7300 JavaThread "Timer-494"                         [_thread_blocked, id=2648, stack(0x000000369a600000,0x000000369a700000) (1024K)]
  0x000001ab9eee5f50 JavaThread "Timer-495"                         [_thread_blocked, id=4384, stack(0x000000369a500000,0x000000369a600000) (1024K)]
  0x000001ab9eee6c70 JavaThread "Worker-295: Initialize workspace"        [_thread_blocked, id=6756, stack(0x0000003699b00000,0x0000003699c00000) (1024K)]
  0x000001ab9eee7990 JavaThread "Timer-496"                         [_thread_blocked, id=15636, stack(0x000000369a700000,0x000000369a800000) (1024K)]
  0x000001ab9e1e8190 JavaThread "Timer-497"                         [_thread_blocked, id=7560, stack(0x000000369a800000,0x000000369a900000) (1024K)]
  0x000001ab9e1f0b60 JavaThread "Timer-498"                         [_thread_blocked, id=10388, stack(0x000000369aa00000,0x000000369ab00000) (1024K)]
  0x000001ab9e283c30 JavaThread "Timer-499"                         [_thread_blocked, id=14592, stack(0x000000369a900000,0x000000369aa00000) (1024K)]
  0x000001ab9e284950 JavaThread "Timer-500"                         [_thread_blocked, id=4200, stack(0x000000369ac00000,0x000000369ad00000) (1024K)]
  0x000001ab9e285670 JavaThread "Timer-501"                         [_thread_blocked, id=14036, stack(0x000000369ab00000,0x000000369ac00000) (1024K)]
  0x000001ab9e285d00 JavaThread "Timer-502"                         [_thread_blocked, id=9144, stack(0x000000369ae00000,0x000000369af00000) (1024K)]
  0x000001ab9e2842c0 JavaThread "Timer-503"                         [_thread_blocked, id=7976, stack(0x000000369af00000,0x000000369b000000) (1024K)]
  0x000001ab9e282f10 JavaThread "Worker-313: Initialize workspace"        [_thread_blocked, id=7024, stack(0x000000369a400000,0x000000369a500000) (1024K)]
  0x000001ab9e2835a0 JavaThread "Timer-504"                         [_thread_blocked, id=3160, stack(0x000000369b000000,0x000000369b100000) (1024K)]
  0x000001ab9e2870b0 JavaThread "Timer-505"                         [_thread_blocked, id=16936, stack(0x000000369b100000,0x000000369b200000) (1024K)]
  0x000001ab9e289ea0 JavaThread "Timer-506"                         [_thread_blocked, id=4984, stack(0x000000369b300000,0x000000369b400000) (1024K)]
  0x000001ab9e288460 JavaThread "Timer-507"                         [_thread_blocked, id=11852, stack(0x000000369b200000,0x000000369b300000) (1024K)]
  0x000001ab9e28abc0 JavaThread "Timer-508"                         [_thread_blocked, id=14648, stack(0x000000369b500000,0x000000369b600000) (1024K)]
  0x000001ab9e28a530 JavaThread "Timer-509"                         [_thread_blocked, id=14252, stack(0x000000369b400000,0x000000369b500000) (1024K)]
  0x000001ab9e28b250 JavaThread "Timer-510"                         [_thread_blocked, id=13276, stack(0x000000369b700000,0x000000369b800000) (1024K)]
  0x000001ab9e288af0 JavaThread "Timer-511"                         [_thread_blocked, id=11952, stack(0x000000369b800000,0x000000369b900000) (1024K)]
  0x000001ab9e287dd0 JavaThread "Worker-325: Initialize workspace"        [_thread_blocked, id=14216, stack(0x000000369ad00000,0x000000369ae00000) (1024K)]
  0x000001ab9e286a20 JavaThread "Timer-512"                         [_thread_blocked, id=16704, stack(0x000000369b900000,0x000000369ba00000) (1024K)]
  0x000001ab9e28b8e0 JavaThread "Timer-513"                         [_thread_blocked, id=9820, stack(0x000000369ba00000,0x000000369bb00000) (1024K)]
  0x000001ab9e28c600 JavaThread "Timer-514"                         [_thread_blocked, id=948, stack(0x000000369bc00000,0x000000369bd00000) (1024K)]
  0x000001ab9e289810 JavaThread "Timer-515"                         [_thread_blocked, id=11420, stack(0x000000369bb00000,0x000000369bc00000) (1024K)]
  0x000001ab9e28f3f0 JavaThread "Timer-516"                         [_thread_blocked, id=4056, stack(0x000000369be00000,0x000000369bf00000) (1024K)]
  0x000001ab9e28cc90 JavaThread "Timer-517"                         [_thread_blocked, id=15492, stack(0x000000369bd00000,0x000000369be00000) (1024K)]
  0x000001ab9e28e040 JavaThread "Timer-518"                         [_thread_blocked, id=13364, stack(0x000000369c000000,0x000000369c100000) (1024K)]
  0x000001ab9e290110 JavaThread "Timer-519"                         [_thread_blocked, id=1288, stack(0x000000369c100000,0x000000369c200000) (1024K)]
  0x000001ab9e289180 JavaThread "Worker-342: Initialize workspace"        [_thread_blocked, id=3880, stack(0x000000369b600000,0x000000369b700000) (1024K)]
  0x000001ab9e28d9b0 JavaThread "Timer-520"                         [_thread_blocked, id=12068, stack(0x000000369c200000,0x000000369c300000) (1024K)]
  0x000001ab9e28e6d0 JavaThread "Timer-521"                         [_thread_blocked, id=5808, stack(0x000000369c300000,0x000000369c400000) (1024K)]
  0x000001ab9e28d320 JavaThread "Timer-522"                         [_thread_blocked, id=15240, stack(0x000000369c500000,0x000000369c600000) (1024K)]
  0x000001ab9e28bf70 JavaThread "Timer-523"                         [_thread_blocked, id=11728, stack(0x000000369c400000,0x000000369c500000) (1024K)]
  0x000001ab9e290e30 JavaThread "Timer-524"                         [_thread_blocked, id=6192, stack(0x000000369c700000,0x000000369c800000) (1024K)]
  0x000001ab9e28fa80 JavaThread "Timer-525"                         [_thread_blocked, id=2632, stack(0x000000369c600000,0x000000369c700000) (1024K)]
  0x000001ab9e293590 JavaThread "Timer-526"                         [_thread_blocked, id=11384, stack(0x000000369c900000,0x000000369ca00000) (1024K)]
  0x000001ab9e291b50 JavaThread "Timer-527"                         [_thread_blocked, id=6852, stack(0x000000369ca00000,0x000000369cb00000) (1024K)]
  0x000001ab9e2914c0 JavaThread "Worker-359: Initialize workspace"        [_thread_blocked, id=1536, stack(0x000000369bf00000,0x000000369c000000) (1024K)]
  0x000001ab9e2921e0 JavaThread "Timer-528"                         [_thread_blocked, id=15476, stack(0x000000369cb00000,0x000000369cc00000) (1024K)]
  0x000001ab9e28ed60 JavaThread "Timer-529"                         [_thread_blocked, id=4252, stack(0x000000369cc00000,0x000000369cd00000) (1024K)]
  0x000001ab9e294940 JavaThread "Timer-530"                         [_thread_blocked, id=15848, stack(0x000000369ce00000,0x000000369cf00000) (1024K)]
  0x000001ab9e294fd0 JavaThread "Timer-531"                         [_thread_blocked, id=15288, stack(0x000000369cd00000,0x000000369ce00000) (1024K)]
  0x000001ab9e295660 JavaThread "Timer-532"                         [_thread_blocked, id=13936, stack(0x000000369d000000,0x000000369d100000) (1024K)]
  0x000001ab9e295cf0 JavaThread "Timer-533"                         [_thread_blocked, id=15392, stack(0x000000369cf00000,0x000000369d000000) (1024K)]
  0x000001ab9e2942b0 JavaThread "Timer-534"                         [_thread_blocked, id=17128, stack(0x000000369d200000,0x000000369d300000) (1024K)]
  0x000001ab9e296380 JavaThread "Timer-535"                         [_thread_blocked, id=10964, stack(0x000000369d300000,0x000000369d400000) (1024K)]
  0x000001ab9e292870 JavaThread "Worker-382: Initialize workspace"        [_thread_blocked, id=5016, stack(0x000000369d100000,0x000000369d200000) (1024K)]
  0x000001ab9e293c20 JavaThread "Timer-536"                         [_thread_blocked, id=14200, stack(0x000000369d400000,0x000000369d500000) (1024K)]
  0x000001ab9e2907a0 JavaThread "Timer-537"                         [_thread_blocked, id=17216, stack(0x000000369d500000,0x000000369d600000) (1024K)]
  0x000001ab9e298ae0 JavaThread "Timer-538"                         [_thread_blocked, id=13728, stack(0x000000369d600000,0x000000369d700000) (1024K)]
  0x000001ab9e299e90 JavaThread "Timer-539"                         [_thread_blocked, id=13972, stack(0x000000369d700000,0x000000369d800000) (1024K)]
  0x000001ab9e296a10 JavaThread "Timer-540"                         [_thread_blocked, id=2604, stack(0x000000369d900000,0x000000369da00000) (1024K)]
  0x000001ab9e29a520 JavaThread "Timer-541"                         [_thread_blocked, id=16264, stack(0x000000369d800000,0x000000369d900000) (1024K)]
  0x000001ab9e2970a0 JavaThread "Timer-542"                         [_thread_blocked, id=12840, stack(0x000000369db00000,0x000000369dc00000) (1024K)]
  0x000001ab9e299800 JavaThread "Timer-543"                         [_thread_blocked, id=8904, stack(0x000000369dc00000,0x000000369dd00000) (1024K)]
  0x000001ab9e299170 JavaThread "Worker-400: Initialize workspace"        [_thread_blocked, id=17064, stack(0x000000369da00000,0x000000369db00000) (1024K)]
  0x000001ab9e297730 JavaThread "Timer-544"                         [_thread_blocked, id=7624, stack(0x000000369dd00000,0x000000369de00000) (1024K)]
  0x000001ab9e29abb0 JavaThread "Timer-545"                         [_thread_blocked, id=7636, stack(0x000000369de00000,0x000000369df00000) (1024K)]
  0x000001ab9e29b240 JavaThread "Timer-546"                         [_thread_blocked, id=12252, stack(0x000000369e000000,0x000000369e100000) (1024K)]
  0x000001ab9e297dc0 JavaThread "Timer-547"                         [_thread_blocked, id=17092, stack(0x000000369df00000,0x000000369e000000) (1024K)]
  0x000001ab9e29b8d0 JavaThread "Timer-548"                         [_thread_blocked, id=9880, stack(0x000000369e200000,0x000000369e300000) (1024K)]
  0x000001ab9e298450 JavaThread "Timer-549"                         [_thread_blocked, id=268, stack(0x000000369e100000,0x000000369e200000) (1024K)]
  0x000001ab9e29bf60 JavaThread "Timer-550"                         [_thread_blocked, id=17296, stack(0x000000369e400000,0x000000369e500000) (1024K)]
  0x000001ab9e29cc80 JavaThread "Timer-551"                         [_thread_blocked, id=13852, stack(0x000000369e500000,0x000000369e600000) (1024K)]
  0x000001ab9e292f00 JavaThread "Worker-412: Initialize workspace"        [_thread_blocked, id=6232, stack(0x000000369c800000,0x000000369c900000) (1024K)]
  0x000001ab9e29e6c0 JavaThread "Timer-552"                         [_thread_blocked, id=16984, stack(0x000000369e600000,0x000000369e700000) (1024K)]
  0x000001ab9e2a0790 JavaThread "Timer-553"                         [_thread_blocked, id=12652, stack(0x000000369e700000,0x000000369e800000) (1024K)]
  0x000001ab9e29fa70 JavaThread "Timer-554"                         [_thread_blocked, id=7188, stack(0x000000369e900000,0x000000369ea00000) (1024K)]
  0x000001ab9e29ed50 JavaThread "Timer-555"                         [_thread_blocked, id=1448, stack(0x000000369e800000,0x000000369e900000) (1024K)]
  0x000001ab9e2a0100 JavaThread "Timer-556"                         [_thread_blocked, id=6308, stack(0x000000369eb00000,0x000000369ec00000) (1024K)]
  0x000001ab9e29e030 JavaThread "Timer-557"                         [_thread_blocked, id=7728, stack(0x000000369ea00000,0x000000369eb00000) (1024K)]
  0x000001ab9e29d310 JavaThread "Timer-558"                         [_thread_blocked, id=16536, stack(0x000000369ed00000,0x000000369ee00000) (1024K)]
  0x000001ab9e2a14b0 JavaThread "Timer-559"                         [_thread_blocked, id=3388, stack(0x000000369ee00000,0x000000369ef00000) (1024K)]
  0x000001ab9e29d9a0 JavaThread "Worker-436: Initialize workspace"        [_thread_blocked, id=10776, stack(0x000000369e300000,0x000000369e400000) (1024K)]
  0x000001ab9e2a21d0 JavaThread "Timer-560"                         [_thread_blocked, id=828, stack(0x000000369ef00000,0x000000369f000000) (1024K)]
  0x000001ab9e29f3e0 JavaThread "Timer-561"                         [_thread_blocked, id=4212, stack(0x000000369f000000,0x000000369f100000) (1024K)]
  0x000001ab9e284fe0 JavaThread "Timer-562"                         [_thread_blocked, id=13476, stack(0x000000369f100000,0x000000369f200000) (1024K)]
  0x000001ab9e29c5f0 JavaThread "Timer-563"                         [_thread_blocked, id=5140, stack(0x000000369f200000,0x000000369f300000) (1024K)]
  0x000001ab9eecb4c0 JavaThread "Timer-564"                         [_thread_blocked, id=4436, stack(0x000000369f400000,0x000000369f500000) (1024K)]
  0x000001ab9eee3e80 JavaThread "Timer-565"                         [_thread_blocked, id=14188, stack(0x000000369f300000,0x000000369f400000) (1024K)]
  0x000001ab9fc0deb0 JavaThread "Timer-566"                         [_thread_blocked, id=6572, stack(0x000000369f600000,0x000000369f700000) (1024K)]
  0x000001ab9fc0ebd0 JavaThread "Timer-567"                         [_thread_blocked, id=6720, stack(0x000000369f700000,0x000000369f800000) (1024K)]
  0x000001ab9fc0e540 JavaThread "Worker-448: Check JDK Index"        [_thread_blocked, id=16772, stack(0x000000369ec00000,0x000000369ed00000) (1024K)]
  0x000001ab9fc0d820 JavaThread "Timer-568"                         [_thread_blocked, id=12024, stack(0x000000369f800000,0x000000369f900000) (1024K)]
  0x000001ab9fc0ff80 JavaThread "Timer-569"                         [_thread_blocked, id=14956, stack(0x000000369f900000,0x000000369fa00000) (1024K)]
  0x000001ab9fc0f260 JavaThread "Timer-570"                         [_thread_blocked, id=14208, stack(0x000000369fb00000,0x000000369fc00000) (1024K)]
  0x000001ab9fc10610 JavaThread "Timer-571"                         [_thread_blocked, id=17228, stack(0x000000369fa00000,0x000000369fb00000) (1024K)]
  0x000001ab9fc0f8f0 JavaThread "Timer-572"                         [_thread_blocked, id=16532, stack(0x000000369fd00000,0x000000369fe00000) (1024K)]
  0x000001ab9fc0d190 JavaThread "Timer-573"                         [_thread_blocked, id=3784, stack(0x000000369fc00000,0x000000369fd00000) (1024K)]
  0x000001ab9fc11330 JavaThread "Timer-574"                         [_thread_blocked, id=11612, stack(0x00000036a0000000,0x00000036a0100000) (1024K)]
  0x000001ab9fc119c0 JavaThread "Timer-575"                         [_thread_blocked, id=9224, stack(0x000000369ff00000,0x00000036a0000000) (1024K)]
  0x000001ab9fc0cb00 JavaThread "Worker-464: Initialize workspace"        [_thread_blocked, id=16784, stack(0x000000369f500000,0x000000369f600000) (1024K)]
  0x000001ab9fc126e0 JavaThread "Timer-576"                         [_thread_blocked, id=8364, stack(0x00000036a0100000,0x00000036a0200000) (1024K)]
  0x000001ab9fc12d70 JavaThread "Timer-577"                         [_thread_blocked, id=9940, stack(0x00000036a0200000,0x00000036a0300000) (1024K)]
  0x000001ab9fc13400 JavaThread "Timer-578"                         [_thread_blocked, id=6816, stack(0x00000036a0400000,0x00000036a0500000) (1024K)]
  0x000001ab9fc14120 JavaThread "Timer-579"                         [_thread_blocked, id=11548, stack(0x00000036a0300000,0x00000036a0400000) (1024K)]
  0x000001ab9fc12050 JavaThread "Timer-580"                         [_thread_blocked, id=7204, stack(0x00000036a0600000,0x00000036a0700000) (1024K)]
  0x000001ab9fc10ca0 JavaThread "Timer-581"                         [_thread_blocked, id=16040, stack(0x00000036a0500000,0x00000036a0600000) (1024K)]
  0x000001ab9fc16f10 JavaThread "Timer-582"                         [_thread_blocked, id=1048, stack(0x00000036a0800000,0x00000036a0900000) (1024K)]
  0x000001ab9fc15b60 JavaThread "Timer-583"                         [_thread_blocked, id=17364, stack(0x00000036a0900000,0x00000036a0a00000) (1024K)]
  0x000001ab9fc14e40 JavaThread "Worker-492: Initialize workspace"        [_thread_blocked, id=10168, stack(0x000000369fe00000,0x000000369ff00000) (1024K)]
  0x000001ab9fc13a90 JavaThread "Timer-584"                         [_thread_blocked, id=12876, stack(0x00000036a0a00000,0x00000036a0b00000) (1024K)]
  0x000001ab9fc175a0 JavaThread "Timer-585"                         [_thread_blocked, id=13764, stack(0x00000036a0b00000,0x00000036a0c00000) (1024K)]
  0x000001ab9fc161f0 JavaThread "Timer-586"                         [_thread_blocked, id=976, stack(0x00000036a0e00000,0x00000036a0f00000) (1024K)]
  0x000001ab9fc147b0 JavaThread "Timer-587"                         [_thread_blocked, id=7868, stack(0x00000036a0c00000,0x00000036a0d00000) (1024K)]
  0x000001ab9fc19670 JavaThread "Timer-588"                         [_thread_blocked, id=3128, stack(0x00000036a0f00000,0x00000036a1000000) (1024K)]
  0x000001ab9fc17c30 JavaThread "Timer-589"                         [_thread_blocked, id=7352, stack(0x00000036a0d00000,0x00000036a0e00000) (1024K)]
  0x000001ab9fc19d00 JavaThread "Timer-590"                         [_thread_blocked, id=12192, stack(0x00000036a1100000,0x00000036a1200000) (1024K)]
  0x000001ab9fc18950 JavaThread "Timer-591"                         [_thread_blocked, id=17284, stack(0x00000036a1200000,0x00000036a1300000) (1024K)]
  0x000001ab9fc182c0 JavaThread "Worker-510: Initialize workspace"        [_thread_blocked, id=5436, stack(0x00000036a0700000,0x00000036a0800000) (1024K)]
  0x000001ab9fc18fe0 JavaThread "Timer-592"                         [_thread_blocked, id=1244, stack(0x00000036a1300000,0x00000036a1400000) (1024K)]
  0x000001ab9fc16880 JavaThread "Timer-593"                         [_thread_blocked, id=16996, stack(0x00000036a1400000,0x00000036a1500000) (1024K)]
  0x000001ab9fc1c460 JavaThread "Timer-594"                         [_thread_blocked, id=14364, stack(0x00000036a1600000,0x00000036a1700000) (1024K)]
  0x000001ab9fc1b0b0 JavaThread "Timer-595"                         [_thread_blocked, id=4748, stack(0x00000036a1500000,0x00000036a1600000) (1024K)]
  0x000001ab9fc1caf0 JavaThread "Timer-596"                         [_thread_blocked, id=7924, stack(0x00000036a1800000,0x00000036a1900000) (1024K)]
  0x000001ab9fc1b740 JavaThread "Timer-597"                         [_thread_blocked, id=14324, stack(0x00000036a1700000,0x00000036a1800000) (1024K)]
  0x000001ab9fc1a390 JavaThread "Timer-598"                         [_thread_blocked, id=11008, stack(0x00000036a1a00000,0x00000036a1b00000) (1024K)]
  0x000001ab9fc1d810 JavaThread "Timer-599"                         [_thread_blocked, id=16600, stack(0x00000036a1b00000,0x00000036a1c00000) (1024K)]
  0x000001ab9fc0c470 JavaThread "Worker-526: Initialize workspace"        [_thread_blocked, id=15560, stack(0x0000003690300000,0x0000003690400000) (1024K)]
  0x000001ab9fc1dea0 JavaThread "Timer-600"                         [_thread_blocked, id=16516, stack(0x00000036a1c00000,0x00000036a1d00000) (1024K)]
  0x000001ab9fc1aa20 JavaThread "Timer-601"                         [_thread_blocked, id=16880, stack(0x00000036a1d00000,0x00000036a1e00000) (1024K)]
  0x000001ab9fc1ebc0 JavaThread "Timer-602"                         [_thread_blocked, id=6068, stack(0x00000036a1e00000,0x00000036a1f00000) (1024K)]
  0x000001ab9fc1e530 JavaThread "Timer-603"                         [_thread_blocked, id=4284, stack(0x00000036a1f00000,0x00000036a2000000) (1024K)]
  0x000001ab9fc1f250 JavaThread "Timer-604"                         [_thread_blocked, id=7136, stack(0x00000036a2100000,0x00000036a2200000) (1024K)]
  0x000001ab9fc1bdd0 JavaThread "Timer-605"                         [_thread_blocked, id=11560, stack(0x00000036a2000000,0x00000036a2100000) (1024K)]
  0x000001ab9fc22d60 JavaThread "Timer-606"                         [_thread_blocked, id=12488, stack(0x00000036a2300000,0x00000036a2400000) (1024K)]
  0x000001ab9fc219b0 JavaThread "Timer-607"                         [_thread_blocked, id=1580, stack(0x00000036a2400000,0x00000036a2500000) (1024K)]
  0x000001ab9fc1d180 JavaThread "Timer-608"                         [_thread_blocked, id=11940, stack(0x00000036a2500000,0x00000036a2600000) (1024K)]
  0x000001ab9fc20c90 JavaThread "Timer-609"                         [_thread_blocked, id=14932, stack(0x00000036a2600000,0x00000036a2700000) (1024K)]
  0x000001ab9fc21320 JavaThread "Timer-610"                         [_thread_blocked, id=13396, stack(0x00000036a2700000,0x00000036a2800000) (1024K)]
  0x000001ab9fc22040 JavaThread "Timer-611"                         [_thread_blocked, id=15036, stack(0x00000036a2800000,0x00000036a2900000) (1024K)]
  0x000001ab9fc226d0 JavaThread "Timer-612"                         [_thread_blocked, id=2412, stack(0x00000036a2a00000,0x00000036a2b00000) (1024K)]
  0x000001ab9fc233f0 JavaThread "Timer-613"                         [_thread_blocked, id=2756, stack(0x00000036a2900000,0x00000036a2a00000) (1024K)]
  0x000001ab9fc1ff70 JavaThread "Timer-614"                         [_thread_blocked, id=8256, stack(0x00000036a2d00000,0x00000036a2e00000) (1024K)]
  0x000001ab9fc261e0 JavaThread "Timer-615"                         [_thread_blocked, id=13844, stack(0x00000036a2e00000,0x00000036a2f00000) (1024K)]
  0x000001ab9fc154d0 JavaThread "Worker-565: Initialize workspace"        [_thread_blocked, id=16452, stack(0x00000036a1000000,0x00000036a1100000) (1024K)]
  0x000001ab9fc247a0 JavaThread "Timer-616"                         [_thread_blocked, id=10156, stack(0x00000036a2c00000,0x00000036a2d00000) (1024K)]
  0x000001ab9fc24e30 JavaThread "Timer-617"                         [_thread_blocked, id=11344, stack(0x00000036a2f00000,0x00000036a3000000) (1024K)]
  0x000001ab9fc25b50 JavaThread "Timer-618"                         [_thread_blocked, id=6244, stack(0x00000036a3000000,0x00000036a3100000) (1024K)]
  0x000001ab9fc254c0 JavaThread "Timer-619"                         [_thread_blocked, id=17044, stack(0x00000036a3100000,0x00000036a3200000) (1024K)]
  0x000001ab9fc26870 JavaThread "Timer-620"                         [_thread_blocked, id=8800, stack(0x00000036a3300000,0x00000036a3400000) (1024K)]
  0x000001ab9fc23a80 JavaThread "Timer-621"                         [_thread_blocked, id=17232, stack(0x00000036a3200000,0x00000036a3300000) (1024K)]
  0x000001ab9fc27c20 JavaThread "Timer-622"                         [_thread_blocked, id=16780, stack(0x00000036a3500000,0x00000036a3600000) (1024K)]
  0x000001ab9fc29cf0 JavaThread "Timer-623"                         [_thread_blocked, id=1136, stack(0x00000036a3600000,0x00000036a3700000) (1024K)]
  0x000001ab9fc29660 JavaThread "Worker-582: Initialize workspace"        [_thread_blocked, id=14156, stack(0x00000036a3400000,0x00000036a3500000) (1024K)]
  0x000001ab9fc28fd0 JavaThread "Timer-624"                         [_thread_blocked, id=5740, stack(0x00000036a3700000,0x00000036a3800000) (1024K)]
  0x000001ab9fc282b0 JavaThread "Timer-625"                         [_thread_blocked, id=1328, stack(0x00000036a3800000,0x00000036a3900000) (1024K)]
  0x000001ab9fc28940 JavaThread "Timer-626"                         [_thread_blocked, id=16280, stack(0x00000036a3900000,0x00000036a3a00000) (1024K)]
  0x000001ab9fc26f00 JavaThread "Timer-627"                         [_thread_blocked, id=13724, stack(0x00000036a3a00000,0x00000036a3b00000) (1024K)]
  0x000001ab9fc2b0a0 JavaThread "Timer-628"                         [_thread_blocked, id=2244, stack(0x00000036a3c00000,0x00000036a3d00000) (1024K)]
  0x000001ab9fc2d800 JavaThread "Timer-629"                         [_thread_blocked, id=17276, stack(0x00000036a3b00000,0x00000036a3c00000) (1024K)]
  0x000001ab9fc2d170 JavaThread "Timer-630"                         [_thread_blocked, id=7224, stack(0x00000036a3e00000,0x00000036a3f00000) (1024K)]
  0x000001ab9fc2b730 JavaThread "Timer-631"                         [_thread_blocked, id=4992, stack(0x00000036a3f00000,0x00000036a4000000) (1024K)]
  0x000001ab9fc2aa10 JavaThread "Worker-594: Initialize workspace"        [_thread_blocked, id=17084, stack(0x00000036a2b00000,0x00000036a2c00000) (1024K)]
  0x000001ab9fc2f240 JavaThread "Timer-632"                         [_thread_blocked, id=2352, stack(0x00000036a4000000,0x00000036a4100000) (1024K)]
  0x000001ab9fc2de90 JavaThread "Timer-633"                         [_thread_blocked, id=5988, stack(0x00000036a4100000,0x00000036a4200000) (1024K)]
  0x000001ab9fc2e520 JavaThread "Timer-634"                         [_thread_blocked, id=7712, stack(0x00000036a4300000,0x00000036a4400000) (1024K)]
  0x000001ab9fc2bdc0 JavaThread "Timer-635"                         [_thread_blocked, id=15256, stack(0x00000036a4200000,0x00000036a4300000) (1024K)]
  0x000001ab9fc2ebb0 JavaThread "Timer-636"                         [_thread_blocked, id=8108, stack(0x00000036a4500000,0x00000036a4600000) (1024K)]
  0x000001ab9fc2f8d0 JavaThread "Timer-637"                         [_thread_blocked, id=9732, stack(0x00000036a4400000,0x00000036a4500000) (1024K)]
  0x000001ab9fc2c450 JavaThread "Timer-638"                         [_thread_blocked, id=11504, stack(0x00000036a4700000,0x00000036a4800000) (1024K)]
  0x000001ab9fc2cae0 JavaThread "Timer-639"                         [_thread_blocked, id=11376, stack(0x00000036a4800000,0x00000036a4900000) (1024K)]
  0x000001ab9fc27590 JavaThread "Worker-618: Initialize workspace"        [_thread_blocked, id=13412, stack(0x00000036a3d00000,0x00000036a3e00000) (1024K)]
  0x000001ab9fc2ff60 JavaThread "Timer-640"                         [_thread_blocked, id=8280, stack(0x00000036a4900000,0x00000036a4a00000) (1024K)]
  0x000001ab9fc326c0 JavaThread "Timer-641"                         [_thread_blocked, id=3844, stack(0x00000036a4a00000,0x00000036a4b00000) (1024K)]
  0x000001ab9fc305f0 JavaThread "Timer-642"                         [_thread_blocked, id=9236, stack(0x00000036a4c00000,0x00000036a4d00000) (1024K)]
  0x000001ab9fc32030 JavaThread "Timer-643"                         [_thread_blocked, id=15968, stack(0x00000036a4b00000,0x00000036a4c00000) (1024K)]
  0x000001ab9fc31310 JavaThread "Timer-644"                         [_thread_blocked, id=11460, stack(0x00000036a4e00000,0x00000036a4f00000) (1024K)]
  0x000001ab9fc30c80 JavaThread "Timer-645"                         [_thread_blocked, id=2040, stack(0x00000036a4d00000,0x00000036a4e00000) (1024K)]
  0x000001ab9fbf2d90 JavaThread "Timer-646"                         [_thread_blocked, id=14908, stack(0x00000036a5000000,0x00000036a5100000) (1024K)]
  0x000001ab9fbf54f0 JavaThread "Timer-647"                         [_thread_blocked, id=17320, stack(0x00000036a4f00000,0x00000036a5000000) (1024K)]
  0x000001ab9fbf3ab0 JavaThread "Worker-640: Initialize workspace"        [_thread_blocked, id=14284, stack(0x00000036a4600000,0x00000036a4700000) (1024K)]
  0x000001ab9fbf4140 JavaThread "Timer-648"                         [_thread_blocked, id=14004, stack(0x00000036a5400000,0x00000036a5500000) (1024K)]
  0x000001ab9fbf47d0 JavaThread "Timer-649"                         [_thread_blocked, id=4716, stack(0x00000036a5500000,0x00000036a5600000) (1024K)]
  0x000001ab9fbf4e60 JavaThread "Timer-650"                         [_thread_blocked, id=16648, stack(0x00000036a5700000,0x00000036a5800000) (1024K)]
  0x000001ab9fbf2070 JavaThread "Timer-651"                         [_thread_blocked, id=13900, stack(0x00000036a5600000,0x00000036a5700000) (1024K)]
  0x000001ab9fbf8970 JavaThread "Timer-652"                         [_thread_blocked, id=15120, stack(0x00000036a5900000,0x00000036a5a00000) (1024K)]
  0x000001ab9fbf7c50 JavaThread "Timer-653"                         [_thread_blocked, id=7016, stack(0x00000036a5800000,0x00000036a5900000) (1024K)]
  0x000001ab9fbf82e0 JavaThread "Timer-654"                         [_thread_blocked, id=11956, stack(0x00000036a5b00000,0x00000036a5c00000) (1024K)]
  0x000001ab9fbf6f30 JavaThread "Timer-655"                         [_thread_blocked, id=14144, stack(0x00000036a5d00000,0x00000036a5e00000) (1024K)]
  0x000001ab9fbf2700 JavaThread "Worker-662: Initialize workspace"        [_thread_blocked, id=16724, stack(0x00000036a5100000,0x00000036a5200000) (1024K)]
  0x000001ab9fbf68a0 JavaThread "Timer-656"                         [_thread_blocked, id=15020, stack(0x00000036a5c00000,0x00000036a5d00000) (1024K)]
  0x000001ab9fbf3420 JavaThread "Timer-657"                         [_thread_blocked, id=5916, stack(0x00000036a5e00000,0x00000036a5f00000) (1024K)]
  0x000001ab9fbfa3b0 JavaThread "Timer-658"                         [_thread_blocked, id=15164, stack(0x00000036a6000000,0x00000036a6100000) (1024K)]
  0x000001ab9fbf9000 JavaThread "Timer-659"                         [_thread_blocked, id=16184, stack(0x00000036a5f00000,0x00000036a6000000) (1024K)]
  0x000001ab9fbfaa40 JavaThread "Timer-660"                         [_thread_blocked, id=17008, stack(0x00000036a6200000,0x00000036a6300000) (1024K)]
  0x000001ab9fbf9d20 JavaThread "Timer-661"                         [_thread_blocked, id=15116, stack(0x00000036a6100000,0x00000036a6200000) (1024K)]
  0x000001ab9fbf9690 JavaThread "Timer-662"                         [_thread_blocked, id=5288, stack(0x00000036a6400000,0x00000036a6500000) (1024K)]
  0x000001ab9fbf75c0 JavaThread "Timer-663"                         [_thread_blocked, id=7512, stack(0x00000036a6300000,0x00000036a6400000) (1024K)]
  0x000001ab9fbfc480 JavaThread "Timer-664"                         [_thread_blocked, id=16560, stack(0x00000036a6600000,0x00000036a6700000) (1024K)]
  0x000001ab9fbfb760 JavaThread "Timer-665"                         [_thread_blocked, id=14232, stack(0x00000036a6700000,0x00000036a6800000) (1024K)]
  0x000001ab9fbfbdf0 JavaThread "Timer-666"                         [_thread_blocked, id=6564, stack(0x00000036a6900000,0x00000036a6a00000) (1024K)]
  0x000001ab9fbfd1a0 JavaThread "Timer-667"                         [_thread_blocked, id=2120, stack(0x00000036a6800000,0x00000036a6900000) (1024K)]
  0x000001ab9fbfd830 JavaThread "Timer-668"                         [_thread_blocked, id=5004, stack(0x00000036a6b00000,0x00000036a6c00000) (1024K)]
  0x000001ab9fbfdec0 JavaThread "Timer-669"                         [_thread_blocked, id=13784, stack(0x00000036a6a00000,0x00000036a6b00000) (1024K)]
  0x000001ab9fbfe550 JavaThread "Timer-670"                         [_thread_blocked, id=13944, stack(0x00000036a6d00000,0x00000036a6e00000) (1024K)]
  0x000001ab9fbff900 JavaThread "Timer-671"                         [_thread_blocked, id=2072, stack(0x00000036a6e00000,0x00000036a6f00000) (1024K)]
  0x000001ab9fbfb0d0 JavaThread "Worker-700: Initialize workspace"        [_thread_blocked, id=10232, stack(0x00000036a6500000,0x00000036a6600000) (1024K)]
  0x000001ab9fbfff90 JavaThread "Timer-672"                         [_thread_blocked, id=14052, stack(0x00000036a6f00000,0x00000036a7000000) (1024K)]
  0x000001ab9fbff270 JavaThread "Timer-673"                         [_thread_blocked, id=8204, stack(0x00000036a7000000,0x00000036a7100000) (1024K)]
  0x000001ab9fbfcb10 JavaThread "Timer-674"                         [_thread_blocked, id=10356, stack(0x00000036a7200000,0x00000036a7300000) (1024K)]
  0x000001ab9fc03aa0 JavaThread "Timer-675"                         [_thread_blocked, id=17116, stack(0x00000036a7100000,0x00000036a7200000) (1024K)]
  0x000001ab9fc02d80 JavaThread "Timer-676"                         [_thread_blocked, id=8924, stack(0x00000036a7400000,0x00000036a7500000) (1024K)]
  0x000001ab9fc02060 JavaThread "Timer-677"                         [_thread_blocked, id=4564, stack(0x00000036a7300000,0x00000036a7400000) (1024K)]
  0x000001ab9fc01340 JavaThread "Timer-678"                         [_thread_blocked, id=11604, stack(0x00000036a7600000,0x00000036a7700000) (1024K)]
  0x000001ab9fc019d0 JavaThread "Timer-679"                         [_thread_blocked, id=11232, stack(0x00000036a7800000,0x00000036a7900000) (1024K)]
  0x000001ab9fc00620 JavaThread "Worker-722: Initialize workspace"        [_thread_blocked, id=14900, stack(0x00000036a6c00000,0x00000036a6d00000) (1024K)]
  0x000001ab9fc00cb0 JavaThread "Timer-680"                         [_thread_blocked, id=10352, stack(0x00000036a7500000,0x00000036a7600000) (1024K)]
  0x000001ab9fbfebe0 JavaThread "Timer-681"                         [_thread_blocked, id=15220, stack(0x00000036a7900000,0x00000036a7a00000) (1024K)]
  0x000001ab9fc05b70 JavaThread "Timer-682"                         [_thread_blocked, id=8032, stack(0x00000036a7a00000,0x00000036a7b00000) (1024K)]
  0x000001ab9fc03410 JavaThread "Timer-683"                         [_thread_blocked, id=15276, stack(0x00000036a7b00000,0x00000036a7c00000) (1024K)]
  0x000001ab9fc04e50 JavaThread "Timer-684"                         [_thread_blocked, id=16192, stack(0x00000036a7d00000,0x00000036a7e00000) (1024K)]
  0x000001ab9fc047c0 JavaThread "Timer-685"                         [_thread_blocked, id=14092, stack(0x00000036a7c00000,0x00000036a7d00000) (1024K)]
  0x000001ab9fc054e0 JavaThread "Timer-686"                         [_thread_blocked, id=16180, stack(0x00000036a7f00000,0x00000036a8000000) (1024K)]
  0x000001ab9fc026f0 JavaThread "Timer-687"                         [_thread_blocked, id=13988, stack(0x00000036a7e00000,0x00000036a7f00000) (1024K)]
  0x000001ab9fc06200 JavaThread "Worker-744: Initialize workspace"        [_thread_blocked, id=4836, stack(0x00000036a7700000,0x00000036a7800000) (1024K)]
  0x000001ab9fc06890 JavaThread "Timer-688"                         [_thread_blocked, id=12140, stack(0x00000036a8100000,0x00000036a8200000) (1024K)]
  0x000001ab9fc06f20 JavaThread "Timer-689"                         [_thread_blocked, id=16496, stack(0x00000036a8200000,0x00000036a8300000) (1024K)]
  0x000001ab9fc04130 JavaThread "Timer-690"                         [_thread_blocked, id=12504, stack(0x00000036a8400000,0x00000036a8500000) (1024K)]
  0x000001ab9fc09d10 JavaThread "Timer-691"                         [_thread_blocked, id=11020, stack(0x00000036a8300000,0x00000036a8400000) (1024K)]
  0x000001ab9fc07c40 JavaThread "Timer-692"                         [_thread_blocked, id=8176, stack(0x00000036a8600000,0x00000036a8700000) (1024K)]
  0x000001ab9fc082d0 JavaThread "Timer-693"                         [_thread_blocked, id=1128, stack(0x00000036a8500000,0x00000036a8600000) (1024K)]
  0x000001ab9fc0a3a0 JavaThread "Timer-694"                         [_thread_blocked, id=13624, stack(0x00000036a8800000,0x00000036a8900000) (1024K)]
  0x000001ab9fc0bde0 JavaThread "Timer-695"                         [_thread_blocked, id=13316, stack(0x00000036a8900000,0x00000036a8a00000) (1024K)]
  0x000001ab9fc08ff0 JavaThread "Worker-756: Initialize workspace"        [_thread_blocked, id=16792, stack(0x00000036a8000000,0x00000036a8100000) (1024K)]
  0x000001ab9fc09680 JavaThread "Timer-696"                         [_thread_blocked, id=12144, stack(0x00000036a8a00000,0x00000036a8b00000) (1024K)]
  0x000001ab9fc075b0 JavaThread "Timer-697"                         [_thread_blocked, id=12744, stack(0x00000036a8b00000,0x00000036a8c00000) (1024K)]
  0x000001ab9fc0aa30 JavaThread "Timer-698"                         [_thread_blocked, id=16676, stack(0x00000036a8d00000,0x00000036a8e00000) (1024K)]
  0x000001ab9fc0b750 JavaThread "Timer-699"                         [_thread_blocked, id=7540, stack(0x00000036a8c00000,0x00000036a8d00000) (1024K)]
  0x000001ab9fc0b0c0 JavaThread "Timer-700"                         [_thread_blocked, id=2536, stack(0x00000036a8f00000,0x00000036a9000000) (1024K)]
  0x000001ab9e2a0e20 JavaThread "Timer-701"                         [_thread_blocked, id=5088, stack(0x00000036a8e00000,0x00000036a8f00000) (1024K)]
  0x000001ab9e2a1b40 JavaThread "Timer-702"                         [_thread_blocked, id=6828, stack(0x00000036a9100000,0x00000036a9200000) (1024K)]
  0x000001ab9fc24110 JavaThread "Timer-703"                         [_thread_blocked, id=12760, stack(0x00000036a9400000,0x00000036a9500000) (1024K)]
  0x000001ab9fc2a380 JavaThread "Worker-784: Initialize workspace"        [_thread_blocked, id=12784, stack(0x00000036a8700000,0x00000036a8800000) (1024K)]
  0x000001ab9fc319a0 JavaThread "Timer-704"                         [_thread_blocked, id=10096, stack(0x00000036a9000000,0x00000036a9100000) (1024K)]
  0x000001ab9c9e8a60 JavaThread "Timer-705"                         [_thread_blocked, id=10620, stack(0x00000036a9300000,0x00000036a9400000) (1024K)]
  0x000001ab9fc08960 JavaThread "Timer-706"                         [_thread_blocked, id=14796, stack(0x00000036a9600000,0x00000036a9700000) (1024K)]
  0x000001ab9fe2d660 JavaThread "Timer-707"                         [_thread_blocked, id=13652, stack(0x00000036a9500000,0x00000036a9600000) (1024K)]
  0x000001ab9fe2bc20 JavaThread "Timer-708"                         [_thread_blocked, id=1384, stack(0x00000036a9800000,0x00000036a9900000) (1024K)]
  0x000001ab9fe2dcf0 JavaThread "Timer-709"                         [_thread_blocked, id=4372, stack(0x00000036a9700000,0x00000036a9800000) (1024K)]
  0x000001ab9fe2a870 JavaThread "Timer-710"                         [_thread_blocked, id=4140, stack(0x00000036a9a00000,0x00000036a9b00000) (1024K)]
  0x000001ab9fe2cfd0 JavaThread "Timer-711"                         [_thread_blocked, id=5496, stack(0x00000036a9b00000,0x00000036a9c00000) (1024K)]
  0x000001ab9fe2b590 JavaThread "Worker-802: Initialize workspace"        [_thread_blocked, id=2528, stack(0x00000036a9200000,0x00000036a9300000) (1024K)]
  0x000001ab9fe2e380 JavaThread "Timer-712"                         [_thread_blocked, id=1364, stack(0x00000036a9c00000,0x00000036a9d00000) (1024K)]
  0x000001ab9fe2ea10 JavaThread "Timer-713"                         [_thread_blocked, id=13880, stack(0x00000036a9d00000,0x00000036a9e00000) (1024K)]
  0x000001ab9fe2f730 JavaThread "Timer-714"                         [_thread_blocked, id=10580, stack(0x00000036a9f00000,0x00000036aa000000) (1024K)]
  0x000001ab9fe2c2b0 JavaThread "Timer-715"                         [_thread_blocked, id=15196, stack(0x00000036a9e00000,0x00000036a9f00000) (1024K)]
  0x000001ab9fe2fdc0 JavaThread "Timer-716"                         [_thread_blocked, id=5548, stack(0x00000036aa100000,0x00000036aa200000) (1024K)]
  0x000001ab9fe2c940 JavaThread "Timer-717"                         [_thread_blocked, id=3280, stack(0x00000036aa000000,0x00000036aa100000) (1024K)]
  0x000001ab9fe30450 JavaThread "Timer-718"                         [_thread_blocked, id=15564, stack(0x00000036aa300000,0x00000036aa400000) (1024K)]
  0x000001ab9fe32bb0 JavaThread "Timer-719"                         [_thread_blocked, id=9852, stack(0x00000036aa400000,0x00000036aa500000) (1024K)]
  0x000001ab9fe31800 JavaThread "Worker-820: Initialize workspace"        [_thread_blocked, id=13740, stack(0x00000036a9900000,0x00000036a9a00000) (1024K)]
  0x000001ab9fe31e90 JavaThread "Timer-720"                         [_thread_blocked, id=7956, stack(0x00000036aa500000,0x00000036aa600000) (1024K)]
  0x000001ab9fe30ae0 JavaThread "Timer-721"                         [_thread_blocked, id=14136, stack(0x00000036aa600000,0x00000036aa700000) (1024K)]
  0x000001ab9fe31170 JavaThread "Timer-722"                         [_thread_blocked, id=14044, stack(0x00000036aa800000,0x00000036aa900000) (1024K)]
  0x000001ab9fe2f0a0 JavaThread "Timer-723"                         [_thread_blocked, id=11276, stack(0x00000036aa700000,0x00000036aa800000) (1024K)]
  0x000001ab9fe359a0 JavaThread "Timer-724"                         [_thread_blocked, id=1296, stack(0x00000036aaa00000,0x00000036aab00000) (1024K)]
  0x000001ab9fe36030 JavaThread "Timer-725"                         [_thread_blocked, id=2136, stack(0x00000036aa900000,0x00000036aaa00000) (1024K)]
  0x000001ab9fe366c0 JavaThread "Timer-726"                         [_thread_blocked, id=4088, stack(0x00000036aac00000,0x00000036aad00000) (1024K)]
  0x000001ab9fe33240 JavaThread "Timer-727"                         [_thread_blocked, id=16700, stack(0x00000036aad00000,0x00000036aae00000) (1024K)]
  0x000001ab9fe345f0 JavaThread "Worker-832: Initialize workspace"        [_thread_blocked, id=10252, stack(0x00000036aa200000,0x00000036aa300000) (1024K)]
  0x000001ab9fe34c80 JavaThread "Timer-728"                         [_thread_blocked, id=5352, stack(0x00000036aae00000,0x00000036aaf00000) (1024K)]
  0x000001ab9fe32520 JavaThread "Timer-729"                         [_thread_blocked, id=9284, stack(0x00000036aaf00000,0x00000036ab000000) (1024K)]
  0x000001ab9fe35310 JavaThread "Timer-730"                         [_thread_blocked, id=15344, stack(0x00000036ab100000,0x00000036ab200000) (1024K)]
  0x000001ab9fe338d0 JavaThread "Timer-731"                         [_thread_blocked, id=8184, stack(0x00000036ab000000,0x00000036ab100000) (1024K)]
  0x000001ab9fdf94f0 JavaThread "Timer-732"                         [_thread_blocked, id=9500, stack(0x00000036ab300000,0x00000036ab400000) (1024K)]
  0x000001ab9fdf6700 JavaThread "Timer-733"                         [_thread_blocked, id=15060, stack(0x00000036ab200000,0x00000036ab300000) (1024K)]
  0x000001ab9fdf8e60 JavaThread "Timer-734"                         [_thread_blocked, id=3856, stack(0x00000036ab500000,0x00000036ab600000) (1024K)]
  0x000001ab9fdf7ab0 JavaThread "Timer-735"                         [_thread_blocked, id=12768, stack(0x00000036ab600000,0x00000036ab700000) (1024K)]
  0x000001ab9fdf7420 JavaThread "Timer-736"                         [_thread_blocked, id=13580, stack(0x00000036ab700000,0x00000036ab800000) (1024K)]
  0x000001ab9fdf87d0 JavaThread "Timer-737"                         [_thread_blocked, id=17180, stack(0x00000036ab800000,0x00000036ab900000) (1024K)]
  0x000001ab9fdfbc50 JavaThread "Timer-738"                         [_thread_blocked, id=13568, stack(0x00000036aba00000,0x00000036abb00000) (1024K)]
  0x000001ab9fdf6070 JavaThread "Timer-739"                         [_thread_blocked, id=1396, stack(0x00000036ab900000,0x00000036aba00000) (1024K)]
  0x000001ab9fdfc2e0 JavaThread "Timer-740"                         [_thread_blocked, id=14852, stack(0x00000036abc00000,0x00000036abd00000) (1024K)]
  0x000001ab9fdf9b80 JavaThread "Timer-741"                         [_thread_blocked, id=16604, stack(0x00000036abb00000,0x00000036abc00000) (1024K)]
  0x000001ab9fdfb5c0 JavaThread "Timer-742"                         [_thread_blocked, id=14564, stack(0x00000036abe00000,0x00000036abf00000) (1024K)]
  0x000001ab9fdfd000 JavaThread "Timer-743"                         [_thread_blocked, id=14532, stack(0x00000036abf00000,0x00000036ac000000) (1024K)]
  0x000001ab9fdfd690 JavaThread "Timer-744"                         [_thread_blocked, id=2820, stack(0x00000036ac000000,0x00000036ac100000) (1024K)]
  0x000001ab9fdfa210 JavaThread "Timer-745"                         [_thread_blocked, id=15480, stack(0x00000036ac100000,0x00000036ac200000) (1024K)]
  0x000001ab9fdfdd20 JavaThread "Timer-746"                         [_thread_blocked, id=7776, stack(0x00000036ac300000,0x00000036ac400000) (1024K)]
  0x000001ab9fdfa8a0 JavaThread "Timer-747"                         [_thread_blocked, id=12232, stack(0x00000036ac200000,0x00000036ac300000) (1024K)]
  0x000001ab9fdfe3b0 JavaThread "Timer-748"                         [_thread_blocked, id=16528, stack(0x00000036ac400000,0x00000036ac500000) (1024K)]
  0x000001ab9fdfaf30 JavaThread "Timer-749"                         [_thread_blocked, id=14480, stack(0x00000036ac500000,0x00000036ac600000) (1024K)]
  0x000001ab9fe00480 JavaThread "Timer-750"                         [_thread_blocked, id=13020, stack(0x00000036ac700000,0x00000036ac800000) (1024K)]
  0x000001ab9fdff0d0 JavaThread "Timer-751"                         [_thread_blocked, id=11292, stack(0x00000036ac800000,0x00000036ac900000) (1024K)]
  0x000001ab9fdfea40 JavaThread "Worker-888: Initialize workspace"        [_thread_blocked, id=14608, stack(0x00000036ab400000,0x00000036ab500000) (1024K)]
  0x000001ab9fdffdf0 JavaThread "Timer-752"                         [_thread_blocked, id=15248, stack(0x00000036ac900000,0x00000036aca00000) (1024K)]
  0x000001ab9fdfc970 JavaThread "Timer-753"                         [_thread_blocked, id=17332, stack(0x00000036aca00000,0x00000036acb00000) (1024K)]
  0x000001ab9fe02550 JavaThread "Timer-754"                         [_thread_blocked, id=14344, stack(0x00000036acc00000,0x00000036acd00000) (1024K)]
  0x000001ab9fe03270 JavaThread "Timer-755"                         [_thread_blocked, id=16392, stack(0x00000036acb00000,0x00000036acc00000) (1024K)]
  0x000001ab9fe00b10 JavaThread "Timer-756"                         [_thread_blocked, id=1468, stack(0x00000036ace00000,0x00000036acf00000) (1024K)]
  0x000001ab9fe02be0 JavaThread "Timer-757"                         [_thread_blocked, id=13736, stack(0x00000036acd00000,0x00000036ace00000) (1024K)]
  0x000001ab9fe03900 JavaThread "Timer-758"                         [_thread_blocked, id=11184, stack(0x00000036acf00000,0x00000036ad000000) (1024K)]
  0x000001ab9fe011a0 JavaThread "Timer-759"                         [_thread_blocked, id=3364, stack(0x00000036ad200000,0x00000036ad300000) (1024K)]
  0x000001ab9fdff760 JavaThread "Worker-909: Initialize workspace"        [_thread_blocked, id=14316, stack(0x00000036ac600000,0x00000036ac700000) (1024K)]
  0x000001ab9fe01830 JavaThread "Timer-760"                         [_thread_blocked, id=9460, stack(0x00000036ad100000,0x00000036ad200000) (1024K)]
  0x000001ab9fe05340 JavaThread "Timer-761"                         [_thread_blocked, id=6516, stack(0x00000036ad300000,0x00000036ad400000) (1024K)]
  0x000001ab9fe03f90 JavaThread "Timer-762"                         [_thread_blocked, id=8556, stack(0x00000036ad500000,0x00000036ad600000) (1024K)]
  0x000001ab9fe01ec0 JavaThread "Timer-763"                         [_thread_blocked, id=7984, stack(0x00000036ad400000,0x00000036ad500000) (1024K)]
  0x000001ab9fe04620 JavaThread "Timer-764"                         [_thread_blocked, id=15016, stack(0x00000036ad700000,0x00000036ad800000) (1024K)]
  0x000001ab9fe06d80 JavaThread "Timer-765"                         [_thread_blocked, id=15584, stack(0x00000036ad600000,0x00000036ad700000) (1024K)]
  0x000001ab9fe07aa0 JavaThread "Timer-766"                         [_thread_blocked, id=11600, stack(0x00000036ad900000,0x00000036ada00000) (1024K)]
  0x000001ab9fe066f0 JavaThread "Timer-767"                         [_thread_blocked, id=2008, stack(0x00000036ada00000,0x00000036adb00000) (1024K)]
  0x000001ab9fe08130 JavaThread "Worker-927: Initialize workspace"        [_thread_blocked, id=6936, stack(0x00000036ad000000,0x00000036ad100000) (1024K)]
  0x000001ab9fe04cb0 JavaThread "Timer-768"                         [_thread_blocked, id=8456, stack(0x00000036adb00000,0x00000036adc00000) (1024K)]
  0x000001ab9fe06060 JavaThread "Timer-769"                         [_thread_blocked, id=14916, stack(0x00000036adc00000,0x00000036add00000) (1024K)]
  0x000001ab9fe087c0 JavaThread "Timer-770"                         [_thread_blocked, id=13496, stack(0x00000036ade00000,0x00000036adf00000) (1024K)]
  0x000001ab9fe08e50 JavaThread "Timer-771"                         [_thread_blocked, id=8304, stack(0x00000036add00000,0x00000036ade00000) (1024K)]
  0x000001ab9fe059d0 JavaThread "Timer-772"                         [_thread_blocked, id=1184, stack(0x00000036ae000000,0x00000036ae100000) (1024K)]
  0x000001ab9fe0c2d0 JavaThread "Timer-773"                         [_thread_blocked, id=17280, stack(0x00000036adf00000,0x00000036ae000000) (1024K)]
  0x000001ab9fe094e0 JavaThread "Timer-774"                         [_thread_blocked, id=11860, stack(0x00000036ae200000,0x00000036ae300000) (1024K)]
  0x000001ab9fe0cff0 JavaThread "Timer-775"                         [_thread_blocked, id=12720, stack(0x00000036ae300000,0x00000036ae400000) (1024K)]
  0x000001ab9fe09b70 JavaThread "Worker-945: Initialize workspace"        [_thread_blocked, id=12916, stack(0x00000036ad800000,0x00000036ad900000) (1024K)]
  0x000001ab9fe0a890 JavaThread "Timer-776"                         [_thread_blocked, id=16344, stack(0x00000036ae400000,0x00000036ae500000) (1024K)]
  0x000001ab9fe07410 JavaThread "Timer-777"                         [_thread_blocked, id=2032, stack(0x00000036ae500000,0x00000036ae600000) (1024K)]
  0x000001ab9fe0bc40 JavaThread "Timer-778"                         [_thread_blocked, id=11404, stack(0x00000036ae700000,0x00000036ae800000) (1024K)]
  0x000001ab9fe0af20 JavaThread "Timer-779"                         [_thread_blocked, id=2200, stack(0x00000036ae600000,0x00000036ae700000) (1024K)]
  0x000001ab9fe0e3a0 JavaThread "Timer-780"                         [_thread_blocked, id=11528, stack(0x00000036ae900000,0x00000036aea00000) (1024K)]
  0x000001ab9fe0c960 JavaThread "Timer-781"                         [_thread_blocked, id=13392, stack(0x00000036ae800000,0x00000036ae900000) (1024K)]
  0x000001ab9fe0d680 JavaThread "Timer-782"                         [_thread_blocked, id=5236, stack(0x00000036aeb00000,0x00000036aec00000) (1024K)]
  0x000001ab9fe0b5b0 JavaThread "Timer-783"                         [_thread_blocked, id=15352, stack(0x00000036aed00000,0x00000036aee00000) (1024K)]
  0x000001ab9fe0ea30 JavaThread "Timer-784"                         [_thread_blocked, id=13588, stack(0x00000036aea00000,0x00000036aeb00000) (1024K)]
  0x000001ab9fe0f0c0 JavaThread "Timer-785"                         [_thread_blocked, id=8724, stack(0x00000036aee00000,0x00000036aef00000) (1024K)]
  0x000001ab9fe0dd10 JavaThread "Timer-786"                         [_thread_blocked, id=9252, stack(0x00000036aef00000,0x00000036af000000) (1024K)]
  0x000001ab9fe0f750 JavaThread "Timer-787"                         [_thread_blocked, id=3380, stack(0x00000036af000000,0x00000036af100000) (1024K)]
  0x000001ab9fe10470 JavaThread "Timer-788"                         [_thread_blocked, id=14996, stack(0x00000036af200000,0x00000036af300000) (1024K)]
  0x000001ab9fe13260 JavaThread "Timer-789"                         [_thread_blocked, id=7584, stack(0x00000036af100000,0x00000036af200000) (1024K)]
  0x000001ab9fe11190 JavaThread "Timer-790"                         [_thread_blocked, id=16364, stack(0x00000036af400000,0x00000036af500000) (1024K)]
  0x000001ab9fe138f0 JavaThread "Timer-791"                         [_thread_blocked, id=16796, stack(0x00000036af600000,0x00000036af700000) (1024K)]
  0x000001ab9fe0fde0 JavaThread "Worker-988: Initialize workspace"        [_thread_blocked, id=6000, stack(0x00000036aec00000,0x00000036aed00000) (1024K)]
  0x000001ab9fe10b00 JavaThread "Timer-792"                         [_thread_blocked, id=10412, stack(0x00000036af500000,0x00000036af600000) (1024K)]
  0x000001ab9fe14610 JavaThread "Timer-793"                         [_thread_blocked, id=5272, stack(0x00000036af700000,0x00000036af800000) (1024K)]
  0x000001ab9fe14ca0 JavaThread "Timer-794"                         [_thread_blocked, id=3120, stack(0x00000036af900000,0x00000036afa00000) (1024K)]
  0x000001ab9fe12540 JavaThread "Timer-795"                         [_thread_blocked, id=13480, stack(0x00000036af800000,0x00000036af900000) (1024K)]
  0x000001ab9fe13f80 JavaThread "Timer-796"                         [_thread_blocked, id=16748, stack(0x00000036afb00000,0x00000036afc00000) (1024K)]
  0x000001ab9fe15330 JavaThread "Timer-797"                         [_thread_blocked, id=3204, stack(0x00000036afa00000,0x00000036afb00000) (1024K)]
  0x000001ab9fe11eb0 JavaThread "Timer-798"                         [_thread_blocked, id=11932, stack(0x00000036afd00000,0x00000036afe00000) (1024K)]
  0x000001ab9fe16050 JavaThread "Timer-799"                         [_thread_blocked, id=17304, stack(0x00000036aff00000,0x00000036b0000000) (1024K)]
  0x000001ab9fe12bd0 JavaThread "Worker-1010: Initialize workspace"        [_thread_blocked, id=15032, stack(0x00000036af300000,0x00000036af400000) (1024K)]
  0x000001ab9fe17400 JavaThread "Timer-800"                         [_thread_blocked, id=7280, stack(0x00000036afe00000,0x00000036aff00000) (1024K)]
  0x000001ab9fe18120 JavaThread "Timer-801"                         [_thread_blocked, id=10024, stack(0x00000036b0000000,0x00000036b0100000) (1024K)]
  0x000001ab9fe17a90 JavaThread "Timer-802"                         [_thread_blocked, id=15412, stack(0x00000036b0200000,0x00000036b0300000) (1024K)]
  0x000001ab9fe16d70 JavaThread "Timer-803"                         [_thread_blocked, id=3916, stack(0x00000036b0100000,0x00000036b0200000) (1024K)]
  0x000001ab9fe187b0 JavaThread "Timer-804"                         [_thread_blocked, id=13876, stack(0x00000036b0400000,0x00000036b0500000) (1024K)]
  0x000001ab9fe166e0 JavaThread "Timer-805"                         [_thread_blocked, id=14668, stack(0x00000036b0300000,0x00000036b0400000) (1024K)]
  0x000001ab9fe18e40 JavaThread "Timer-806"                         [_thread_blocked, id=14904, stack(0x00000036b0600000,0x00000036b0700000) (1024K)]
  0x000001ab9fe1b5a0 JavaThread "Timer-807"                         [_thread_blocked, id=12932, stack(0x00000036b0800000,0x00000036b0900000) (1024K)]
  0x000001ab9fdf8140 JavaThread "Worker-1032: Initialize workspace"        [_thread_blocked, id=14628, stack(0x00000036a1900000,0x00000036a1a00000) (1024K)]
  0x000001ab9fe159c0 JavaThread "Timer-808"                         [_thread_blocked, id=8180, stack(0x0000003692e00000,0x0000003692f00000) (1024K)]
  0x000001ab9fe1c950 JavaThread "Timer-809"                         [_thread_blocked, id=15284, stack(0x00000036b0700000,0x00000036b0800000) (1024K)]
  0x000001ab9fe1a880 JavaThread "Timer-810"                         [_thread_blocked, id=16472, stack(0x00000036b0a00000,0x00000036b0b00000) (1024K)]
  0x000001ab9fe1a1f0 JavaThread "Timer-811"                         [_thread_blocked, id=17388, stack(0x00000036b0900000,0x00000036b0a00000) (1024K)]
  0x000001ab9fe1bc30 JavaThread "Timer-812"                         [_thread_blocked, id=11800, stack(0x00000036b0c00000,0x00000036b0d00000) (1024K)]
  0x000001ab9fe1c2c0 JavaThread "Timer-813"                         [_thread_blocked, id=7004, stack(0x00000036b0b00000,0x00000036b0c00000) (1024K)]
  0x000001ab9fe194d0 JavaThread "Timer-814"                         [_thread_blocked, id=11272, stack(0x00000036b0e00000,0x00000036b0f00000) (1024K)]
  0x000001ab9fe1f740 JavaThread "Timer-815"                         [_thread_blocked, id=8092, stack(0x00000036b0f00000,0x00000036b1000000) (1024K)]
  0x000001ab9fe1e390 JavaThread "Timer-816"                         [_thread_blocked, id=16920, stack(0x00000036b1000000,0x00000036b1100000) (1024K)]
  0x000001ab9fe1dd00 JavaThread "Timer-817"                         [_thread_blocked, id=14012, stack(0x00000036b1100000,0x00000036b1200000) (1024K)]
  0x000001ab9fe1af10 JavaThread "Timer-818"                         [_thread_blocked, id=5584, stack(0x00000036b1300000,0x00000036b1400000) (1024K)]
  0x000001ab9fe20460 JavaThread "Timer-819"                         [_thread_blocked, id=8388, stack(0x00000036b1200000,0x00000036b1300000) (1024K)]
  0x000001ab9fe21180 JavaThread "Timer-820"                         [_thread_blocked, id=10264, stack(0x00000036b1500000,0x00000036b1600000) (1024K)]
  0x000001ab9fe21810 JavaThread "Timer-821"                         [_thread_blocked, id=10348, stack(0x00000036b1400000,0x00000036b1500000) (1024K)]
  0x000001ab9fe20af0 JavaThread "Timer-822"                         [_thread_blocked, id=6800, stack(0x00000036b1700000,0x00000036b1800000) (1024K)]
  0x000001ab9fe1ea20 JavaThread "Timer-823"                         [_thread_blocked, id=15136, stack(0x00000036b1900000,0x00000036b1a00000) (1024K)]
  0x000001ab9fe11820 JavaThread "Worker-1066: Initialize workspace"        [_thread_blocked, id=16196, stack(0x00000036afc00000,0x00000036afd00000) (1024K)]
  0x000001ab9fe1d670 JavaThread "Timer-824"                         [_thread_blocked, id=1176, stack(0x00000036b1800000,0x00000036b1900000) (1024K)]
  0x000001ab9fe24600 JavaThread "Timer-825"                         [_thread_blocked, id=2340, stack(0x00000036b1a00000,0x00000036b1b00000) (1024K)]
  0x000001ab9fe24c90 JavaThread "Timer-826"                         [_thread_blocked, id=8928, stack(0x00000036b1c00000,0x00000036b1d00000) (1024K)]
  0x000001ab9fe22bc0 JavaThread "Timer-827"                         [_thread_blocked, id=15040, stack(0x00000036b1b00000,0x00000036b1c00000) (1024K)]
  0x000001ab9fe25320 JavaThread "Timer-828"                         [_thread_blocked, id=16976, stack(0x00000036b1e00000,0x00000036b1f00000) (1024K)]
  0x000001ab9fe21ea0 JavaThread "Timer-829"                         [_thread_blocked, id=12420, stack(0x00000036b1d00000,0x00000036b1e00000) (1024K)]
  0x000001ab9fe22530 JavaThread "Timer-830"                         [_thread_blocked, id=1156, stack(0x00000036b2000000,0x00000036b2100000) (1024K)]
  0x000001ab9fe259b0 JavaThread "Timer-831"                         [_thread_blocked, id=5684, stack(0x00000036b2100000,0x00000036b2200000) (1024K)]
  0x000001ab9fe1f0b0 JavaThread "Worker-1084: Initialize workspace"        [_thread_blocked, id=16400, stack(0x00000036b0500000,0x00000036b0600000) (1024K)]
  0x000001ab9fe1fdd0 JavaThread "Timer-832"                         [_thread_blocked, id=8636, stack(0x00000036b2200000,0x00000036b2300000) (1024K)]
  0x000001ab9fe26040 JavaThread "Timer-833"                         [_thread_blocked, id=5920, stack(0x00000036b2300000,0x00000036b2400000) (1024K)]
  0x000001ab9fe266d0 JavaThread "Timer-834"                         [_thread_blocked, id=6356, stack(0x00000036b2500000,0x00000036b2600000) (1024K)]
  0x000001ab9fe26d60 JavaThread "Timer-835"                         [_thread_blocked, id=1348, stack(0x00000036b2400000,0x00000036b2500000) (1024K)]
  0x000001ab9fe273f0 JavaThread "Timer-836"                         [_thread_blocked, id=3092, stack(0x00000036b2700000,0x00000036b2800000) (1024K)]
  0x000001ab9fe23f70 JavaThread "Timer-837"                         [_thread_blocked, id=7072, stack(0x00000036b2600000,0x00000036b2700000) (1024K)]
  0x000001ab9fe28110 JavaThread "Timer-838"                         [_thread_blocked, id=12120, stack(0x00000036b2900000,0x00000036b2a00000) (1024K)]
  0x000001ab9fe27a80 JavaThread "Timer-839"                         [_thread_blocked, id=13700, stack(0x00000036b2b00000,0x00000036b2c00000) (1024K)]
  0x000001ab9fe238e0 JavaThread "Worker-1106: Initialize workspace"        [_thread_blocked, id=13772, stack(0x00000036b1f00000,0x00000036b2000000) (1024K)]
  0x000001ab9fe2a1e0 JavaThread "Timer-840"                         [_thread_blocked, id=5760, stack(0x00000036b2a00000,0x00000036b2b00000) (1024K)]
  0x000001ab9fe28e30 JavaThread "Timer-841"                         [_thread_blocked, id=8344, stack(0x00000036b2c00000,0x00000036b2d00000) (1024K)]
  0x000001ab9fe294c0 JavaThread "Timer-842"                         [_thread_blocked, id=13660, stack(0x00000036b2d00000,0x00000036b2e00000) (1024K)]
  0x000001ab9fe29b50 JavaThread "Timer-843"                         [_thread_blocked, id=9472, stack(0x00000036b2e00000,0x00000036b2f00000) (1024K)]
  0x000001ab9fe2af00 JavaThread "Timer-844"                         [_thread_blocked, id=4304, stack(0x00000036b3000000,0x00000036b3100000) (1024K)]
  0x000001ab9c9e9780 JavaThread "Timer-845"                         [_thread_blocked, id=5616, stack(0x00000036b2f00000,0x00000036b3000000) (1024K)]
  0x000001ab9c9e7d40 JavaThread "Timer-846"                         [_thread_blocked, id=12244, stack(0x00000036b3200000,0x00000036b3300000) (1024K)]
  0x000001ab9c9ebee0 JavaThread "Timer-847"                         [_thread_blocked, id=17240, stack(0x00000036b3300000,0x00000036b3400000) (1024K)]
  0x000001ab9fe23250 JavaThread "Worker-1124: Initialize workspace"        [_thread_blocked, id=5680, stack(0x00000036b3100000,0x00000036b3200000) (1024K)]
  0x000001ab9fbf5b80 JavaThread "Timer-848"                         [_thread_blocked, id=5932, stack(0x00000036b3400000,0x00000036b3500000) (1024K)]
  0x000001ab9fe287a0 JavaThread "Timer-849"                         [_thread_blocked, id=3268, stack(0x00000036b3500000,0x00000036b3600000) (1024K)]
  0x000001aba01c3590 JavaThread "Timer-850"                         [_thread_blocked, id=5460, stack(0x00000036b3700000,0x00000036b3800000) (1024K)]
  0x000001aba01c2f00 JavaThread "Timer-851"                         [_thread_blocked, id=3928, stack(0x00000036b3600000,0x00000036b3700000) (1024K)]
  0x000001aba01c2870 JavaThread "Timer-852"                         [_thread_blocked, id=5376, stack(0x00000036b3900000,0x00000036b3a00000) (1024K)]
  0x000001aba01c4fd0 JavaThread "Timer-853"                         [_thread_blocked, id=16468, stack(0x00000036b3800000,0x00000036b3900000) (1024K)]
  0x000001aba01c3c20 JavaThread "Timer-854"                         [_thread_blocked, id=12304, stack(0x00000036b3a00000,0x00000036b3b00000) (1024K)]
  0x000001aba01c5cf0 JavaThread "Timer-855"                         [_thread_blocked, id=10160, stack(0x00000036b3c00000,0x00000036b3d00000) (1024K)]
  0x000001aba01c6a10 JavaThread "Worker-1142: Initialize workspace"        [_thread_blocked, id=10436, stack(0x00000036b3b00000,0x00000036b3c00000) (1024K)]
  0x000001aba01c42b0 JavaThread "Timer-856"                         [_thread_blocked, id=12524, stack(0x00000036b3d00000,0x00000036b3e00000) (1024K)]
  0x000001aba01c7730 JavaThread "Timer-857"                         [_thread_blocked, id=14148, stack(0x00000036b3e00000,0x00000036b3f00000) (1024K)]
  0x000001aba01c5660 JavaThread "Timer-858"                         [_thread_blocked, id=14204, stack(0x00000036b4000000,0x00000036b4100000) (1024K)]
  0x000001aba01c7dc0 JavaThread "Timer-859"                         [_thread_blocked, id=12732, stack(0x00000036b3f00000,0x00000036b4000000) (1024K)]
  0x000001aba01c4940 JavaThread "Timer-860"                         [_thread_blocked, id=6008, stack(0x00000036b4200000,0x00000036b4300000) (1024K)]
  0x000001aba01c8450 JavaThread "Timer-861"                         [_thread_blocked, id=7800, stack(0x00000036b4100000,0x00000036b4200000) (1024K)]
  0x000001aba01cabb0 JavaThread "Timer-862"                         [_thread_blocked, id=14984, stack(0x00000036b4400000,0x00000036b4500000) (1024K)]
  0x000001aba01c8ae0 JavaThread "Timer-863"                         [_thread_blocked, id=6940, stack(0x00000036b4500000,0x00000036b4600000) (1024K)]
  0x000001aba01c9800 JavaThread "Worker-1160: Initialize workspace"        [_thread_blocked, id=15292, stack(0x00000036b1600000,0x00000036b1700000) (1024K)]
  0x000001aba01c9170 JavaThread "Timer-864"                         [_thread_blocked, id=13884, stack(0x00000036b2800000,0x00000036b2900000) (1024K)]
  0x000001aba01c6380 JavaThread "Timer-865"                         [_thread_blocked, id=11164, stack(0x00000036b4600000,0x00000036b4700000) (1024K)]
  0x000001aba01c70a0 JavaThread "Timer-866"                         [_thread_blocked, id=14096, stack(0x00000036b4900000,0x00000036b4a00000) (1024K)]
  0x000001aba01cd9a0 JavaThread "Timer-867"                         [_thread_blocked, id=16524, stack(0x00000036b4800000,0x00000036b4900000) (1024K)]
  0x000001aba01ccc80 JavaThread "Timer-868"                         [_thread_blocked, id=13512, stack(0x00000036b4b00000,0x00000036b4c00000) (1024K)]
  0x000001aba01cd310 JavaThread "Timer-869"                         [_thread_blocked, id=13456, stack(0x00000036b4a00000,0x00000036b4b00000) (1024K)]
  0x000001aba01cb240 JavaThread "Timer-870"                         [_thread_blocked, id=6264, stack(0x00000036b4c00000,0x00000036b4d00000) (1024K)]
  0x000001aba01cc5f0 JavaThread "Timer-871"                         [_thread_blocked, id=8912, stack(0x00000036b4f00000,0x00000036b5000000) (1024K)]
  0x000001aba01c9e90 JavaThread "Timer-872"                         [_thread_blocked, id=14764, stack(0x00000036b4e00000,0x00000036b4f00000) (1024K)]
  0x000001aba01ce030 JavaThread "Timer-873"                         [_thread_blocked, id=14160, stack(0x00000036b5000000,0x00000036b5100000) (1024K)]
  0x000001aba01ce6c0 JavaThread "Timer-874"                         [_thread_blocked, id=3272, stack(0x00000036b5100000,0x00000036b5200000) (1024K)]
  0x000001aba01914f0 JavaThread "Timer-875"                         [_thread_blocked, id=11696, stack(0x00000036b5200000,0x00000036b5300000) (1024K)]
  0x000001aba018ed90 JavaThread "Timer-876"                         [_thread_blocked, id=13848, stack(0x00000036b5400000,0x00000036b5500000) (1024K)]
  0x000001aba01907d0 JavaThread "Timer-877"                         [_thread_blocked, id=1052, stack(0x00000036b5300000,0x00000036b5400000) (1024K)]
  0x000001aba018f420 JavaThread "Timer-878"                         [_thread_blocked, id=7040, stack(0x00000036b5600000,0x00000036b5700000) (1024K)]
  0x000001aba0191b80 JavaThread "Timer-879"                         [_thread_blocked, id=10788, stack(0x00000036b5a00000,0x00000036b5b00000) (1024K)]
  0x000001aba018e070 JavaThread "Timer-880"                         [_thread_blocked, id=11496, stack(0x00000036b4700000,0x00000036b4800000) (1024K)]
  0x000001aba01928a0 JavaThread "Timer-881"                         [_thread_blocked, id=10784, stack(0x00000036b5b00000,0x00000036b5c00000) (1024K)]
  0x000001aba0192f30 JavaThread "Timer-882"                         [_thread_blocked, id=2360, stack(0x00000036b5d00000,0x00000036b5e00000) (1024K)]
  0x000001aba0192210 JavaThread "Timer-883"                         [_thread_blocked, id=5148, stack(0x00000036b5c00000,0x00000036b5d00000) (1024K)]
  0x000001aba0195d20 JavaThread "Timer-884"                         [_thread_blocked, id=8440, stack(0x00000036b5f00000,0x00000036b6000000) (1024K)]
  0x000001aba01935c0 JavaThread "Timer-885"                         [_thread_blocked, id=14928, stack(0x00000036b5e00000,0x00000036b5f00000) (1024K)]
  0x000001aba0190140 JavaThread "Timer-886"                         [_thread_blocked, id=15524, stack(0x00000036b6000000,0x00000036b6100000) (1024K)]
  0x000001aba0196a40 JavaThread "Timer-887"                         [_thread_blocked, id=17056, stack(0x00000036b6300000,0x00000036b6400000) (1024K)]
  0x000001aba01cbf60 JavaThread "Worker-1224: Initialize workspace"        [_thread_blocked, id=14328, stack(0x00000036b5700000,0x00000036b5800000) (1024K)]
  0x000001aba01942e0 JavaThread "Timer-888"                         [_thread_blocked, id=17324, stack(0x00000036b6200000,0x00000036b6300000) (1024K)]
  0x000001aba0195690 JavaThread "Timer-889"                         [_thread_blocked, id=13776, stack(0x00000036b6400000,0x00000036b6500000) (1024K)]
  0x000001aba0194970 JavaThread "Timer-890"                         [_thread_blocked, id=15644, stack(0x00000036b6600000,0x00000036b6700000) (1024K)]
  0x000001aba01970d0 JavaThread "Timer-891"                         [_thread_blocked, id=5660, stack(0x00000036b6500000,0x00000036b6600000) (1024K)]
  0x000001aba01963b0 JavaThread "Timer-892"                         [_thread_blocked, id=11216, stack(0x00000036b6800000,0x00000036b6900000) (1024K)]
  0x000001aba0197760 JavaThread "Timer-893"                         [_thread_blocked, id=14636, stack(0x00000036b6700000,0x00000036b6800000) (1024K)]
  0x000001aba0198480 JavaThread "Timer-894"                         [_thread_blocked, id=8868, stack(0x00000036b6a00000,0x00000036b6b00000) (1024K)]
  0x000001aba019abe0 JavaThread "Timer-895"                         [_thread_blocked, id=15024, stack(0x00000036b6c00000,0x00000036b6d00000) (1024K)]
  0x000001aba0193c50 JavaThread "Worker-1247: Initialize workspace"        [_thread_blocked, id=15836, stack(0x00000036b6100000,0x00000036b6200000) (1024K)]
  0x000001aba0195000 JavaThread "Timer-896"                         [_thread_blocked, id=15124, stack(0x00000036b6b00000,0x00000036b6c00000) (1024K)]
  0x000001aba019b270 JavaThread "Timer-897"                         [_thread_blocked, id=9804, stack(0x00000036b6d00000,0x00000036b6e00000) (1024K)]
  0x000001aba019bf90 JavaThread "Timer-898"                         [_thread_blocked, id=3196, stack(0x00000036b6f00000,0x00000036b7000000) (1024K)]
  0x000001aba01991a0 JavaThread "Timer-899"                         [_thread_blocked, id=16416, stack(0x00000036b6e00000,0x00000036b6f00000) (1024K)]
  0x000001aba019ccb0 JavaThread "Timer-900"                         [_thread_blocked, id=2976, stack(0x00000036b7100000,0x00000036b7200000) (1024K)]
  0x000001aba0199830 JavaThread "Timer-901"                         [_thread_blocked, id=15244, stack(0x00000036b7000000,0x00000036b7100000) (1024K)]
  0x000001aba019a550 JavaThread "Timer-902"                         [_thread_blocked, id=12884, stack(0x00000036b7300000,0x00000036b7400000) (1024K)]
  0x000001aba0198b10 JavaThread "Timer-903"                         [_thread_blocked, id=17028, stack(0x00000036b7400000,0x00000036b7500000) (1024K)]
  0x000001aba0197df0 JavaThread "Worker-1259: Initialize workspace"        [_thread_blocked, id=9828, stack(0x00000036b6900000,0x00000036b6a00000) (1024K)]
  0x000001aba019ed80 JavaThread "Timer-904"                         [_thread_blocked, id=15104, stack(0x00000036b7500000,0x00000036b7600000) (1024K)]
  0x000001aba019b900 JavaThread "Timer-905"                         [_thread_blocked, id=15548, stack(0x00000036b7600000,0x00000036b7700000) (1024K)]
  0x000001aba019faa0 JavaThread "Timer-906"                         [_thread_blocked, id=10052, stack(0x00000036b7800000,0x00000036b7900000) (1024K)]
  0x000001aba019e060 JavaThread "Timer-907"                         [_thread_blocked, id=15416, stack(0x00000036b7700000,0x00000036b7800000) (1024K)]
  0x000001aba019d9d0 JavaThread "Timer-908"                         [_thread_blocked, id=17288, stack(0x00000036b7a00000,0x00000036b7b00000) (1024K)]
  0x000001aba019c620 JavaThread "Timer-909"                         [_thread_blocked, id=1524, stack(0x00000036b7900000,0x00000036b7a00000) (1024K)]
  0x000001aba01a1b70 JavaThread "Timer-910"                         [_thread_blocked, id=15852, stack(0x00000036b7b00000,0x00000036b7c00000) (1024K)]
  0x000001aba01a14e0 JavaThread "Timer-911"                         [_thread_blocked, id=14084, stack(0x00000036b7c00000,0x00000036b7d00000) (1024K)]
  0x000001aba019e6f0 JavaThread "Worker-1284: Initialize workspace"        [_thread_blocked, id=6376, stack(0x00000036b7200000,0x00000036b7300000) (1024K)]
  0x000001aba01a07c0 JavaThread "Timer-912"                         [_thread_blocked, id=5964, stack(0x00000036b7e00000,0x00000036b7f00000) (1024K)]
  0x000001aba019f410 JavaThread "Timer-913"                         [_thread_blocked, id=6796, stack(0x00000036b7f00000,0x00000036b8000000) (1024K)]
  0x000001aba019d340 JavaThread "Timer-914"                         [_thread_blocked, id=7296, stack(0x00000036b8100000,0x00000036b8200000) (1024K)]
  0x000001aba01a2200 JavaThread "Timer-915"                         [_thread_blocked, id=5332, stack(0x00000036b8000000,0x00000036b8100000) (1024K)]
  0x000001aba01a2890 JavaThread "Timer-916"                         [_thread_blocked, id=9048, stack(0x00000036b8300000,0x00000036b8400000) (1024K)]
  0x000001aba01a2f20 JavaThread "Timer-917"                         [_thread_blocked, id=13644, stack(0x00000036b8200000,0x00000036b8300000) (1024K)]
  0x000001aba01a0e50 JavaThread "Timer-918"                         [_thread_blocked, id=4724, stack(0x00000036b8500000,0x00000036b8600000) (1024K)]
  0x000001aba01a63a0 JavaThread "Timer-919"                         [_thread_blocked, id=6968, stack(0x00000036b8600000,0x00000036b8700000) (1024K)]
  0x000001aba01a35b0 JavaThread "Worker-1300: Initialize workspace"        [_thread_blocked, id=15604, stack(0x00000036b7d00000,0x00000036b7e00000) (1024K)]
  0x000001aba01a5d10 JavaThread "Timer-920"                         [_thread_blocked, id=4144, stack(0x00000036b8700000,0x00000036b8800000) (1024K)]
  0x000001aba01a3c40 JavaThread "Timer-921"                         [_thread_blocked, id=10164, stack(0x00000036b8800000,0x00000036b8900000) (1024K)]
  0x000001aba01a4960 JavaThread "Timer-922"                         [_thread_blocked, id=3044, stack(0x00000036b8a00000,0x00000036b8b00000) (1024K)]
  0x000001aba01a6a30 JavaThread "Timer-923"                         [_thread_blocked, id=1604, stack(0x00000036b8900000,0x00000036b8a00000) (1024K)]
  0x000001aba01a42d0 JavaThread "Timer-924"                         [_thread_blocked, id=16200, stack(0x00000036b8c00000,0x00000036b8d00000) (1024K)]
  0x000001aba01a4ff0 JavaThread "Timer-925"                         [_thread_blocked, id=14124, stack(0x00000036b8b00000,0x00000036b8c00000) (1024K)]
  0x000001aba01a70c0 JavaThread "Timer-926"                         [_thread_blocked, id=9596, stack(0x00000036b8e00000,0x00000036b8f00000) (1024K)]
  0x000001aba01a7de0 JavaThread "Timer-927"                         [_thread_blocked, id=16768, stack(0x00000036b9000000,0x00000036b9100000) (1024K)]
  0x000001aba01a0130 JavaThread "Worker-1323: Initialize workspace"        [_thread_blocked, id=8628, stack(0x00000036b8400000,0x00000036b8500000) (1024K)]
  0x000001aba01a7750 JavaThread "Timer-928"                         [_thread_blocked, id=11456, stack(0x00000036b8d00000,0x00000036b8e00000) (1024K)]
  0x000001aba01a8b00 JavaThread "Timer-929"                         [_thread_blocked, id=14896, stack(0x00000036b9100000,0x00000036b9200000) (1024K)]
  0x000001aba01ab260 JavaThread "Timer-930"                         [_thread_blocked, id=8600, stack(0x00000036b9300000,0x00000036b9400000) (1024K)]
  0x000001aba01ab8f0 JavaThread "Timer-931"                         [_thread_blocked, id=2316, stack(0x00000036b9200000,0x00000036b9300000) (1024K)]
  0x000001aba01a9eb0 JavaThread "Timer-932"                         [_thread_blocked, id=2876, stack(0x00000036b9500000,0x00000036b9600000) (1024K)]
  0x000001aba01aabd0 JavaThread "Timer-933"                         [_thread_blocked, id=8076, stack(0x00000036b9400000,0x00000036b9500000) (1024K)]
  0x000001aba01a8470 JavaThread "Timer-934"                         [_thread_blocked, id=5656, stack(0x00000036b9700000,0x00000036b9800000) (1024K)]
  0x000001aba01ac610 JavaThread "Timer-935"                         [_thread_blocked, id=17336, stack(0x00000036b9800000,0x00000036b9900000) (1024K)]
  0x000001aba01abf80 JavaThread "Worker-1346: Initialize workspace"        [_thread_blocked, id=10932, stack(0x00000036b8f00000,0x00000036b9000000) (1024K)]
  0x000001aba01a9190 JavaThread "Timer-936"                         [_thread_blocked, id=8148, stack(0x00000036b9900000,0x00000036b9a00000) (1024K)]
  0x000001aba01a9820 JavaThread "Timer-937"                         [_thread_blocked, id=17236, stack(0x00000036b9a00000,0x00000036b9b00000) (1024K)]
  0x000001aba01afa90 JavaThread "Timer-938"                         [_thread_blocked, id=11512, stack(0x00000036b9c00000,0x00000036b9d00000) (1024K)]
  0x000001aba01ad9c0 JavaThread "Timer-939"                         [_thread_blocked, id=17132, stack(0x00000036b9b00000,0x00000036b9c00000) (1024K)]
  0x000001aba01b0120 JavaThread "Timer-940"                         [_thread_blocked, id=17088, stack(0x00000036b9e00000,0x00000036b9f00000) (1024K)]
  0x000001aba01b07b0 JavaThread "Timer-941"                         [_thread_blocked, id=3288, stack(0x00000036b9d00000,0x00000036b9e00000) (1024K)]
  0x000001aba01ae050 JavaThread "Timer-942"                         [_thread_blocked, id=9340, stack(0x00000036ba000000,0x00000036ba100000) (1024K)]
  0x000001aba01ad330 JavaThread "Timer-943"                         [_thread_blocked, id=1992, stack(0x00000036ba100000,0x00000036ba200000) (1024K)]
  0x000001aba01acca0 JavaThread "Worker-1363: Initialize workspace"        [_thread_blocked, id=16892, stack(0x00000036b9600000,0x00000036b9700000) (1024K)]
  0x000001aba01b0e40 JavaThread "Timer-944"                         [_thread_blocked, id=16216, stack(0x00000036ba200000,0x00000036ba300000) (1024K)]
  0x000001aba01af400 JavaThread "Timer-945"                         [_thread_blocked, id=14832, stack(0x00000036ba300000,0x00000036ba400000) (1024K)]
  0x000001aba01b1b60 JavaThread "Timer-946"                         [_thread_blocked, id=15472, stack(0x00000036ba500000,0x00000036ba600000) (1024K)]
  0x000001aba01b14d0 JavaThread "Timer-947"                         [_thread_blocked, id=14952, stack(0x00000036ba400000,0x00000036ba500000) (1024K)]
  0x000001aba01ae6e0 JavaThread "Timer-948"                         [_thread_blocked, id=9356, stack(0x00000036ba700000,0x00000036ba800000) (1024K)]
  0x000001aba01b21f0 JavaThread "Timer-949"                         [_thread_blocked, id=3220, stack(0x00000036ba600000,0x00000036ba700000) (1024K)]
  0x000001aba01b3c30 JavaThread "Timer-950"                         [_thread_blocked, id=12668, stack(0x00000036ba900000,0x00000036baa00000) (1024K)]
  0x000001aba01b2880 JavaThread "Timer-951"                         [_thread_blocked, id=14912, stack(0x00000036bab00000,0x00000036bac00000) (1024K)]
  0x000001aba01b6390 JavaThread "Worker-1382: Initialize workspace"        [_thread_blocked, id=13788, stack(0x00000036ba800000,0x00000036ba900000) (1024K)]
  0x000001aba01b42c0 JavaThread "Timer-952"                         [_thread_blocked, id=13692, stack(0x00000036baa00000,0x00000036bab00000) (1024K)]
  0x000001aba01b35a0 JavaThread "Timer-953"                         [_thread_blocked, id=2984, stack(0x00000036bac00000,0x00000036bad00000) (1024K)]
  0x000001aba01b5d00 JavaThread "Timer-954"                         [_thread_blocked, id=13696, stack(0x00000036bae00000,0x00000036baf00000) (1024K)]
  0x000001aba01b4950 JavaThread "Timer-955"                         [_thread_blocked, id=16260, stack(0x00000036bad00000,0x00000036bae00000) (1024K)]
  0x000001aba01b4fe0 JavaThread "Timer-956"                         [_thread_blocked, id=8624, stack(0x00000036bb000000,0x00000036bb100000) (1024K)]
  0x000001aba01b5670 JavaThread "Timer-957"                         [_thread_blocked, id=5692, stack(0x00000036baf00000,0x00000036bb000000) (1024K)]
  0x000001aba01b2f10 JavaThread "Timer-958"                         [_thread_blocked, id=14708, stack(0x00000036bb200000,0x00000036bb300000) (1024K)]
  0x000001aba01b9ea0 JavaThread "Timer-959"                         [_thread_blocked, id=15324, stack(0x00000036bb400000,0x00000036bb500000) (1024K)]
  0x000001aba01b8af0 JavaThread "Worker-1401: Initialize workspace"        [_thread_blocked, id=13932, stack(0x00000036bb300000,0x00000036bb400000) (1024K)]
  0x000001aba01b9180 JavaThread "Timer-960"                         [_thread_blocked, id=4756, stack(0x00000036bb100000,0x00000036bb200000) (1024K)]
  0x000001aba01b70b0 JavaThread "Timer-961"                         [_thread_blocked, id=10148, stack(0x00000036bb500000,0x00000036bb600000) (1024K)]
  0x000001aba01b7dd0 JavaThread "Timer-962"                         [_thread_blocked, id=14696, stack(0x00000036bb700000,0x00000036bb800000) (1024K)]
  0x000001aba01b7740 JavaThread "Timer-963"                         [_thread_blocked, id=13416, stack(0x00000036bb600000,0x00000036bb700000) (1024K)]
  0x000001aba01b9810 JavaThread "Timer-964"                         [_thread_blocked, id=15212, stack(0x00000036bb900000,0x00000036bba00000) (1024K)]
  0x000001aba01b6a20 JavaThread "Timer-965"                         [_thread_blocked, id=13812, stack(0x00000036bb800000,0x00000036bb900000) (1024K)]
  0x000001aba01ba530 JavaThread "Timer-966"                         [_thread_blocked, id=9740, stack(0x00000036bbb00000,0x00000036bbc00000) (1024K)]
  0x000001aba01be040 JavaThread "Timer-967"                         [_thread_blocked, id=12056, stack(0x00000036bbc00000,0x00000036bbd00000) (1024K)]
  0x000001aba01babc0 JavaThread "Worker-1418: Initialize workspace"        [_thread_blocked, id=15576, stack(0x00000036bba00000,0x00000036bbb00000) (1024K)]
  0x000001aba01bb250 JavaThread "Timer-968"                         [_thread_blocked, id=14512, stack(0x00000036bbd00000,0x00000036bbe00000) (1024K)]
  0x000001aba01bb8e0 JavaThread "Timer-969"                         [_thread_blocked, id=11288, stack(0x00000036bbe00000,0x00000036bbf00000) (1024K)]
  0x000001aba01b8460 JavaThread "Timer-970"                         [_thread_blocked, id=15932, stack(0x00000036bc000000,0x00000036bc100000) (1024K)]
  0x000001aba01bd9b0 JavaThread "Timer-971"                         [_thread_blocked, id=16176, stack(0x00000036bbf00000,0x00000036bc000000) (1024K)]
  0x000001aba01bed60 JavaThread "Timer-972"                         [_thread_blocked, id=4460, stack(0x00000036bc200000,0x00000036bc300000) (1024K)]
  0x000001aba01bcc90 JavaThread "Timer-973"                         [_thread_blocked, id=5300, stack(0x00000036bc100000,0x00000036bc200000) (1024K)]
  0x000001aba01bc600 JavaThread "Timer-974"                         [_thread_blocked, id=16588, stack(0x00000036bc300000,0x00000036bc400000) (1024K)]
  0x000001aba01bd320 JavaThread "Timer-975"                         [_thread_blocked, id=7692, stack(0x00000036bc500000,0x00000036bc600000) (1024K)]
  0x000001aba01be6d0 JavaThread "Worker-1436: Initialize workspace"        [_thread_blocked, id=12284, stack(0x00000036bc400000,0x00000036bc500000) (1024K)]
  0x000001aba01bbf70 JavaThread "Timer-976"                         [_thread_blocked, id=3820, stack(0x00000036bc600000,0x00000036bc700000) (1024K)]
  0x000001aba01c21e0 JavaThread "Timer-977"                         [_thread_blocked, id=15280, stack(0x00000036bc700000,0x00000036bc800000) (1024K)]
  0x000001aba01c07a0 JavaThread "Timer-978"                         [_thread_blocked, id=17020, stack(0x00000036bc900000,0x00000036bca00000) (1024K)]
  0x000001aba01bfa80 JavaThread "Timer-979"                         [_thread_blocked, id=8308, stack(0x00000036bc800000,0x00000036bc900000) (1024K)]
  0x000001aba01bf3f0 JavaThread "Timer-980"                         [_thread_blocked, id=14424, stack(0x00000036bcb00000,0x00000036bcc00000) (1024K)]
  0x000001aba01c0e30 JavaThread "Timer-981"                         [_thread_blocked, id=8908, stack(0x00000036bca00000,0x00000036bcb00000) (1024K)]
  0x000001aba01c14c0 JavaThread "Timer-982"                         [_thread_blocked, id=10088, stack(0x00000036bcd00000,0x00000036bce00000) (1024K)]
  0x000001aba01c1b50 JavaThread "Timer-983"                         [_thread_blocked, id=5388, stack(0x00000036bce00000,0x00000036bcf00000) (1024K)]
  0x000001aba01aed70 JavaThread "Worker-1453: Initialize workspace"        [_thread_blocked, id=12048, stack(0x00000036b9f00000,0x00000036ba000000) (1024K)]
  0x000001aba018e700 JavaThread "Timer-984"                         [_thread_blocked, id=672, stack(0x00000036bcf00000,0x00000036bd000000) (1024K)]
  0x000001aba01c0110 JavaThread "Timer-985"                         [_thread_blocked, id=13428, stack(0x00000036bd000000,0x00000036bd100000) (1024K)]
  0x000001aba01a5680 JavaThread "Timer-986"                         [_thread_blocked, id=8768, stack(0x00000036bd200000,0x00000036bd300000) (1024K)]
  0x000001ab9fc1f8e0 JavaThread "Timer-987"                         [_thread_blocked, id=13284, stack(0x00000036bd100000,0x00000036bd200000) (1024K)]
  0x000001ab9c9e9e10 JavaThread "Timer-988"                         [_thread_blocked, id=16836, stack(0x00000036bd400000,0x00000036bd500000) (1024K)]
  0x000001ab9fd76910 JavaThread "Timer-989"                         [_thread_blocked, id=17208, stack(0x00000036bd300000,0x00000036bd400000) (1024K)]
  0x000001ab9fd79700 JavaThread "Timer-990"                         [_thread_blocked, id=7968, stack(0x00000036bd500000,0x00000036bd600000) (1024K)]
  0x000001ab9fd77630 JavaThread "Timer-991"                         [_thread_blocked, id=11308, stack(0x00000036bd900000,0x00000036bda00000) (1024K)]
  0x000001ab9fd79070 JavaThread "Worker-1475: Initialize workspace"        [_thread_blocked, id=18012, stack(0x00000036b4d00000,0x00000036b4e00000) (1024K)]
  0x000001ab9fd77cc0 JavaThread "Timer-992"                         [_thread_blocked, id=18136, stack(0x00000036bda00000,0x00000036bdb00000) (1024K)]
  0x000001ab9fd78350 JavaThread "Timer-993"                         [_thread_blocked, id=18148, stack(0x00000036bdb00000,0x00000036bdc00000) (1024K)]
  0x000001ab9fd7a420 JavaThread "Timer-994"                         [_thread_blocked, id=18156, stack(0x00000036bdd00000,0x00000036bde00000) (1024K)]
  0x000001ab9fd76fa0 JavaThread "Timer-995"                         [_thread_blocked, id=18164, stack(0x00000036bdc00000,0x00000036bdd00000) (1024K)]
  0x000001ab9fd7b140 JavaThread "Timer-996"                         [_thread_blocked, id=18172, stack(0x00000036bdf00000,0x00000036be000000) (1024K)]
  0x000001ab9fd7b7d0 JavaThread "Timer-997"                         [_thread_blocked, id=18340, stack(0x00000036bde00000,0x00000036bdf00000) (1024K)]
  0x000001ab9fd7df30 JavaThread "Timer-998"                         [_thread_blocked, id=18348, stack(0x00000036be100000,0x00000036be200000) (1024K)]
  0x000001ab9fd7e5c0 JavaThread "Timer-999"                         [_thread_blocked, id=18368, stack(0x00000036be400000,0x00000036be500000) (1024K)]
  0x000001ab9fd789e0 JavaThread "Worker-1494: Initialize workspace"        [_thread_blocked, id=10848, stack(0x00000036bd800000,0x00000036bd900000) (1024K)]
  0x000001ab9fd7c4f0 JavaThread "Timer-1000"                        [_thread_blocked, id=15528, stack(0x00000036be200000,0x00000036be300000) (1024K)]
  0x000001ab9fd7aab0 JavaThread "Timer-1001"                        [_thread_blocked, id=8864, stack(0x00000036be300000,0x00000036be400000) (1024K)]
  0x000001ab9fd7d210 JavaThread "Timer-1002"                        [_thread_blocked, id=10440, stack(0x00000036be500000,0x00000036be600000) (1024K)]
  0x000001ab9fd79d90 JavaThread "Timer-1003"                        [_thread_blocked, id=16992, stack(0x00000036be600000,0x00000036be700000) (1024K)]
  0x000001ab9fd80690 JavaThread "Timer-1004"                        [_thread_blocked, id=14560, stack(0x00000036be800000,0x00000036be900000) (1024K)]
  0x000001ab9fd80d20 JavaThread "Timer-1005"                        [_thread_blocked, id=17536, stack(0x00000036be700000,0x00000036be800000) (1024K)]
  0x000001ab9fd7f2e0 JavaThread "Timer-1006"                        [_thread_blocked, id=17496, stack(0x00000036bea00000,0x00000036beb00000) (1024K)]
  0x000001ab9fd7d8a0 JavaThread "Timer-1007"                        [_thread_blocked, id=17612, stack(0x00000036bec00000,0x00000036bed00000) (1024K)]
  0x000001ab9fd7cb80 JavaThread "Worker-1515: Initialize workspace"        [_thread_blocked, id=13716, stack(0x00000036be000000,0x00000036be100000) (1024K)]
  0x000001ab9fd820d0 JavaThread "Timer-1008"                        [_thread_blocked, id=17656, stack(0x00000036beb00000,0x00000036bec00000) (1024K)]
  0x000001ab9fd81a40 JavaThread "Timer-1009"                        [_thread_blocked, id=17556, stack(0x00000036bed00000,0x00000036bee00000) (1024K)]
  0x000001ab9fd80000 JavaThread "Timer-1010"                        [_thread_blocked, id=17540, stack(0x00000036bee00000,0x00000036bef00000) (1024K)]
  0x000001ab9fd7f970 JavaThread "Timer-1011"                        [_thread_blocked, id=12260, stack(0x00000036bef00000,0x00000036bf000000) (1024K)]
  0x000001ab9fd841a0 JavaThread "Timer-1012"                        [_thread_blocked, id=17500, stack(0x00000036bf000000,0x00000036bf100000) (1024K)]
  0x000001ab9fd82df0 JavaThread "Timer-1013"                        [_thread_blocked, id=17768, stack(0x00000036bf100000,0x00000036bf200000) (1024K)]
  0x000001ab9fd82760 JavaThread "Timer-1014"                        [_thread_blocked, id=17816, stack(0x00000036bf300000,0x00000036bf400000) (1024K)]
  0x000001ab9fd813b0 JavaThread "Timer-1015"                        [_thread_blocked, id=17976, stack(0x00000036bf200000,0x00000036bf300000) (1024K)]
  0x000001ab9fd7ec50 JavaThread "Worker-1535: Initialize workspace"        [_thread_blocked, id=17884, stack(0x00000036be900000,0x00000036bea00000) (1024K)]
  0x000001ab9fd7be60 JavaThread "Worker-1542: Check JDK Index"        [_thread_blocked, id=18020, stack(0x00000036bcc00000,0x00000036bcd00000) (1024K)]
  0x000001ab9fd84830 JavaThread "Worker-1543: Check JDK Index"        [_thread_blocked, id=18024, stack(0x00000036bf400000,0x00000036bf500000) (1024K)]
  0x000001ab9fd85be0 JavaThread "Worker-1544: Check JDK Index"        [_thread_blocked, id=18036, stack(0x00000036bf500000,0x00000036bf600000) (1024K)]
  0x000001ab9fd86900 JavaThread "Worker-1545: Check JDK Index"        [_thread_blocked, id=18032, stack(0x00000036bf600000,0x00000036bf700000) (1024K)]
  0x000001ab9fd84ec0 JavaThread "Worker-1546: Check JDK Index"        [_thread_blocked, id=18044, stack(0x00000036bf700000,0x00000036bf800000) (1024K)]
  0x000001ab9fd86270 JavaThread "Worker-1547: Check JDK Index"        [_thread_blocked, id=18040, stack(0x00000036bf800000,0x00000036bf900000) (1024K)]
  0x000001ab9fd83480 JavaThread "Worker-1548: Check JDK Index"        [_thread_blocked, id=18072, stack(0x00000036bf900000,0x00000036bfa00000) (1024K)]
  0x000001ab9fd86f90 JavaThread "Worker-1549: Check JDK Index"        [_thread_blocked, id=18128, stack(0x00000036bfa00000,0x00000036bfb00000) (1024K)]
  0x000001ab9fd83b10 JavaThread "Worker-1550: Check JDK Index"        [_thread_blocked, id=18124, stack(0x00000036bfb00000,0x00000036bfc00000) (1024K)]
  0x000001ab9fd88340 JavaThread "Worker-1551: Check JDK Index"        [_thread_blocked, id=18120, stack(0x00000036bfc00000,0x00000036bfd00000) (1024K)]
  0x000001ab9fd889d0 JavaThread "Worker-1552: Check JDK Index"        [_thread_blocked, id=18108, stack(0x00000036bfd00000,0x00000036bfe00000) (1024K)]
  0x000001ab9fd8aaa0 JavaThread "Worker-1553: Check JDK Index"        [_thread_blocked, id=18104, stack(0x00000036bfe00000,0x00000036bff00000) (1024K)]
  0x000001ab9fd87cb0 JavaThread "Worker-1554: Check JDK Index"        [_thread_blocked, id=18096, stack(0x00000036bff00000,0x00000036c0000000) (1024K)]
  0x000001ab9fd8a410 JavaThread "Worker-1555: Check JDK Index"        [_thread_blocked, id=18116, stack(0x00000036c0000000,0x00000036c0100000) (1024K)]
  0x000001ab9fd89d80 JavaThread "Worker-1556: Check JDK Index"        [_thread_blocked, id=18112, stack(0x00000036c0100000,0x00000036c0200000) (1024K)]
  0x000001ab9fd89060 JavaThread "Worker-1557: Check JDK Index"        [_thread_blocked, id=18084, stack(0x00000036c0200000,0x00000036c0300000) (1024K)]
  0x000001ab9fd896f0 JavaThread "Worker-1558: Check JDK Index"        [_thread_blocked, id=18060, stack(0x00000036c0300000,0x00000036c0400000) (1024K)]
  0x000001ab9fd87620 JavaThread "Worker-1559: Check JDK Index"        [_thread_blocked, id=18080, stack(0x00000036c0400000,0x00000036c0500000) (1024K)]
  0x000001ab9fd8e5b0 JavaThread "Worker-1560: Check JDK Index"        [_thread_blocked, id=18088, stack(0x00000036c0500000,0x00000036c0600000) (1024K)]
  0x000001ab9fd8be50 JavaThread "Worker-1561: Check JDK Index"        [_thread_blocked, id=18076, stack(0x00000036c0600000,0x00000036c0700000) (1024K)]
  0x000001ab9fd8b130 JavaThread "Worker-1562: Check JDK Index"        [_thread_blocked, id=18068, stack(0x00000036c0700000,0x00000036c0800000) (1024K)]
  0x000001ab9fd8b7c0 JavaThread "Worker-1563: Check JDK Index"        [_thread_blocked, id=18056, stack(0x00000036c0800000,0x00000036c0900000) (1024K)]
  0x000001ab9fd8df20 JavaThread "Worker-1564: Check JDK Index"        [_thread_blocked, id=18048, stack(0x00000036c0900000,0x00000036c0a00000) (1024K)]
  0x000001ab9fd8ec40 JavaThread "Worker-1565: Check JDK Index"        [_thread_blocked, id=18140, stack(0x00000036c0a00000,0x00000036c0b00000) (1024K)]
  0x000001ab9fd8f2d0 JavaThread "Worker-1566: Check JDK Index"        [_thread_blocked, id=18144, stack(0x00000036c0b00000,0x00000036c0c00000) (1024K)]
  0x000001ab9fd8f960 JavaThread "Worker-1567: Check JDK Index"        [_thread_blocked, id=18152, stack(0x00000036c0c00000,0x00000036c0d00000) (1024K)]
  0x000001ab9fd8c4e0 JavaThread "Worker-1568: Check JDK Index"        [_thread_blocked, id=15500, stack(0x00000036c0d00000,0x00000036c0e00000) (1024K)]
  0x000001ab9fd8fff0 JavaThread "Worker-1569: Check JDK Index"        [_thread_blocked, id=18092, stack(0x00000036c0e00000,0x00000036c0f00000) (1024K)]
  0x000001ab9fd8cb70 JavaThread "Worker-1570: Check JDK Index"        [_thread_blocked, id=18100, stack(0x00000036c0f00000,0x00000036c1000000) (1024K)]
  0x000001ab9fd8d200 JavaThread "Worker-1571: Check JDK Index"        [_thread_blocked, id=2456, stack(0x00000036c1000000,0x00000036c1100000) (1024K)]
  0x000001ab9fd8d890 JavaThread "Worker-1572: Check JDK Index"        [_thread_blocked, id=14548, stack(0x00000036c1100000,0x00000036c1200000) (1024K)]
  0x000001ab9fd90680 JavaThread "Worker-1573: Check JDK Index"        [_thread_blocked, id=10376, stack(0x00000036c1200000,0x00000036c1300000) (1024K)]
  0x000001ab9fd920c0 JavaThread "Worker-1574: Check JDK Index"        [_thread_blocked, id=12220, stack(0x00000036c1300000,0x00000036c1400000) (1024K)]
  0x000001ab9fd93b00 JavaThread "Worker-1575: Check JDK Index"        [_thread_blocked, id=7120, stack(0x00000036c1400000,0x00000036c1500000) (1024K)]
  0x000001ab9fd92750 JavaThread "Worker-1576: Check JDK Index"        [_thread_blocked, id=14964, stack(0x00000036c1500000,0x00000036c1600000) (1024K)]
  0x000001ab9fd90d10 JavaThread "Worker-1577: Check JDK Index"        [_thread_blocked, id=13024, stack(0x00000036c1600000,0x00000036c1700000) (1024K)]
  0x000001ab9fd94190 JavaThread "Worker-1578: Check JDK Index"        [_thread_blocked, id=18264, stack(0x00000036c1700000,0x00000036c1800000) (1024K)]
  0x000001ab9fd94820 JavaThread "Worker-1579: Check JDK Index"        [_thread_blocked, id=18260, stack(0x00000036c1800000,0x00000036c1900000) (1024K)]
  0x000001ab9fd913a0 JavaThread "Worker-1580: Check JDK Index"        [_thread_blocked, id=18256, stack(0x00000036c1900000,0x00000036c1a00000) (1024K)]
  0x000001ab9fd94eb0 JavaThread "Worker-1581: Check JDK Index"        [_thread_blocked, id=18308, stack(0x00000036c1a00000,0x00000036c1b00000) (1024K)]
  0x000001ab9fd91a30 JavaThread "Worker-1582: Check JDK Index"        [_thread_blocked, id=18284, stack(0x00000036c1b00000,0x00000036c1c00000) (1024K)]
  0x000001ab9fd93470 JavaThread "Worker-1583: Check JDK Index"        [_thread_blocked, id=18280, stack(0x00000036c1c00000,0x00000036c1d00000) (1024K)]
  0x000001ab9fd95bd0 JavaThread "Worker-1584: Check JDK Index"        [_thread_blocked, id=18292, stack(0x00000036c1d00000,0x00000036c1e00000) (1024K)]
  0x000001ab9fd92de0 JavaThread "Worker-1585: Check JDK Index"        [_thread_blocked, id=18288, stack(0x00000036c1e00000,0x00000036c1f00000) (1024K)]
  0x000001ab9fd95540 JavaThread "Worker-1586: Check JDK Index"        [_thread_blocked, id=18276, stack(0x00000036c1f00000,0x00000036c2000000) (1024K)]
  0x000001ab9fd97ca0 JavaThread "Worker-1587: Check JDK Index"        [_thread_blocked, id=18272, stack(0x00000036c2000000,0x00000036c2100000) (1024K)]
  0x000001ab9fd98330 JavaThread "Worker-1588: Check JDK Index"        [_thread_blocked, id=18248, stack(0x00000036c2100000,0x00000036c2200000) (1024K)]
  0x000001ab9fd996e0 JavaThread "Worker-1589: Check JDK Index"        [_thread_blocked, id=18244, stack(0x00000036c2200000,0x00000036c2300000) (1024K)]
  0x000001ab9fd968f0 JavaThread "Worker-1590: Check JDK Index"        [_thread_blocked, id=18252, stack(0x00000036c2300000,0x00000036c2400000) (1024K)]
  0x000001ab9fd97610 JavaThread "Worker-1591: Check JDK Index"        [_thread_blocked, id=10724, stack(0x00000036c2400000,0x00000036c2500000) (1024K)]
  0x000001ab9fd99050 JavaThread "Worker-1592: Check JDK Index"        [_thread_blocked, id=18216, stack(0x00000036c2500000,0x00000036c2600000) (1024K)]
  0x000001ab9fd989c0 JavaThread "Worker-1593: Check JDK Index"        [_thread_blocked, id=18220, stack(0x00000036c2600000,0x00000036c2700000) (1024K)]
  0x000001ab9fd96260 JavaThread "Worker-1594: Check JDK Index"        [_thread_blocked, id=18328, stack(0x00000036c2700000,0x00000036c2800000) (1024K)]
  0x000001ab9fd99d70 JavaThread "Worker-1595: Check JDK Index"        [_thread_blocked, id=18324, stack(0x00000036c2800000,0x00000036c2900000) (1024K)]
  0x000001ab9fd9a400 JavaThread "Worker-1596: Check JDK Index"        [_thread_blocked, id=18320, stack(0x00000036c2900000,0x00000036c2a00000) (1024K)]
  0x000001ab9fd96f80 JavaThread "Worker-1597: Check JDK Index"        [_thread_blocked, id=18336, stack(0x00000036c2a00000,0x00000036c2b00000) (1024K)]
  0x000001ab9fd9d880 JavaThread "Worker-1598: Check JDK Index"        [_thread_blocked, id=18204, stack(0x00000036c2b00000,0x00000036c2c00000) (1024K)]
  0x000001ab9fd9b7b0 JavaThread "Worker-1599: Check JDK Index"        [_thread_blocked, id=18212, stack(0x00000036c2c00000,0x00000036c2d00000) (1024K)]
  0x000001ab9fd9df10 JavaThread "Worker-1600: Check JDK Index"        [_thread_blocked, id=18224, stack(0x00000036c2d00000,0x00000036c2e00000) (1024K)]
  0x000001ab9fd9be40 JavaThread "Worker-1601: Check JDK Index"        [_thread_blocked, id=18232, stack(0x00000036c2e00000,0x00000036c2f00000) (1024K)]
  0x000001ab9fd9aa90 JavaThread "Worker-1602: Check JDK Index"        [_thread_blocked, id=18200, stack(0x00000036c2f00000,0x00000036c3000000) (1024K)]
  0x000001ab9fd9c4d0 JavaThread "Worker-1603: Check JDK Index"        [_thread_blocked, id=18196, stack(0x00000036c3000000,0x00000036c3100000) (1024K)]
  0x000001ab9fd9cb60 JavaThread "Worker-1604: Check JDK Index"        [_thread_blocked, id=18192, stack(0x00000036c3100000,0x00000036c3200000) (1024K)]
  0x000001ab9fd9e5a0 JavaThread "Worker-1605: Check JDK Index"        [_thread_blocked, id=18168, stack(0x00000036c3200000,0x00000036c3300000) (1024K)]
  0x000001ab9fd9b120 JavaThread "Worker-1606: Check JDK Index"        [_thread_blocked, id=18176, stack(0x00000036c3300000,0x00000036c3400000) (1024K)]
  0x000001ab9fd9ec30 JavaThread "Worker-1607: Check JDK Index"        [_thread_blocked, id=18188, stack(0x00000036c3400000,0x00000036c3500000) (1024K)]
  0x000001ab9fd9f2c0 JavaThread "Worker-1608: Check JDK Index"        [_thread_blocked, id=10704, stack(0x00000036c3500000,0x00000036c3600000) (1024K)]
  0x000001ab9fda0670 JavaThread "Worker-1609: Check JDK Index"        [_thread_blocked, id=18180, stack(0x00000036c3600000,0x00000036c3700000) (1024K)]
  0x000001ab9fd9f950 JavaThread "Worker-1610: Check JDK Index"        [_thread_blocked, id=18344, stack(0x00000036c3700000,0x00000036c3800000) (1024K)]
  0x000001ab9fd9ffe0 JavaThread "Worker-1611: Check JDK Index"        [_thread_blocked, id=18352, stack(0x00000036c3800000,0x00000036c3900000) (1024K)]
  0x000001ab9fd9d1f0 JavaThread "Worker-1612: Check JDK Index"        [_thread_blocked, id=18364, stack(0x00000036c3900000,0x00000036c3a00000) (1024K)]
  0x000001ab9fda2740 JavaThread "Worker-1613: Check JDK Index"        [_thread_blocked, id=18372, stack(0x00000036c3a00000,0x00000036c3b00000) (1024K)]
  0x000001ab9fda3af0 JavaThread "Worker-1614: Check JDK Index"        [_thread_blocked, id=18356, stack(0x00000036c3b00000,0x00000036c3c00000) (1024K)]
  0x000001ab9fda2dd0 JavaThread "Worker-1615: Check JDK Index"        [_thread_blocked, id=18360, stack(0x00000036c3c00000,0x00000036c3d00000) (1024K)]
  0x000001ab9fda3460 JavaThread "Worker-1616: Check JDK Index"        [_thread_blocked, id=13208, stack(0x00000036c3d00000,0x00000036c3e00000) (1024K)]
  0x000001ab9fda4180 JavaThread "Worker-1617: Check JDK Index"        [_thread_blocked, id=18184, stack(0x00000036c3e00000,0x00000036c3f00000) (1024K)]
  0x000001ab9fda0d00 JavaThread "Worker-1618: Check JDK Index"        [_thread_blocked, id=18424, stack(0x00000036c3f00000,0x00000036c4000000) (1024K)]
  0x000001ab9fda4810 JavaThread "Worker-1619: Check JDK Index"        [_thread_blocked, id=18416, stack(0x00000036c4000000,0x00000036c4100000) (1024K)]
  0x000001ab9fda20b0 JavaThread "Worker-1620: Check JDK Index"        [_thread_blocked, id=18428, stack(0x00000036c4100000,0x00000036c4200000) (1024K)]
  0x000001ab9fda1390 JavaThread "Worker-1621: Check JDK Index"        [_thread_blocked, id=17436, stack(0x00000036c4200000,0x00000036c4300000) (1024K)]
  0x000001ab9fda4ea0 JavaThread "Worker-1622: Check JDK Index"        [_thread_blocked, id=18412, stack(0x00000036c4300000,0x00000036c4400000) (1024K)]
  0x000001ab9fda1a20 JavaThread "Worker-1623: Check JDK Index"        [_thread_blocked, id=1456, stack(0x00000036c4400000,0x00000036c4500000) (1024K)]
  0x000001ab9fda6f70 JavaThread "Worker-1624: Check JDK Index"        [_thread_blocked, id=18408, stack(0x00000036c4500000,0x00000036c4600000) (1024K)]
  0x000001ab9fda7c90 JavaThread "Worker-1625: Check JDK Index"        [_thread_blocked, id=18404, stack(0x00000036c4600000,0x00000036c4700000) (1024K)]
  0x000001ab9fda7600 JavaThread "Worker-1626: Check JDK Index"        [_thread_blocked, id=18400, stack(0x00000036c4700000,0x00000036c4800000) (1024K)]
  0x000001ab9fda8320 JavaThread "Worker-1627: Check JDK Index"        [_thread_blocked, id=18396, stack(0x00000036c4800000,0x00000036c4900000) (1024K)]
  0x000001ab9fda89b0 JavaThread "Worker-1628: Check JDK Index"        [_thread_blocked, id=18384, stack(0x00000036c4900000,0x00000036c4a00000) (1024K)]
  0x000001ab9fda5bc0 JavaThread "Worker-1629: Check JDK Index"        [_thread_blocked, id=18392, stack(0x00000036c4a00000,0x00000036c4b00000) (1024K)]
  0x000001ab9fda5530 JavaThread "Worker-1630: Check JDK Index"        [_thread_blocked, id=16288, stack(0x00000036c4b00000,0x00000036c4c00000) (1024K)]
  0x000001ab9fda68e0 JavaThread "Worker-1631: Check JDK Index"        [_thread_blocked, id=18052, stack(0x00000036c4c00000,0x00000036c4d00000) (1024K)]
  0x000001ab9fda96d0 JavaThread "Worker-1632: Check JDK Index"        [_thread_blocked, id=13996, stack(0x00000036c4d00000,0x00000036c4e00000) (1024K)]
  0x000001ab9fda6250 JavaThread "Worker-1633: Check JDK Index"        [_thread_blocked, id=18004, stack(0x00000036c4e00000,0x00000036c4f00000) (1024K)]
  0x000001ab9fda9040 JavaThread "Worker-1634: Check JDK Index"        [_thread_blocked, id=17424, stack(0x00000036c4f00000,0x00000036c5000000) (1024K)]
  0x000001ab9fdaaa80 JavaThread "Worker-1635: Check JDK Index"        [_thread_blocked, id=6040, stack(0x00000036c5000000,0x00000036c5100000) (1024K)]
  0x000001ab9fda9d60 JavaThread "Worker-1636: Check JDK Index"        [_thread_blocked, id=10144, stack(0x00000036c5100000,0x00000036c5200000) (1024K)]
  0x000001ab9fdaa3f0 JavaThread "Worker-1637: Check JDK Index"        [_thread_blocked, id=5256, stack(0x00000036c5200000,0x00000036c5300000) (1024K)]
  0x000001ab9fdacb50 JavaThread "Worker-1638: Check JDK Index"        [_thread_blocked, id=16436, stack(0x00000036c5300000,0x00000036c5400000) (1024K)]
  0x000001ab9fdab7a0 JavaThread "Worker-1639: Check JDK Index"        [_thread_blocked, id=12700, stack(0x00000036c5400000,0x00000036c5500000) (1024K)]
  0x000001ab9fdadf00 JavaThread "Worker-1640: Check JDK Index"        [_thread_blocked, id=17456, stack(0x00000036c5500000,0x00000036c5600000) (1024K)]
  0x000001ab9fdae590 JavaThread "Worker-1641: Check JDK Index"        [_thread_blocked, id=17452, stack(0x00000036c5600000,0x00000036c5700000) (1024K)]
  0x000001ab9fdabe30 JavaThread "Worker-1642: Check JDK Index"        [_thread_blocked, id=17356, stack(0x00000036c5700000,0x00000036c5800000) (1024K)]
  0x000001ab9fdac4c0 JavaThread "Worker-1643: Check JDK Index"        [_thread_blocked, id=7588, stack(0x00000036c5800000,0x00000036c5900000) (1024K)]
  0x000001ab9fdab110 JavaThread "Worker-1644: Check JDK Index"        [_thread_blocked, id=13336, stack(0x00000036c5900000,0x00000036c5a00000) (1024K)]
  0x000001ab9fdaec20 JavaThread "Worker-1645: Check JDK Index"        [_thread_blocked, id=4176, stack(0x00000036c5c00000,0x00000036c5d00000) (1024K)]
  0x000001ab9fdaf2b0 JavaThread "Worker-1646: Check JDK Index"        [_thread_blocked, id=11976, stack(0x00000036c5d00000,0x00000036c5e00000) (1024K)]
  0x000001ab9fdad1e0 JavaThread "Worker-1647: Check JDK Index"        [_thread_blocked, id=4712, stack(0x00000036c5e00000,0x00000036c5f00000) (1024K)]
  0x000001ab9fdaf940 JavaThread "Worker-1648: Check JDK Index"        [_thread_blocked, id=18388, stack(0x00000036c5f00000,0x00000036c6000000) (1024K)]
  0x000001ab9fdad870 JavaThread "Worker-1649: Check JDK Index"        [_thread_blocked, id=17584, stack(0x00000036c6000000,0x00000036c6100000) (1024K)]
  0x000001ab9fdb20a0 JavaThread "Worker-1650: Check JDK Index"        [_thread_blocked, id=17520, stack(0x00000036c6100000,0x00000036c6200000) (1024K)]
  0x000001ab9fdb1380 JavaThread "Worker-1651: Check JDK Index"        [_thread_blocked, id=17508, stack(0x00000036c6200000,0x00000036c6300000) (1024K)]
  0x000001ab9fdb0660 JavaThread "Worker-1652: Check JDK Index"        [_thread_blocked, id=17648, stack(0x00000036c6300000,0x00000036c6400000) (1024K)]
  0x000001ab9fdb2dc0 JavaThread "Worker-1653: Check JDK Index"        [_thread_blocked, id=4508, stack(0x00000036c6400000,0x00000036c6500000) (1024K)]
  0x000001ab9fdb3450 JavaThread "Worker-1654: Check JDK Index"        [_thread_blocked, id=17604, stack(0x00000036c6500000,0x00000036c6600000) (1024K)]
  0x000001ab9fdb2730 JavaThread "Worker-1655: Check JDK Index"        [_thread_blocked, id=17600, stack(0x00000036c6600000,0x00000036c6700000) (1024K)]
  0x000001ab9fdb1a10 JavaThread "Worker-1656: Check JDK Index"        [_thread_blocked, id=17524, stack(0x00000036c6700000,0x00000036c6800000) (1024K)]
  0x000001ab9fdb0cf0 JavaThread "Worker-1657: Check JDK Index"        [_thread_blocked, id=17572, stack(0x00000036c6800000,0x00000036c6900000) (1024K)]
  0x000001ab9fdaffd0 JavaThread "Worker-1658: Check JDK Index"        [_thread_blocked, id=17632, stack(0x00000036c6900000,0x00000036c6a00000) (1024K)]
  0x000001ab9fdb4170 JavaThread "Worker-1659: Check JDK Index"        [_thread_blocked, id=17620, stack(0x00000036c6a00000,0x00000036c6b00000) (1024K)]
  0x000001ab9fdb5520 JavaThread "Worker-1660: Check JDK Index"        [_thread_blocked, id=17488, stack(0x00000036c6b00000,0x00000036c6c00000) (1024K)]
  0x000001ab9fdb4e90 JavaThread "Worker-1661: Check JDK Index"        [_thread_blocked, id=2952, stack(0x00000036c6c00000,0x00000036c6d00000) (1024K)]
  0x000001ab9fdb3ae0 JavaThread "Worker-1662: Check JDK Index"        [_thread_blocked, id=12080, stack(0x00000036c6d00000,0x00000036c6e00000) (1024K)]
  0x000001ab9fdb68d0 JavaThread "Worker-1663: Check JDK Index"        [_thread_blocked, id=2548, stack(0x00000036c6e00000,0x00000036c6f00000) (1024K)]
  0x000001ab9fdb4800 JavaThread "Worker-1664: Check JDK Index"        [_thread_blocked, id=16912, stack(0x00000036c6f00000,0x00000036c7000000) (1024K)]
  0x000001ab9fdb5bb0 JavaThread "Worker-1665: Check JDK Index"        [_thread_blocked, id=15128, stack(0x00000036c7000000,0x00000036c7100000) (1024K)]
  0x000001ab9fdb6240 JavaThread "Worker-1666: Java indexing... "        [_thread_blocked, id=7464, stack(0x00000036c7100000,0x00000036c7200000) (1024K)]
  0x000001abaca2d8f0 JavaThread "Timer-1016"                        [_thread_blocked, id=17412, stack(0x00000036c7400000,0x00000036c7500000) (1024K)]
  0x000001abaca2beb0 JavaThread "Timer-1017"                        [_thread_blocked, id=17504, stack(0x00000036c7500000,0x00000036c7600000) (1024K)]
  0x000001abaca2e610 JavaThread "Timer-1018"                        [_thread_blocked, id=17544, stack(0x00000036c7600000,0x00000036c7700000) (1024K)]
  0x000001abaca2f330 JavaThread "Timer-1019"                        [_thread_blocked, id=17560, stack(0x00000036c7700000,0x00000036c7800000) (1024K)]
  0x000001abaca2f9c0 JavaThread "Timer-1020"                        [_thread_blocked, id=13460, stack(0x00000036c7800000,0x00000036c7900000) (1024K)]
  0x000001abaca306e0 JavaThread "Connection worker"                 [_thread_in_native, id=17896, stack(0x00000036c7c00000,0x00000036c7d00000) (1024K)]
  0x000001abaca32120 JavaThread "Connection worker"                 [_thread_in_native, id=17776, stack(0x00000036c8000000,0x00000036c8100000) (1024K)]
  0x000001abaca327b0 JavaThread "Connection worker"                 [_thread_in_native, id=17796, stack(0x00000036c8100000,0x00000036c8200000) (1024K)]
  0x000001abaca35c30 JavaThread "Connection worker"                 [_thread_in_native, id=17944, stack(0x00000036c8700000,0x00000036c8800000) (1024K)]
  0x000001abaca355a0 JavaThread "pool-258-thread-1"                 [_thread_blocked, id=17920, stack(0x00000036c8900000,0x00000036c8a00000) (1024K)]
  0x000001abaca37d00 JavaThread "pool-263-thread-1"                 [_thread_blocked, id=17960, stack(0x00000036c8e00000,0x00000036c8f00000) (1024K)]
  0x000001abaca390b0 JavaThread "pool-266-thread-1"                 [_thread_blocked, id=17948, stack(0x00000036c9100000,0x00000036c9200000) (1024K)]
  0x000001abaca38390 JavaThread "pool-269-thread-1"                 [_thread_blocked, id=17904, stack(0x00000036c9500000,0x00000036c9600000) (1024K)]
  0x000001abaca2c540 JavaThread "Timer-1021"                        [_thread_blocked, id=18548, stack(0x00000036c7900000,0x00000036c7a00000) (1024K)]
  0x000001abaca48a10 JavaThread "Timer-1022"                        [_thread_blocked, id=18804, stack(0x00000036cb200000,0x00000036cb300000) (1024K)]
  0x000001abaca46940 JavaThread "Timer-1023"                        [_thread_blocked, id=6872, stack(0x00000036cb600000,0x00000036cb700000) (1024K)]
  0x000001abaca48380 JavaThread "Worker-1693: Initialize workspace"        [_thread_blocked, id=19936, stack(0x00000036a5a00000,0x00000036a5b00000) (1024K)]
  0x000001abaca462b0 JavaThread "Timer-1024"                        [_thread_blocked, id=20068, stack(0x00000036c7300000,0x00000036c7400000) (1024K)]
  0x000001abaca49dc0 JavaThread "Timer-1025"                        [_thread_blocked, id=20084, stack(0x00000036c8a00000,0x00000036c8b00000) (1024K)]
  0x000001abaca47660 JavaThread "Timer-1026"                        [_thread_blocked, id=20096, stack(0x00000036c9400000,0x00000036c9500000) (1024K)]
  0x000001abaca4d240 JavaThread "Timer-1027"                        [_thread_blocked, id=20124, stack(0x00000036c9c00000,0x00000036c9d00000) (1024K)]
  0x000001abaca4cbb0 JavaThread "Timer-1028"                        [_thread_blocked, id=20192, stack(0x00000036cae00000,0x00000036caf00000) (1024K)]
  0x000001abaca32e40 JavaThread "Connection worker"                 [_thread_in_native, id=19304, stack(0x0000003684300000,0x0000003684400000) (1024K)]
  0x000001abaca4aae0 JavaThread "Timer-1029"                        [_thread_blocked, id=2076, stack(0x0000003683b00000,0x0000003683c00000) (1024K)]
  0x000001abaca4c520 JavaThread "Timer-1030"                        [_thread_blocked, id=19728, stack(0x000000368d800000,0x000000368d900000) (1024K)]
  0x000001abaca4a450 JavaThread "Timer-1031"                        [_thread_blocked, id=19132, stack(0x00000036abd00000,0x00000036abe00000) (1024K)]
  0x000001abaca47cf0 JavaThread "Worker-1720: Initialize workspace"        [_thread_blocked, id=19216, stack(0x0000003698000000,0x0000003698100000) (1024K)]
  0x000001abaca46fd0 JavaThread "Timer-1032"                        [_thread_blocked, id=18800, stack(0x00000036c7b00000,0x00000036c7c00000) (1024K)]
  0x000001abaca4b170 JavaThread "Timer-1033"                        [_thread_blocked, id=18652, stack(0x00000036c7d00000,0x00000036c7e00000) (1024K)]
  0x000001abaca50d50 JavaThread "Timer-1034"                        [_thread_blocked, id=16624, stack(0x00000036c8200000,0x00000036c8300000) (1024K)]
  0x000001abaca506c0 JavaThread "Timer-1035"                        [_thread_blocked, id=4532, stack(0x00000036c8b00000,0x00000036c8c00000) (1024K)]
  0x000001abaca4e5f0 JavaThread "Timer-1036"                        [_thread_blocked, id=19388, stack(0x00000036c9a00000,0x00000036c9b00000) (1024K)]
  0x000001abaca30050 JavaThread "Connection worker"                 [_thread_blocked, id=17012, stack(0x0000003680300000,0x0000003680400000) (1024K)]
  0x000001abaca2d260 JavaThread "Connection worker"                 [_thread_blocked, id=20372, stack(0x0000003698900000,0x0000003698a00000) (1024K)]
  0x000001abaca33b60 JavaThread "Exec process"                      [_thread_in_native, id=20148, stack(0x00000036a2200000,0x00000036a2300000) (1024K)]
  0x000001abaca34880 JavaThread "Exec process Thread 2"             [_thread_blocked, id=2252, stack(0x00000036b4300000,0x00000036b4400000) (1024K)]
  0x000001abaca31a90 JavaThread "Exec process"                      [_thread_in_native, id=13576, stack(0x00000036b5500000,0x00000036b5600000) (1024K)]
  0x000001abaca39740 JavaThread "Exec process Thread 2"             [_thread_blocked, id=14812, stack(0x00000036c7f00000,0x00000036c8000000) (1024K)]
  0x000001abaca4ec80 JavaThread "Timer-1037"                        [_thread_blocked, id=8356, stack(0x00000036bd600000,0x00000036bd700000) (1024K)]
  0x000001abaca4b800 JavaThread "Timer-1038"                        [_thread_blocked, id=13840, stack(0x00000036c8500000,0x00000036c8600000) (1024K)]
  0x000001abaca4df60 JavaThread "Timer-1039"                        [_thread_blocked, id=20040, stack(0x00000036c9200000,0x00000036c9300000) (1024K)]
  0x000001abaca49730 JavaThread "Worker-1779: Initialize workspace"        [_thread_blocked, id=19524, stack(0x00000036c7a00000,0x00000036c7b00000) (1024K)]
  0x000001abaca36950 JavaThread "Worker-1800: Initialize Workspace"        [_thread_blocked, id=19628, stack(0x00000036c7200000,0x00000036c7300000) (1024K)]
  0x000001abaca37670 JavaThread "LocalFile Deleter"          daemon [_thread_blocked, id=18868, stack(0x00000036c8d00000,0x00000036c8e00000) (1024K)]
  0x000001abaca3df70 JavaThread "LocalFile Deleter"          daemon [_thread_blocked, id=3000, stack(0x00000036c9300000,0x00000036c9400000) (1024K)]
  0x000001abaca3d8e0 JavaThread "LocalFile Deleter"          daemon [_thread_blocked, id=19636, stack(0x00000036c9600000,0x00000036c9700000) (1024K)]
  0x000001abaca3d250 JavaThread "LocalFile Deleter"          daemon [_thread_blocked, id=14408, stack(0x00000036c9700000,0x00000036c9800000) (1024K)]
  0x000001abaca3cbc0 JavaThread "Compiler Source File Reader" daemon [_thread_blocked, id=20340, stack(0x00000036c9900000,0x00000036c9a00000) (1024K)]
  0x000001abaca3b180 JavaThread "Compiler Source File Reader" daemon [_thread_blocked, id=19428, stack(0x00000036c9d00000,0x00000036c9e00000) (1024K)]
  0x000001abaca406d0 JavaThread "Connection worker"                 [_thread_blocked, id=18920, stack(0x00000036ca400000,0x00000036ca500000) (1024K)]
  0x000001abaca40040 JavaThread "Connection worker"                 [_thread_blocked, id=8580, stack(0x00000036ca700000,0x00000036ca800000) (1024K)]
  0x000001abaca434c0 JavaThread "Connection worker"                 [_thread_blocked, id=2180, stack(0x00000036ca800000,0x00000036ca900000) (1024K)]
  0x000001abaca44870 JavaThread "Connection worker"                 [_thread_blocked, id=3008, stack(0x00000036caf00000,0x00000036cb000000) (1024K)]
  0x000001abaca4be90 JavaThread "pool-300-thread-1"                 [_thread_blocked, id=20332, stack(0x00000036cb800000,0x00000036cb900000) (1024K)]
  0x000001abaca4f9a0 JavaThread "pool-306-thread-1"                 [_thread_blocked, id=1532, stack(0x00000036cbe00000,0x00000036cbf00000) (1024K)]
  0x000001abaca50030 JavaThread "pool-308-thread-1"                 [_thread_blocked, id=8844, stack(0x00000036cc000000,0x00000036cc100000) (1024K)]
  0x000001abaca54860 JavaThread "pool-309-thread-1"                 [_thread_blocked, id=17004, stack(0x00000036cc100000,0x00000036cc200000) (1024K)]
  0x000001abaca55580 JavaThread "Exec process"                      [_thread_in_native, id=20360, stack(0x00000036cc600000,0x00000036cc700000) (1024K)]
  0x000001abaca58a00 JavaThread "Exec process Thread 2"             [_thread_blocked, id=2012, stack(0x00000036ccb00000,0x00000036ccc00000) (1024K)]
  0x000001abaca56930 JavaThread "Compiler Processing Task"   daemon [_thread_blocked, id=8096, stack(0x00000036cc500000,0x00000036cc600000) (1024K)]
  0x000001abaca5aad0 JavaThread "Compiler Class File Writer" daemon [_thread_blocked, id=11756, stack(0x00000036ccf00000,0x00000036cd000000) (1024K)]
  0x000001abaca541d0 JavaThread "Compiler Class File Writer" daemon [_thread_blocked, id=19332, stack(0x00000036cce00000,0x00000036ccf00000) (1024K)]
  0x000001abaca59720 JavaThread "Exec process"                      [_thread_in_native, id=5192, stack(0x00000036cd100000,0x00000036cd200000) (1024K)]
  0x000001abaca5d8c0 JavaThread "Exec process"                      [_thread_in_native, id=19328, stack(0x00000036cd400000,0x00000036cd500000) (1024K)]
  0x000001abaca5e5e0 JavaThread "Exec process Thread 2"             [_thread_blocked, id=20080, stack(0x00000036cd600000,0x00000036cd700000) (1024K)]
  0x000001abaca5f990 JavaThread "Exec process Thread 2"             [_thread_blocked, id=19292, stack(0x00000036cdc00000,0x00000036cdd00000) (1024K)]
  0x000001abaca2df80 JavaThread "Connection worker"                 [_thread_blocked, id=19488, stack(0x0000003689e00000,0x0000003689f00000) (1024K)]
  0x000001abaca30d70 JavaThread "Connection worker"                 [_thread_blocked, id=18536, stack(0x00000036bd700000,0x00000036bd800000) (1024K)]
  0x000001abaca362c0 JavaThread "Connection worker"                 [_thread_blocked, id=1360, stack(0x0000003696e00000,0x0000003696f00000) (1024K)]
  0x000001abaca3bea0 JavaThread "Connection worker"                 [_thread_blocked, id=5936, stack(0x00000036c9e00000,0x00000036c9f00000) (1024K)]
  0x000001abaca3f9b0 JavaThread "Connection worker"                 [_thread_blocked, id=19580, stack(0x00000036c9f00000,0x00000036ca000000) (1024K)]
  0x000001abaca413f0 JavaThread "Connection worker"                 [_thread_blocked, id=20472, stack(0x00000036ca100000,0x00000036ca200000) (1024K)]
  0x000001abaca3ec90 JavaThread "Connection worker"                 [_thread_in_native, id=14452, stack(0x00000036ca300000,0x00000036ca400000) (1024K)]
  0x000001abaca41a80 JavaThread "Connection worker"                 [_thread_blocked, id=18860, stack(0x00000036ca600000,0x00000036ca700000) (1024K)]
  0x000001abaca39dd0 JavaThread "Connection worker"                 [_thread_in_native, id=5996, stack(0x00000036c8600000,0x00000036c8700000) (1024K)]
  0x000001abaca3a460 JavaThread "Connection worker"                 [_thread_blocked, id=4660, stack(0x00000036c8800000,0x00000036c8900000) (1024K)]
  0x000001abaca36fe0 JavaThread "Exec process"                      [_thread_in_native, id=2888, stack(0x00000036c8c00000,0x00000036c8d00000) (1024K)]
  0x000001abaca3f320 JavaThread "Exec process Thread 2"             [_thread_blocked, id=11784, stack(0x00000036ca200000,0x00000036ca300000) (1024K)]
  0x000001abaca3c530 JavaThread "Connection worker"                 [_thread_in_native, id=1280, stack(0x00000036ca900000,0x00000036caa00000) (1024K)]
  0x000001abaca3e600 JavaThread "Exec process"                      [_thread_in_native, id=13992, stack(0x00000036caa00000,0x00000036cab00000) (1024K)]
  0x000001abaca42e30 JavaThread "Connection worker"                 [_thread_in_native, id=13824, stack(0x00000036ca500000,0x00000036ca600000) (1024K)]
  0x000001abaca40d60 JavaThread "Exec process Thread 2"             [_thread_blocked, id=20416, stack(0x00000036cad00000,0x00000036cae00000) (1024K)]
  0x000001abaca43b50 JavaThread "Exec process"                      [_thread_in_native, id=17204, stack(0x00000036cac00000,0x00000036cad00000) (1024K)]
  0x000001abaca45590 JavaThread "Exec process"                      [_thread_in_native, id=18640, stack(0x00000036cb000000,0x00000036cb100000) (1024K)]
  0x000001abaca4f310 JavaThread "Exec process Thread 2"             [_thread_blocked, id=18564, stack(0x00000036cb500000,0x00000036cb600000) (1024K)]
  0x000001abaca44f00 JavaThread "Exec process"                      [_thread_in_native, id=10584, stack(0x00000036cb100000,0x00000036cb200000) (1024K)]
  0x000001abaca4d8d0 JavaThread "Exec process Thread 2"             [_thread_blocked, id=18452, stack(0x00000036cb700000,0x00000036cb800000) (1024K)]
  0x000001abaca490a0 JavaThread "Exec process"                      [_thread_in_native, id=2880, stack(0x00000036cb400000,0x00000036cb500000) (1024K)]
  0x000001abaca441e0 JavaThread "Exec process Thread 2"             [_thread_blocked, id=20196, stack(0x00000036c9b00000,0x00000036c9c00000) (1024K)]
  0x000001abaca2cbd0 JavaThread "Exec process"                      [_thread_in_native, id=20176, stack(0x00000036aab00000,0x00000036aac00000) (1024K)]
  0x000001abaca34f10 JavaThread "Connection worker"                 [_thread_blocked, id=5408, stack(0x00000036ae100000,0x00000036ae200000) (1024K)]
  0x000001abaca427a0 JavaThread "ProjectImportProgressReporter" daemon [_thread_blocked, id=15156, stack(0x00000036c8300000,0x00000036c8400000) (1024K)]
  0x000001abaca45c20 JavaThread "Exec process Thread 2"             [_thread_blocked, id=20056, stack(0x00000036ca000000,0x00000036ca100000) (1024K)]
  0x000001abaca341f0 JavaThread "Connection worker"                 [_thread_blocked, id=18132, stack(0x00000036b0d00000,0x00000036b0e00000) (1024K)]
  0x000001abaca3aaf0 JavaThread "Exec process Thread 2"             [_thread_blocked, id=18912, stack(0x00000036c8f00000,0x00000036c9000000) (1024K)]
  0x000001abaca334d0 JavaThread "Connection worker"                 [_thread_blocked, id=3676, stack(0x00000036c7e00000,0x00000036c7f00000) (1024K)]
  0x000001abaca42110 JavaThread "Exec process"                      [_thread_in_native, id=14800, stack(0x00000036c9800000,0x00000036c9900000) (1024K)]
  0x000001abaca52100 JavaThread "Exec process"                      [_thread_in_native, id=6728, stack(0x00000036cab00000,0x00000036cac00000) (1024K)]
  0x000001abaca513e0 JavaThread "Exec process Thread 2"             [_thread_blocked, id=12164, stack(0x00000036cb300000,0x00000036cb400000) (1024K)]
  0x000001abaca52790 JavaThread "Exec process Thread 2"             [_thread_blocked, id=10752, stack(0x00000036cba00000,0x00000036cbb00000) (1024K)]
  0x000001abaca3b810 JavaThread "Worker-1821"                       [_thread_new, id=18528, stack(0x0000000000000000,0x0000000000000000) (0B)]
  0x000001abaca31400 JavaThread "Timer-1040"                        [_thread_new, id=5832, stack(0x0000000000000000,0x0000000000000000) (0B)]
Total: 1371

Other Threads:
  0x000001ab3aafa840 VMThread "VM Thread"                           [id=14724, stack(0x00000036f4f00000,0x00000036f5000000) (1024K)]
  0x000001ab5310ba00 WatcherThread "VM Periodic Task Thread"        [id=12172, stack(0x00000036f4e00000,0x00000036f4f00000) (1024K)]
  0x000001ab3aa7abf0 WorkerThread "GC Thread#0"                     [id=15260, stack(0x00000036f4d00000,0x00000036f4e00000) (1024K)]
  0x000001ab993e12f0 WorkerThread "GC Thread#1"                     [id=14524, stack(0x00000036f5a00000,0x00000036f5b00000) (1024K)]
  0x000001ab993df8d0 WorkerThread "GC Thread#2"                     [id=16620, stack(0x00000036f5b00000,0x00000036f5c00000) (1024K)]
  0x000001ab996dfd30 WorkerThread "GC Thread#3"                     [id=15044, stack(0x00000036f5c00000,0x00000036f5d00000) (1024K)]
Total: 6

Threads with active compile tasks:
C2 CompilerThread0  788083 22165       4       com.google.gson.internal.bind.TypeAdapters$33$1::write (13 bytes)
Total: 1

VM state: not at safepoint (normal execution)

VM Mutex/Monitor currently owned by a thread: None

Heap address: 0x0000000080000000, size: 2048 MB, Compressed Oops mode: 32-bit

CDS archive(s) mapped at: [0x000001ab54000000-0x000001ab54ba0000-0x000001ab54ba0000), size 12189696, SharedBaseAddress: 0x000001ab54000000, ArchiveRelocationMode: 1.
Compressed class space mapped at: 0x000001ab55000000-0x000001ab95000000, reserved size: 1073741824
Narrow klass base: 0x000001ab54000000, Narrow klass shift: 0, Narrow klass range: 0x100000000

GC Precious Log:
 CardTable entry size: 512
 CPUs: 4 total, 4 available
 Memory: 3973M
 Large Page Support: Disabled
 NUMA Support: Disabled
 Compressed Oops: Enabled (32-bit)
 Alignments: Space 512K, Generation 512K, Heap 2M
 Heap Min Capacity: 100M
 Heap Initial Capacity: 100M
 Heap Max Capacity: 2G
 Pre-touch: Disabled
 Parallel Workers: 4

Heap:
 PSYoungGen      total 17408K, used 11445K [0x00000000d5580000, 0x00000000d6880000, 0x0000000100000000)
  eden space 15360K, 63% used [0x00000000d5580000,0x00000000d5f13f60,0x00000000d6480000)
  from space 2048K, 79% used [0x00000000d6480000,0x00000000d66197c8,0x00000000d6680000)
  to   space 2048K, 0% used [0x00000000d6680000,0x00000000d6680000,0x00000000d6880000)
 ParOldGen       total 235520K, used 213210K [0x0000000080000000, 0x000000008e600000, 0x00000000d5580000)
  object space 235520K, 90% used [0x0000000080000000,0x000000008d036aa0,0x000000008e600000)
 Metaspace       used 88036K, committed 90176K, reserved 1179648K
  class space    used 10189K, committed 11200K, reserved 1048576K

Card table byte_map: [0x000001ab4e540000,0x000001ab4e950000] _byte_map_base: 0x000001ab4e140000

Marking Bits: (ParMarkBitMap*) 0x00007ffc491e44a0
 Begin Bits: [0x000001ab4ec00000, 0x000001ab50c00000)
 End Bits:   [0x000001ab50c00000, 0x000001ab52c00000)

Polling page: 0x000001ab3ab10000

Metaspace:

Usage:
  Non-class:     76.02 MB used.
      Class:      9.95 MB used.
       Both:     85.97 MB used.

Virtual space:
  Non-class space:      128.00 MB reserved,      77.12 MB ( 60%) committed,  2 nodes.
      Class space:        1.00 GB reserved,      10.94 MB (  1%) committed,  1 nodes.
             Both:        1.12 GB reserved,      88.06 MB (  8%) committed. 

Chunk freelists:
   Non-Class:  2.46 MB
       Class:  5.05 MB
        Both:  7.51 MB

MaxMetaspaceSize: unlimited
CompressedClassSpaceSize: 1.00 GB
Initial GC threshold: 21.00 MB
Current GC threshold: 146.56 MB
CDS: on
 - commit_granule_bytes: 65536.
 - commit_granule_words: 8192.
 - virtual_space_node_default_size: 8388608.
 - enlarge_chunks_in_place: 1.
 - use_allocation_guard: 0.


Internal statistics:

num_allocs_failed_limit: 9.
num_arena_births: 2706.
num_arena_deaths: 164.
num_vsnodes_births: 3.
num_vsnodes_deaths: 0.
num_space_committed: 1409.
num_space_uncommitted: 0.
num_chunks_returned_to_freelist: 242.
num_chunks_taken_from_freelist: 7049.
num_chunk_merges: 101.
num_chunk_splits: 4336.
num_chunks_enlarged: 2470.
num_inconsistent_stats: 0.

CodeHeap 'non-profiled nmethods': size=120000Kb used=18282Kb max_used=20438Kb free=101717Kb
 bounds [0x000001ab46e20000, 0x000001ab48250000, 0x000001ab4e350000]
CodeHeap 'profiled nmethods': size=120000Kb used=30222Kb max_used=43755Kb free=89777Kb
 bounds [0x000001ab3f350000, 0x000001ab41e10000, 0x000001ab46880000]
CodeHeap 'non-nmethods': size=5760Kb used=1449Kb max_used=1626Kb free=4310Kb
 bounds [0x000001ab46880000, 0x000001ab46af0000, 0x000001ab46e20000]
CodeCache: size=245760Kb, used=49953Kb, max_used=65819Kb, free=195804Kb
 total_blobs=15820, nmethods=15053, adapters=671, full_count=0
Compilation: enabled, stopped_count=0, restarted_count=0

Compilation events (20 events):
Event: 786.189 Thread 0x000001ab531c6c60 nmethod 22155 0x000001ab3f572e90 code [0x000001ab3f5730e0, 0x000001ab3f573b80]
Event: 786.190 Thread 0x000001ab531c6c60 22156       3       org.eclipse.jdt.internal.compiler.util.HashtableOfIntValues::put (113 bytes)
Event: 786.191 Thread 0x000001ab531c6c60 nmethod 22156 0x000001ab3f38ad10 code [0x000001ab3f38af20, 0x000001ab3f38b5a0]
Event: 786.278 Thread 0x000001ab53184910 22157       4       java.util.GregorianCalendar::computeFields (85 bytes)
Event: 786.288 Thread 0x000001ab53184910 nmethod 22157 0x000001ab470e1890 code [0x000001ab470e1a60, 0x000001ab470e1c80]
Event: 786.345 Thread 0x000001ab531c6c60 22158       3       sun.nio.ch.FileLockTable::checkList (89 bytes)
Event: 786.346 Thread 0x000001ab531c6c60 nmethod 22158 0x000001ab3f360990 code [0x000001ab3f360bc0, 0x000001ab3f3613e8]
Event: 786.350 Thread 0x000001ab531c6c60 22159       3       com.google.common.base.Joiner$1::toString (20 bytes)
Event: 786.351 Thread 0x000001ab531c6c60 nmethod 22159 0x000001ab3f462310 code [0x000001ab3f4624c0, 0x000001ab3f4626e0]
Event: 786.434 Thread 0x000001ab531c6c60 22160       3       org.eclipse.jdt.ls.core.internal.managers.ProgressiveProjectReporter$$Lambda/0x000001ab55542d58::run (8 bytes)
Event: 786.435 Thread 0x000001ab531c6c60 nmethod 22160 0x000001ab3f3d3910 code [0x000001ab3f3d3ac0, 0x000001ab3f3d3c00]
Event: 787.285 Thread 0x000001ab531c6c60 22161   !   3       java.util.Scanner::readInput (136 bytes)
Event: 787.287 Thread 0x000001ab531c6c60 nmethod 22161 0x000001ab3f53ce10 code [0x000001ab3f53d040, 0x000001ab3f53d6a0]
Event: 787.328 Thread 0x000001ab53184910 22162       4       java.lang.AbstractStringBuilder::append (22 bytes)
Event: 787.343 Thread 0x000001ab53184910 nmethod 22162 0x000001ab46ed6c10 code [0x000001ab46ed6e00, 0x000001ab46ed7250]
Event: 787.346 Thread 0x000001ab531c6c60 22163       3       java.io.FileDescriptor$1::registerCleanup (5 bytes)
Event: 787.346 Thread 0x000001ab531c6c60 nmethod 22163 0x000001ab3f4ee290 code [0x000001ab3f4ee440, 0x000001ab3f4ee578]
Event: 787.356 Thread 0x000001ab53184910 22164   !   4       jdk.proxy6.$Proxy25::notifyProgress (34 bytes)
Event: 787.383 Thread 0x000001ab53184910 nmethod 22164 0x000001ab46e2f110 code [0x000001ab46e2f380, 0x000001ab46e2fbc0]
Event: 787.383 Thread 0x000001ab53184910 22165       4       com.google.gson.internal.bind.TypeAdapters$33$1::write (13 bytes)

GC Heap History (20 events):
Event: 775.567 GC heap before
{Heap before GC invocations=9198 (full 6):
 PSYoungGen      total 17408K, used 15872K [0x00000000d5580000, 0x00000000d6c00000, 0x0000000100000000)
  eden space 15872K, 100% used [0x00000000d5580000,0x00000000d6500000,0x00000000d6500000)
  from space 1536K, 0% used [0x00000000d6600000,0x00000000d6600000,0x00000000d6780000)
  to   space 3584K, 0% used [0x00000000d6880000,0x00000000d6880000,0x00000000d6c00000)
 ParOldGen       total 235520K, used 209081K [0x0000000080000000, 0x000000008e600000, 0x00000000d5580000)
  object space 235520K, 88% used [0x0000000080000000,0x000000008cc2e6b8,0x000000008e600000)
 Metaspace       used 87898K, committed 90048K, reserved 1179648K
  class space    used 10166K, committed 11200K, reserved 1048576K
}
Event: 775.738 GC heap after
{Heap after GC invocations=9198 (full 6):
 PSYoungGen      total 17408K, used 1521K [0x00000000d5580000, 0x00000000d6a00000, 0x0000000100000000)
  eden space 15872K, 0% used [0x00000000d5580000,0x00000000d5580000,0x00000000d6500000)
  from space 1536K, 99% used [0x00000000d6880000,0x00000000d69fc780,0x00000000d6a00000)
  to   space 2560K, 0% used [0x00000000d6500000,0x00000000d6500000,0x00000000d6780000)
 ParOldGen       total 235520K, used 209081K [0x0000000080000000, 0x000000008e600000, 0x00000000d5580000)
  object space 235520K, 88% used [0x0000000080000000,0x000000008cc2e6b8,0x000000008e600000)
 Metaspace       used 87898K, committed 90048K, reserved 1179648K
  class space    used 10166K, committed 11200K, reserved 1048576K
}
Event: 777.231 GC heap before
{Heap before GC invocations=9199 (full 6):
 PSYoungGen      total 17408K, used 17393K [0x00000000d5580000, 0x00000000d6a00000, 0x0000000100000000)
  eden space 15872K, 100% used [0x00000000d5580000,0x00000000d6500000,0x00000000d6500000)
  from space 1536K, 99% used [0x00000000d6880000,0x00000000d69fc780,0x00000000d6a00000)
  to   space 2560K, 0% used [0x00000000d6500000,0x00000000d6500000,0x00000000d6780000)
 ParOldGen       total 235520K, used 209081K [0x0000000080000000, 0x000000008e600000, 0x00000000d5580000)
  object space 235520K, 88% used [0x0000000080000000,0x000000008cc2e6b8,0x000000008e600000)
 Metaspace       used 87904K, committed 90048K, reserved 1179648K
  class space    used 10166K, committed 11200K, reserved 1048576K
}
Event: 777.245 GC heap after
{Heap after GC invocations=9199 (full 6):
 PSYoungGen      total 18432K, used 2431K [0x00000000d5580000, 0x00000000d6a00000, 0x0000000100000000)
  eden space 15872K, 0% used [0x00000000d5580000,0x00000000d5580000,0x00000000d6500000)
  from space 2560K, 94% used [0x00000000d6500000,0x00000000d675fdf8,0x00000000d6780000)
  to   space 1536K, 0% used [0x00000000d6880000,0x00000000d6880000,0x00000000d6a00000)
 ParOldGen       total 235520K, used 209081K [0x0000000080000000, 0x000000008e600000, 0x00000000d5580000)
  object space 235520K, 88% used [0x0000000080000000,0x000000008cc2e6b8,0x000000008e600000)
 Metaspace       used 87904K, committed 90048K, reserved 1179648K
  class space    used 10166K, committed 11200K, reserved 1048576K
}
Event: 778.273 GC heap before
{Heap before GC invocations=9200 (full 6):
 PSYoungGen      total 18432K, used 18303K [0x00000000d5580000, 0x00000000d6a00000, 0x0000000100000000)
  eden space 15872K, 99% used [0x00000000d5580000,0x00000000d64ffe78,0x00000000d6500000)
  from space 2560K, 94% used [0x00000000d6500000,0x00000000d675fdf8,0x00000000d6780000)
  to   space 1536K, 0% used [0x00000000d6880000,0x00000000d6880000,0x00000000d6a00000)
 ParOldGen       total 235520K, used 209081K [0x0000000080000000, 0x000000008e600000, 0x00000000d5580000)
  object space 235520K, 88% used [0x0000000080000000,0x000000008cc2e6b8,0x000000008e600000)
 Metaspace       used 87906K, committed 90048K, reserved 1179648K
  class space    used 10166K, committed 11200K, reserved 1048576K
}
Event: 778.287 GC heap after
{Heap after GC invocations=9200 (full 6):
 PSYoungGen      total 17408K, used 1523K [0x00000000d5580000, 0x00000000d6c00000, 0x0000000100000000)
  eden space 15872K, 0% used [0x00000000d5580000,0x00000000d5580000,0x00000000d6500000)
  from space 1536K, 99% used [0x00000000d6880000,0x00000000d69fcdf8,0x00000000d6a00000)
  to   space 3584K, 0% used [0x00000000d6500000,0x00000000d6500000,0x00000000d6880000)
 ParOldGen       total 235520K, used 210743K [0x0000000080000000, 0x000000008e600000, 0x00000000d5580000)
  object space 235520K, 89% used [0x0000000080000000,0x000000008cdcde90,0x000000008e600000)
 Metaspace       used 87906K, committed 90048K, reserved 1179648K
  class space    used 10166K, committed 11200K, reserved 1048576K
}
Event: 778.989 GC heap before
{Heap before GC invocations=9201 (full 6):
 PSYoungGen      total 17408K, used 17395K [0x00000000d5580000, 0x00000000d6c00000, 0x0000000100000000)
  eden space 15872K, 100% used [0x00000000d5580000,0x00000000d6500000,0x00000000d6500000)
  from space 1536K, 99% used [0x00000000d6880000,0x00000000d69fcdf8,0x00000000d6a00000)
  to   space 3584K, 0% used [0x00000000d6500000,0x00000000d6500000,0x00000000d6880000)
 ParOldGen       total 235520K, used 210743K [0x0000000080000000, 0x000000008e600000, 0x00000000d5580000)
  object space 235520K, 89% used [0x0000000080000000,0x000000008cdcde90,0x000000008e600000)
 Metaspace       used 87907K, committed 90048K, reserved 1179648K
  class space    used 10166K, committed 11200K, reserved 1048576K
}
Event: 778.999 GC heap after
{Heap after GC invocations=9201 (full 6):
 PSYoungGen      total 17408K, used 1472K [0x00000000d5580000, 0x00000000d6a00000, 0x0000000100000000)
  eden space 15872K, 0% used [0x00000000d5580000,0x00000000d5580000,0x00000000d6500000)
  from space 1536K, 95% used [0x00000000d6500000,0x00000000d6670000,0x00000000d6680000)
  to   space 2560K, 0% used [0x00000000d6780000,0x00000000d6780000,0x00000000d6a00000)
 ParOldGen       total 235520K, used 212029K [0x0000000080000000, 0x000000008e600000, 0x00000000d5580000)
  object space 235520K, 90% used [0x0000000080000000,0x000000008cf0f720,0x000000008e600000)
 Metaspace       used 87907K, committed 90048K, reserved 1179648K
  class space    used 10166K, committed 11200K, reserved 1048576K
}
Event: 780.263 GC heap before
{Heap before GC invocations=9202 (full 6):
 PSYoungGen      total 17408K, used 17344K [0x00000000d5580000, 0x00000000d6a00000, 0x0000000100000000)
  eden space 15872K, 100% used [0x00000000d5580000,0x00000000d6500000,0x00000000d6500000)
  from space 1536K, 95% used [0x00000000d6500000,0x00000000d6670000,0x00000000d6680000)
  to   space 2560K, 0% used [0x00000000d6780000,0x00000000d6780000,0x00000000d6a00000)
 ParOldGen       total 235520K, used 212029K [0x0000000080000000, 0x000000008e600000, 0x00000000d5580000)
  object space 235520K, 90% used [0x0000000080000000,0x000000008cf0f720,0x000000008e600000)
 Metaspace       used 87909K, committed 90048K, reserved 1179648K
  class space    used 10166K, committed 11200K, reserved 1048576K
}
Event: 780.280 GC heap after
{Heap after GC invocations=9202 (full 6):
 PSYoungGen      total 17920K, used 1600K [0x00000000d5580000, 0x00000000d6980000, 0x0000000100000000)
  eden space 15872K, 0% used [0x00000000d5580000,0x00000000d5580000,0x00000000d6500000)
  from space 2048K, 78% used [0x00000000d6780000,0x00000000d6910000,0x00000000d6980000)
  to   space 2048K, 0% used [0x00000000d6580000,0x00000000d6580000,0x00000000d6780000)
 ParOldGen       total 235520K, used 212029K [0x0000000080000000, 0x000000008e600000, 0x00000000d5580000)
  object space 235520K, 90% used [0x0000000080000000,0x000000008cf0f720,0x000000008e600000)
 Metaspace       used 87909K, committed 90048K, reserved 1179648K
  class space    used 10166K, committed 11200K, reserved 1048576K
}
Event: 782.677 GC heap before
{Heap before GC invocations=9203 (full 6):
 PSYoungGen      total 17920K, used 17472K [0x00000000d5580000, 0x00000000d6980000, 0x0000000100000000)
  eden space 15872K, 100% used [0x00000000d5580000,0x00000000d6500000,0x00000000d6500000)
  from space 2048K, 78% used [0x00000000d6780000,0x00000000d6910000,0x00000000d6980000)
  to   space 2048K, 0% used [0x00000000d6580000,0x00000000d6580000,0x00000000d6780000)
 ParOldGen       total 235520K, used 212029K [0x0000000080000000, 0x000000008e600000, 0x00000000d5580000)
  object space 235520K, 90% used [0x0000000080000000,0x000000008cf0f720,0x000000008e600000)
 Metaspace       used 87918K, committed 90048K, reserved 1179648K
  class space    used 10168K, committed 11200K, reserved 1048576K
}
Event: 782.684 GC heap after
{Heap after GC invocations=9203 (full 6):
 PSYoungGen      total 17920K, used 1730K [0x00000000d5580000, 0x00000000d6900000, 0x0000000100000000)
  eden space 15872K, 0% used [0x00000000d5580000,0x00000000d5580000,0x00000000d6500000)
  from space 2048K, 84% used [0x00000000d6580000,0x00000000d6730bc8,0x00000000d6780000)
  to   space 1536K, 0% used [0x00000000d6780000,0x00000000d6780000,0x00000000d6900000)
 ParOldGen       total 235520K, used 212029K [0x0000000080000000, 0x000000008e600000, 0x00000000d5580000)
  object space 235520K, 90% used [0x0000000080000000,0x000000008cf0f720,0x000000008e600000)
 Metaspace       used 87918K, committed 90048K, reserved 1179648K
  class space    used 10168K, committed 11200K, reserved 1048576K
}
Event: 785.381 GC heap before
{Heap before GC invocations=9204 (full 6):
 PSYoungGen      total 17920K, used 17602K [0x00000000d5580000, 0x00000000d6900000, 0x0000000100000000)
  eden space 15872K, 100% used [0x00000000d5580000,0x00000000d6500000,0x00000000d6500000)
  from space 2048K, 84% used [0x00000000d6580000,0x00000000d6730bc8,0x00000000d6780000)
  to   space 1536K, 0% used [0x00000000d6780000,0x00000000d6780000,0x00000000d6900000)
 ParOldGen       total 235520K, used 212034K [0x0000000080000000, 0x000000008e600000, 0x00000000d5580000)
  object space 235520K, 90% used [0x0000000080000000,0x000000008cf109f0,0x000000008e600000)
 Metaspace       used 87982K, committed 90112K, reserved 1179648K
  class space    used 10181K, committed 11200K, reserved 1048576K
}
Event: 785.439 GC heap after
{Heap after GC invocations=9204 (full 6):
 PSYoungGen      total 16896K, used 1508K [0x00000000d5580000, 0x00000000d6b00000, 0x0000000100000000)
  eden space 15360K, 0% used [0x00000000d5580000,0x00000000d5580000,0x00000000d6480000)
  from space 1536K, 98% used [0x00000000d6780000,0x00000000d68f9028,0x00000000d6900000)
  to   space 3072K, 0% used [0x00000000d6480000,0x00000000d6480000,0x00000000d6780000)
 ParOldGen       total 235520K, used 212986K [0x0000000080000000, 0x000000008e600000, 0x00000000d5580000)
  object space 235520K, 90% used [0x0000000080000000,0x000000008cffea70,0x000000008e600000)
 Metaspace       used 87982K, committed 90112K, reserved 1179648K
  class space    used 10181K, committed 11200K, reserved 1048576K
}
Event: 786.155 GC heap before
{Heap before GC invocations=9205 (full 6):
 PSYoungGen      total 16896K, used 16868K [0x00000000d5580000, 0x00000000d6b00000, 0x0000000100000000)
  eden space 15360K, 100% used [0x00000000d5580000,0x00000000d6480000,0x00000000d6480000)
  from space 1536K, 98% used [0x00000000d6780000,0x00000000d68f9028,0x00000000d6900000)
  to   space 3072K, 0% used [0x00000000d6480000,0x00000000d6480000,0x00000000d6780000)
 ParOldGen       total 235520K, used 212986K [0x0000000080000000, 0x000000008e600000, 0x00000000d5580000)
  object space 235520K, 90% used [0x0000000080000000,0x000000008cffea70,0x000000008e600000)
 Metaspace       used 88030K, committed 90176K, reserved 1179648K
  class space    used 10189K, committed 11200K, reserved 1048576K
}
Event: 786.173 GC heap after
{Heap after GC invocations=9205 (full 6):
 PSYoungGen      total 17920K, used 2376K [0x00000000d5580000, 0x00000000d6980000, 0x0000000100000000)
  eden space 15360K, 0% used [0x00000000d5580000,0x00000000d5580000,0x00000000d6480000)
  from space 2560K, 92% used [0x00000000d6480000,0x00000000d66d23e0,0x00000000d6700000)
  to   space 2560K, 0% used [0x00000000d6700000,0x00000000d6700000,0x00000000d6980000)
 ParOldGen       total 235520K, used 213210K [0x0000000080000000, 0x000000008e600000, 0x00000000d5580000)
  object space 235520K, 90% used [0x0000000080000000,0x000000008d036aa0,0x000000008e600000)
 Metaspace       used 88030K, committed 90176K, reserved 1179648K
  class space    used 10189K, committed 11200K, reserved 1048576K
}
Event: 787.268 GC heap before
{Heap before GC invocations=9206 (full 6):
 PSYoungGen      total 17920K, used 17736K [0x00000000d5580000, 0x00000000d6980000, 0x0000000100000000)
  eden space 15360K, 100% used [0x00000000d5580000,0x00000000d6480000,0x00000000d6480000)
  from space 2560K, 92% used [0x00000000d6480000,0x00000000d66d23e0,0x00000000d6700000)
  to   space 2560K, 0% used [0x00000000d6700000,0x00000000d6700000,0x00000000d6980000)
 ParOldGen       total 235520K, used 213210K [0x0000000080000000, 0x000000008e600000, 0x00000000d5580000)
  object space 235520K, 90% used [0x0000000080000000,0x000000008d036aa0,0x000000008e600000)
 Metaspace       used 88032K, committed 90176K, reserved 1179648K
  class space    used 10189K, committed 11200K, reserved 1048576K
}
Event: 787.275 GC heap after
{Heap after GC invocations=9206 (full 6):
 PSYoungGen      total 17920K, used 2008K [0x00000000d5580000, 0x00000000d6980000, 0x0000000100000000)
  eden space 15360K, 0% used [0x00000000d5580000,0x00000000d5580000,0x00000000d6480000)
  from space 2560K, 78% used [0x00000000d6700000,0x00000000d68f63d0,0x00000000d6980000)
  to   space 2560K, 0% used [0x00000000d6480000,0x00000000d6480000,0x00000000d6700000)
 ParOldGen       total 235520K, used 213210K [0x0000000080000000, 0x000000008e600000, 0x00000000d5580000)
  object space 235520K, 90% used [0x0000000080000000,0x000000008d036aa0,0x000000008e600000)
 Metaspace       used 88032K, committed 90176K, reserved 1179648K
  class space    used 10189K, committed 11200K, reserved 1048576K
}
Event: 787.769 GC heap before
{Heap before GC invocations=9207 (full 6):
 PSYoungGen      total 17920K, used 17368K [0x00000000d5580000, 0x00000000d6980000, 0x0000000100000000)
  eden space 15360K, 100% used [0x00000000d5580000,0x00000000d6480000,0x00000000d6480000)
  from space 2560K, 78% used [0x00000000d6700000,0x00000000d68f63d0,0x00000000d6980000)
  to   space 2560K, 0% used [0x00000000d6480000,0x00000000d6480000,0x00000000d6700000)
 ParOldGen       total 235520K, used 213210K [0x0000000080000000, 0x000000008e600000, 0x00000000d5580000)
  object space 235520K, 90% used [0x0000000080000000,0x000000008d036aa0,0x000000008e600000)
 Metaspace       used 88033K, committed 90176K, reserved 1179648K
  class space    used 10189K, committed 11200K, reserved 1048576K
}
Event: 787.776 GC heap after
{Heap after GC invocations=9207 (full 6):
 PSYoungGen      total 17408K, used 1637K [0x00000000d5580000, 0x00000000d6880000, 0x0000000100000000)
  eden space 15360K, 0% used [0x00000000d5580000,0x00000000d5580000,0x00000000d6480000)
  from space 2048K, 79% used [0x00000000d6480000,0x00000000d66197c8,0x00000000d6680000)
  to   space 2048K, 0% used [0x00000000d6680000,0x00000000d6680000,0x00000000d6880000)
 ParOldGen       total 235520K, used 213210K [0x0000000080000000, 0x000000008e600000, 0x00000000d5580000)
  object space 235520K, 90% used [0x0000000080000000,0x000000008d036aa0,0x000000008e600000)
 Metaspace       used 88033K, committed 90176K, reserved 1179648K
  class space    used 10189K, committed 11200K, reserved 1048576K
}

Dll operation events (20 events):
Event: 0.304 Attempting to load shared library C:\Users\ACER\.vscode\extensions\redhat.java-1.56.0-win32-x64\jre\21.0.12.1-win32-x86_64\bin\zip.dll
Event: 0.304 Loaded shared library C:\Users\ACER\.vscode\extensions\redhat.java-1.56.0-win32-x64\jre\21.0.12.1-win32-x86_64\bin\zip.dll
Event: 0.342 Attempting to load shared library C:\Users\ACER\.vscode\extensions\redhat.java-1.56.0-win32-x64\jre\21.0.12.1-win32-x86_64\bin\jimage.dll
Event: 0.342 Loaded shared library C:\Users\ACER\.vscode\extensions\redhat.java-1.56.0-win32-x64\jre\21.0.12.1-win32-x86_64\bin\jimage.dll
Event: 0.525 Attempting to load shared library c:\Users\ACER\.vscode\extensions\redhat.java-1.56.0-win32-x64\jre\21.0.12.1-win32-x86_64\bin\verify.dll
Event: 0.526 Loaded shared library c:\Users\ACER\.vscode\extensions\redhat.java-1.56.0-win32-x64\jre\21.0.12.1-win32-x86_64\bin\verify.dll
Event: 11.752 Attempting to load shared library C:\Users\ACER\AppData\Roaming\Code\User\globalStorage\redhat.java\1.56.0\config_win\org.eclipse.equinox.launcher\org.eclipse.equinox.launcher.win32.win32.x86_64_1.3.100.v20260804-1928\eclipse_11924.dll
Event: 11.756 Loaded shared library C:\Users\ACER\AppData\Roaming\Code\User\globalStorage\redhat.java\1.56.0\config_win\org.eclipse.equinox.launcher\org.eclipse.equinox.launcher.win32.win32.x86_64_1.3.100.v20260804-1928\eclipse_11924.dll
Event: 24.868 Attempting to load shared library C:\Users\ACER\.vscode\extensions\redhat.java-1.56.0-win32-x64\jre\21.0.12.1-win32-x86_64\bin\management.dll
Event: 24.868 Loaded shared library C:\Users\ACER\.vscode\extensions\redhat.java-1.56.0-win32-x64\jre\21.0.12.1-win32-x86_64\bin\management.dll
Event: 24.876 Attempting to load shared library C:\Users\ACER\.vscode\extensions\redhat.java-1.56.0-win32-x64\jre\21.0.12.1-win32-x86_64\bin\management_ext.dll
Event: 24.881 Loaded shared library C:\Users\ACER\.vscode\extensions\redhat.java-1.56.0-win32-x64\jre\21.0.12.1-win32-x86_64\bin\management_ext.dll
Event: 27.758 Attempting to load shared library C:\Users\ACER\AppData\Local\Temp\jna-2003023\jna15681407982636594720.dll
Event: 28.027 Loaded shared library C:\Users\ACER\AppData\Local\Temp\jna-2003023\jna15681407982636594720.dll
Event: 101.478 Attempting to load shared library C:\Users\ACER\.gradle\native\660c5614fbf4a5f2a75b1949f50a0caf5cd603558e7d8a26e50b933a0cfb79d1\windows-amd64\native-platform.dll
Event: 101.481 Loaded shared library C:\Users\ACER\.gradle\native\660c5614fbf4a5f2a75b1949f50a0caf5cd603558e7d8a26e50b933a0cfb79d1\windows-amd64\native-platform.dll
Event: 113.654 Attempting to load shared library C:\Users\ACER\.vscode\extensions\redhat.java-1.56.0-win32-x64\jre\21.0.12.1-win32-x86_64\bin\extnet.dll
Event: 113.656 Loaded shared library C:\Users\ACER\.vscode\extensions\redhat.java-1.56.0-win32-x64\jre\21.0.12.1-win32-x86_64\bin\extnet.dll
Event: 123.608 Attempting to load shared library C:\Users\ACER\.vscode\extensions\redhat.java-1.56.0-win32-x64\jre\21.0.12.1-win32-x86_64\bin\sunmscapi.dll
Event: 123.626 Loaded shared library C:\Users\ACER\.vscode\extensions\redhat.java-1.56.0-win32-x64\jre\21.0.12.1-win32-x86_64\bin\sunmscapi.dll

Deoptimization events (20 events):
Event: 785.528 Thread 0x000001abaca31400 Uncommon trap: trap_request=0xffffff45 fr.pc=0x000001ab473b10c0 relative=0x0000000000001100
Event: 785.528 Thread 0x000001abaca31400 Uncommon trap: reason=unstable_if action=reinterpret pc=0x000001ab473b10c0 method=java.io.ObjectInputStream.readSerialData(Ljava/lang/Object;Ljava/io/ObjectStreamClass;)V @ 35 c2
Event: 785.528 Thread 0x000001abaca31400 DEOPT PACKING pc=0x000001ab473b10c0 sp=0x00000036c84fd470
Event: 785.529 Thread 0x000001abaca31400 DEOPT UNPACKING pc=0x000001ab468d3aa2 sp=0x00000036c84fd408 mode 2
Event: 785.535 Thread 0x000001abaca31400 Uncommon trap: trap_request=0xffffff45 fr.pc=0x000001ab473a8bd4 relative=0x0000000000001034
Event: 785.535 Thread 0x000001abaca31400 Uncommon trap: reason=unstable_if action=reinterpret pc=0x000001ab473a8bd4 method=java.io.ObjectInputStream$HandleTable.markDependency(II)V @ 2 c2
Event: 785.535 Thread 0x000001abaca31400 DEOPT PACKING pc=0x000001ab473a8bd4 sp=0x00000036c84fcd30
Event: 785.535 Thread 0x000001abaca31400 DEOPT UNPACKING pc=0x000001ab468d3aa2 sp=0x00000036c84fcc60 mode 2
Event: 787.789 Thread 0x000001abaca327b0 Uncommon trap: trap_request=0xffffff45 fr.pc=0x000001ab47ca6974 relative=0x0000000000001ad4
Event: 787.789 Thread 0x000001abaca327b0 Uncommon trap: reason=unstable_if action=reinterpret pc=0x000001ab47ca6974 method=sun.nio.ch.WEPollSelectorImpl.toReadyOps(I)I @ 5 c2
Event: 787.789 Thread 0x000001abaca327b0 DEOPT PACKING pc=0x000001ab47ca6974 sp=0x00000036c81fe550
Event: 787.789 Thread 0x000001abaca327b0 DEOPT UNPACKING pc=0x000001ab468d3aa2 sp=0x00000036c81fe3e8 mode 2
Event: 787.790 Thread 0x000001abaca327b0 Uncommon trap: trap_request=0xffffff45 fr.pc=0x000001ab47cb7238 relative=0x0000000000000d18
Event: 787.790 Thread 0x000001abaca327b0 Uncommon trap: reason=unstable_if action=reinterpret pc=0x000001ab47cb7238 method=com.esotericsoftware.kryo.io.Input.require(I)I @ 180 c2
Event: 787.790 Thread 0x000001abaca327b0 DEOPT PACKING pc=0x000001ab47cb7238 sp=0x00000036c81fe5f0
Event: 787.790 Thread 0x000001abaca327b0 DEOPT UNPACKING pc=0x000001ab468d3aa2 sp=0x00000036c81fe5e8 mode 2
Event: 787.790 Thread 0x000001abaca327b0 Uncommon trap: trap_request=0xfffffff4 fr.pc=0x000001ab47b039b4 relative=0x0000000000002014
Event: 787.790 Thread 0x000001abaca327b0 Uncommon trap: reason=null_check action=make_not_entrant pc=0x000001ab47b039b4 method=org.gradle.launcher.daemon.client.DaemonClientConnection.receive()Lorg/gradle/launcher/daemon/protocol/Message; @ 9 c2
Event: 787.790 Thread 0x000001abaca327b0 DEOPT PACKING pc=0x000001ab47b039b4 sp=0x00000036c81fe6a0
Event: 787.790 Thread 0x000001abaca327b0 DEOPT UNPACKING pc=0x000001ab468d3aa2 sp=0x00000036c81fe640 mode 2

Classes loaded (20 events):
Event: 226.714 Loading class jdk/internal/module/IllegalAccessLogger
Event: 226.714 Loading class jdk/internal/module/IllegalAccessLogger done
Event: 227.245 Loading class java/util/Hashtable$ValueCollection
Event: 227.245 Loading class java/util/Hashtable$ValueCollection done
Event: 227.297 Loading class java/util/concurrent/ConcurrentHashMap$KeySpliterator
Event: 227.298 Loading class java/util/concurrent/ConcurrentHashMap$KeySpliterator done
Event: 229.467 Loading class jdk/internal/module/IllegalAccessLogger
Event: 229.467 Loading class jdk/internal/module/IllegalAccessLogger done
Event: 630.877 Loading class java/util/HashMap$EntrySpliterator
Event: 630.895 Loading class java/util/HashMap$EntrySpliterator done
Event: 650.279 Loading class java/util/LinkedList$LLSpliterator
Event: 650.345 Loading class java/util/LinkedList$LLSpliterator done
Event: 745.620 Loading class java/net/DatagramPacket
Event: 745.680 Loading class java/net/DatagramPacket done
Event: 761.394 Loading class jdk/internal/module/IllegalAccessLogger
Event: 761.394 Loading class jdk/internal/module/IllegalAccessLogger done
Event: 778.816 Loading class jdk/internal/module/IllegalAccessLogger
Event: 778.817 Loading class jdk/internal/module/IllegalAccessLogger done
Event: 781.976 Loading class sun/net/ConnectionResetException
Event: 782.122 Loading class sun/net/ConnectionResetException done

Classes unloaded (20 events):
Event: 681.075 Thread 0x000001ab3aafa840 Unloading class 0x000001ab55ae2400 'java/lang/invoke/LambdaForm$MH+0x000001ab55ae2400'
Event: 681.075 Thread 0x000001ab3aafa840 Unloading class 0x000001ab55ae2000 'java/lang/invoke/LambdaForm$MH+0x000001ab55ae2000'
Event: 681.075 Thread 0x000001ab3aafa840 Unloading class 0x000001ab55ae1400 'java/lang/invoke/LambdaForm$MH+0x000001ab55ae1400'
Event: 681.075 Thread 0x000001ab3aafa840 Unloading class 0x000001ab55ae1800 'java/lang/invoke/LambdaForm$MH+0x000001ab55ae1800'
Event: 681.075 Thread 0x000001ab3aafa840 Unloading class 0x000001ab55ae1c00 'java/lang/invoke/LambdaForm$MH+0x000001ab55ae1c00'
Event: 681.075 Thread 0x000001ab3aafa840 Unloading class 0x000001ab55ae0c00 'java/lang/invoke/LambdaForm$MH+0x000001ab55ae0c00'
Event: 681.075 Thread 0x000001ab3aafa840 Unloading class 0x000001ab55ae0400 'java/lang/invoke/LambdaForm$DMH+0x000001ab55ae0400'
Event: 681.075 Thread 0x000001ab3aafa840 Unloading class 0x000001ab55ae0000 'java/lang/invoke/LambdaForm$DMH+0x000001ab55ae0000'
Event: 681.075 Thread 0x000001ab3aafa840 Unloading class 0x000001ab55adbc00 'java/lang/invoke/LambdaForm$MH+0x000001ab55adbc00'
Event: 681.075 Thread 0x000001ab3aafa840 Unloading class 0x000001ab55adb400 'java/lang/invoke/LambdaForm$DMH+0x000001ab55adb400'
Event: 681.075 Thread 0x000001ab3aafa840 Unloading class 0x000001ab55adb000 'java/lang/invoke/LambdaForm$MH+0x000001ab55adb000'
Event: 681.075 Thread 0x000001ab3aafa840 Unloading class 0x000001ab55adac00 'java/lang/invoke/LambdaForm$MH+0x000001ab55adac00'
Event: 681.075 Thread 0x000001ab3aafa840 Unloading class 0x000001ab55ada800 'java/lang/invoke/LambdaForm$MH+0x000001ab55ada800'
Event: 681.075 Thread 0x000001ab3aafa840 Unloading class 0x000001ab55ada000 'java/lang/invoke/LambdaForm$MH+0x000001ab55ada000'
Event: 681.075 Thread 0x000001ab3aafa840 Unloading class 0x000001ab55ad9c00 'java/lang/invoke/LambdaForm$DMH+0x000001ab55ad9c00'
Event: 681.075 Thread 0x000001ab3aafa840 Unloading class 0x000001ab55ad9400 'java/lang/invoke/LambdaForm$MH+0x000001ab55ad9400'
Event: 681.075 Thread 0x000001ab3aafa840 Unloading class 0x000001ab55ad8c00 'java/lang/invoke/LambdaForm$MH+0x000001ab55ad8c00'
Event: 681.075 Thread 0x000001ab3aafa840 Unloading class 0x000001ab55ad8800 'java/lang/invoke/LambdaForm$MH+0x000001ab55ad8800'
Event: 681.075 Thread 0x000001ab3aafa840 Unloading class 0x000001ab55ad8000 'java/lang/invoke/LambdaForm$MH+0x000001ab55ad8000'
Event: 681.075 Thread 0x000001ab3aafa840 Unloading class 0x000001ab55a71800 'java/lang/invoke/LambdaForm$MH+0x000001ab55a71800'

Classes redefined (0 events):
No events

Internal exceptions (20 events):
Event: 787.301 Thread 0x000001abaca36950 Exception <a 'sun/nio/fs/WindowsException'{0x00000000d56faae8}> (0x00000000d56faae8) 
thrown [s\src\hotspot\share\prims\jni.cpp, line 520]
Event: 787.301 Thread 0x000001abaca36950 Exception <a 'sun/nio/fs/WindowsException'{0x00000000d56faff0}> (0x00000000d56faff0) 
thrown [s\src\hotspot\share\prims\jni.cpp, line 520]
Event: 787.301 Thread 0x000001abaca36950 Exception <a 'sun/nio/fs/WindowsException'{0x00000000d5705868}> (0x00000000d5705868) 
thrown [s\src\hotspot\share\prims\jni.cpp, line 520]
Event: 787.302 Thread 0x000001abaca36950 Exception <a 'sun/nio/fs/WindowsException'{0x00000000d5712c88}> (0x00000000d5712c88) 
thrown [s\src\hotspot\share\prims\jni.cpp, line 520]
Event: 787.302 Thread 0x000001abaca36950 Exception <a 'sun/nio/fs/WindowsException'{0x00000000d57131a8}> (0x00000000d57131a8) 
thrown [s\src\hotspot\share\prims\jni.cpp, line 520]
Event: 787.302 Thread 0x000001abaca36950 Exception <a 'sun/nio/fs/WindowsException'{0x00000000d57136c8}> (0x00000000d57136c8) 
thrown [s\src\hotspot\share\prims\jni.cpp, line 520]
Event: 787.302 Thread 0x000001abaca36950 Exception <a 'sun/nio/fs/WindowsException'{0x00000000d5713c08}> (0x00000000d5713c08) 
thrown [s\src\hotspot\share\prims\jni.cpp, line 520]
Event: 787.303 Thread 0x000001abaca36950 Exception <a 'sun/nio/fs/WindowsException'{0x00000000d5717410}> (0x00000000d5717410) 
thrown [s\src\hotspot\share\prims\jni.cpp, line 520]
Event: 787.303 Thread 0x000001abaca36950 Exception <a 'sun/nio/fs/WindowsException'{0x00000000d5717958}> (0x00000000d5717958) 
thrown [s\src\hotspot\share\prims\jni.cpp, line 520]
Event: 787.303 Thread 0x000001abaca36950 Exception <a 'sun/nio/fs/WindowsException'{0x00000000d5717ea0}> (0x00000000d5717ea0) 
thrown [s\src\hotspot\share\prims\jni.cpp, line 520]
Event: 787.303 Thread 0x000001abaca36950 Exception <a 'sun/nio/fs/WindowsException'{0x00000000d5718400}> (0x00000000d5718400) 
thrown [s\src\hotspot\share\prims\jni.cpp, line 520]
Event: 787.304 Thread 0x000001abaca36950 Exception <a 'sun/nio/fs/WindowsException'{0x00000000d571ba70}> (0x00000000d571ba70) 
thrown [s\src\hotspot\share\prims\jni.cpp, line 520]
Event: 787.304 Thread 0x000001abaca36950 Exception <a 'sun/nio/fs/WindowsException'{0x00000000d571bf70}> (0x00000000d571bf70) 
thrown [s\src\hotspot\share\prims\jni.cpp, line 520]
Event: 787.304 Thread 0x000001abaca36950 Exception <a 'sun/nio/fs/WindowsException'{0x00000000d571c710}> (0x00000000d571c710) 
thrown [s\src\hotspot\share\prims\jni.cpp, line 520]
Event: 787.304 Thread 0x000001abaca36950 Exception <a 'sun/nio/fs/WindowsException'{0x00000000d571cc28}> (0x00000000d571cc28) 
thrown [s\src\hotspot\share\prims\jni.cpp, line 520]
Event: 787.305 Thread 0x000001abaca36950 Exception <a 'sun/nio/fs/WindowsException'{0x00000000d5720a38}> (0x00000000d5720a38) 
thrown [s\src\hotspot\share\prims\jni.cpp, line 520]
Event: 787.305 Thread 0x000001abaca36950 Exception <a 'sun/nio/fs/WindowsException'{0x00000000d5720f38}> (0x00000000d5720f38) 
thrown [s\src\hotspot\share\prims\jni.cpp, line 520]
Event: 787.305 Thread 0x000001abaca36950 Exception <a 'sun/nio/fs/WindowsException'{0x00000000d5721688}> (0x00000000d5721688) 
thrown [s\src\hotspot\share\prims\jni.cpp, line 520]
Event: 787.305 Thread 0x000001abaca36950 Exception <a 'sun/nio/fs/WindowsException'{0x00000000d5721ba0}> (0x00000000d5721ba0) 
thrown [s\src\hotspot\share\prims\jni.cpp, line 520]
Event: 787.790 Thread 0x000001abaca327b0 Exception <a 'sun/net/ConnectionResetException'{0x00000000d56146f8}: Connection reset> (0x00000000d56146f8) 
thrown [s\src\hotspot\share\prims\jni.cpp, line 539]

ZGC Phase Switch (0 events):
No events

VM Operations (20 events):
Event: 781.293 Executing safepoint VM operation: Cleanup
Event: 781.386 Executing safepoint VM operation: Cleanup done
Event: 781.638 Executing non-safepoint VM operation: HandshakeAllThreads (HandshakeForDeflation)
Event: 781.681 Executing non-safepoint VM operation: HandshakeAllThreads (HandshakeForDeflation) done
Event: 781.687 Executing non-safepoint VM operation: RendezvousGCThreads
Event: 781.687 Executing non-safepoint VM operation: RendezvousGCThreads done
Event: 782.610 Executing safepoint VM operation: ParallelGCFailedAllocation (Allocation Failure)
Event: 782.684 Executing safepoint VM operation: ParallelGCFailedAllocation (Allocation Failure) done
Event: 783.686 Executing safepoint VM operation: Cleanup
Event: 784.290 Executing safepoint VM operation: Cleanup done
Event: 784.387 Executing safepoint VM operation: ParallelGCFailedAllocation (Allocation Failure)
Event: 784.881 Executing safepoint VM operation: ParallelGCFailedAllocation (Allocation Failure) done
Event: 785.361 Executing safepoint VM operation: ParallelGCFailedAllocation (Allocation Failure)
Event: 785.440 Executing safepoint VM operation: ParallelGCFailedAllocation (Allocation Failure) done
Event: 785.689 Executing safepoint VM operation: ParallelGCFailedAllocation (Allocation Failure)
Event: 786.175 Executing safepoint VM operation: ParallelGCFailedAllocation (Allocation Failure) done
Event: 786.609 Executing safepoint VM operation: ParallelGCFailedAllocation (Allocation Failure)
Event: 787.277 Executing safepoint VM operation: ParallelGCFailedAllocation (Allocation Failure) done
Event: 787.441 Executing safepoint VM operation: ParallelGCFailedAllocation (Allocation Failure)
Event: 787.778 Executing safepoint VM operation: ParallelGCFailedAllocation (Allocation Failure) done

Memory protections (0 events):
No events

Nmethod flushes (20 events):
Event: 771.147 Thread 0x000001ab3aafa840 flushing  nmethod 0x000001ab41ca0290
Event: 771.147 Thread 0x000001ab3aafa840 flushing  nmethod 0x000001ab41ca0990
Event: 771.147 Thread 0x000001ab3aafa840 flushing  nmethod 0x000001ab41cac690
Event: 771.147 Thread 0x000001ab3aafa840 flushing  nmethod 0x000001ab41cc0e10
Event: 771.147 Thread 0x000001ab3aafa840 flushing  nmethod 0x000001ab41d0e410
Event: 771.147 Thread 0x000001ab3aafa840 flushing  nmethod 0x000001ab41d11c90
Event: 771.147 Thread 0x000001ab3aafa840 flushing  nmethod 0x000001ab41d13990
Event: 771.147 Thread 0x000001ab3aafa840 flushing  nmethod 0x000001ab41d28990
Event: 771.147 Thread 0x000001ab3aafa840 flushing  nmethod 0x000001ab41d2c610
Event: 771.147 Thread 0x000001ab3aafa840 flushing  nmethod 0x000001ab41d3ca10
Event: 771.147 Thread 0x000001ab3aafa840 flushing  nmethod 0x000001ab41d3d310
Event: 771.147 Thread 0x000001ab3aafa840 flushing  nmethod 0x000001ab41d47710
Event: 771.147 Thread 0x000001ab3aafa840 flushing  nmethod 0x000001ab41d48110
Event: 771.147 Thread 0x000001ab3aafa840 flushing  nmethod 0x000001ab41d4c710
Event: 771.147 Thread 0x000001ab3aafa840 flushing  nmethod 0x000001ab41d4ca90
Event: 771.147 Thread 0x000001ab3aafa840 flushing  nmethod 0x000001ab41da1990
Event: 771.147 Thread 0x000001ab3aafa840 flushing  nmethod 0x000001ab41dabe90
Event: 771.147 Thread 0x000001ab3aafa840 flushing  nmethod 0x000001ab41dac610
Event: 771.147 Thread 0x000001ab3aafa840 flushing  nmethod 0x000001ab41dace90
Event: 771.147 Thread 0x000001ab3aafa840 flushing  nmethod 0x000001ab41dad890

Events (20 events):
Event: 784.344 Thread 0x000001abaca334d0 Thread exited: 0x000001abaca334d0
Event: 784.350 Thread 0x000001ab99f90170 Thread added: 0x000001abaca341f0
Event: 784.883 Thread 0x000001abaca42110 Thread exited: 0x000001abaca42110
Event: 785.441 Thread 0x000001abaca2cbd0 Thread added: 0x000001abaca334d0
Event: 785.441 Thread 0x000001abaca2cbd0 Thread added: 0x000001abaca3aaf0
Event: 786.177 Thread 0x000001abaca334d0 Thread exited: 0x000001abaca334d0
Event: 786.193 Thread 0x000001abaca3b810 Thread exited: 0x000001abaca3b810
Event: 786.209 Thread 0x000001abaca31400 Thread exited: 0x000001abaca31400
Event: 786.221 Thread 0x000001ab9e289180 Thread added: 0x000001abaca334d0
Event: 786.280 Thread 0x000001abaca34f10 Thread added: 0x000001abaca42110
Event: 786.354 Thread 0x000001abaca41a80 Thread added: 0x000001abaca52100
Event: 787.311 Thread 0x000001ab99f8edc0 Thread added: 0x000001abaca31400
Event: 787.328 Thread 0x000001abaca42110 Thread added: 0x000001abaca3b810
Event: 787.329 Thread 0x000001abaca42110 Thread added: 0x000001abaca513e0
Event: 787.347 Thread 0x000001abaca52100 Thread added: 0x000001abaca51a70
Event: 787.347 Thread 0x000001abaca52100 Thread added: 0x000001abaca52790
Event: 787.780 Thread 0x000001abaca3b810 Thread exited: 0x000001abaca3b810
Event: 787.787 Thread 0x000001abaca31400 Thread added: 0x000001abaca3b810
Event: 787.788 Thread 0x000001abaca51a70 Thread exited: 0x000001abaca51a70
Event: 787.828 Thread 0x000001abaca31400 Thread exited: 0x000001abaca31400


Dynamic libraries:
0x00007ff6cf7b0000 - 0x00007ff6cf7be000 	c:\Users\ACER\.vscode\extensions\redhat.java-1.56.0-win32-x64\jre\21.0.12.1-win32-x86_64\bin\java.exe
0x00007ffce1520000 - 0x00007ffce1787000 	C:\WINDOWS\SYSTEM32\ntdll.dll
0x00007ffce0640000 - 0x00007ffce070b000 	C:\WINDOWS\System32\KERNEL32.DLL
0x00007ffcde7e0000 - 0x00007ffcdebe2000 	C:\WINDOWS\System32\KERNELBASE.dll
0x00007ffcdb5d0000 - 0x00007ffcdb66f000 	C:\WINDOWS\SYSTEM32\apphelp.dll
0x00007ffcdee30000 - 0x00007ffcdef7c000 	C:\WINDOWS\System32\ucrtbase.dll
0x00007ffcb7af0000 - 0x00007ffcb7b08000 	c:\Users\ACER\.vscode\extensions\redhat.java-1.56.0-win32-x64\jre\21.0.12.1-win32-x86_64\bin\jli.dll
0x00007ffce0790000 - 0x00007ffce095f000 	C:\WINDOWS\System32\USER32.dll
0x00007ffcdf0e0000 - 0x00007ffcdf107000 	C:\WINDOWS\System32\win32u.dll
0x00007ffcdf2c0000 - 0x00007ffcdf2eb000 	C:\WINDOWS\System32\GDI32.dll
0x00007ffcdf110000 - 0x00007ffcdf239000 	C:\WINDOWS\System32\gdi32full.dll
0x00007ffcdebf0000 - 0x00007ffcdec93000 	C:\WINDOWS\System32\msvcp_win.dll
0x00007ffcb7a00000 - 0x00007ffcb7a1e000 	c:\Users\ACER\.vscode\extensions\redhat.java-1.56.0-win32-x64\jre\21.0.12.1-win32-x86_64\bin\VCRUNTIME140.dll
0x00007ffccb840000 - 0x00007ffccbad0000 	C:\WINDOWS\WinSxS\amd64_microsoft.windows.common-controls_6595b64144ccf1df_6.0.26100.9278_none_3e0d1ba8e3303201\COMCTL32.dll
0x00007ffcdf430000 - 0x00007ffcdf4d9000 	C:\WINDOWS\System32\msvcrt.dll
0x00007ffce0420000 - 0x00007ffce0451000 	C:\WINDOWS\System32\IMM32.DLL
0x00007ffcd9430000 - 0x00007ffcd943c000 	c:\Users\ACER\.vscode\extensions\redhat.java-1.56.0-win32-x64\jre\21.0.12.1-win32-x86_64\bin\vcruntime140_1.dll
0x00007ffc6d300000 - 0x00007ffc6d38d000 	c:\Users\ACER\.vscode\extensions\redhat.java-1.56.0-win32-x64\jre\21.0.12.1-win32-x86_64\bin\msvcp140.dll
0x00007ffc48520000 - 0x00007ffc492c2000 	c:\Users\ACER\.vscode\extensions\redhat.java-1.56.0-win32-x64\jre\21.0.12.1-win32-x86_64\bin\server\jvm.dll
0x00007ffcdfa40000 - 0x00007ffcdfafc000 	C:\WINDOWS\System32\ADVAPI32.dll
0x00007ffce1240000 - 0x00007ffce12e9000 	C:\WINDOWS\System32\sechost.dll
0x00007ffcdf310000 - 0x00007ffcdf428000 	C:\WINDOWS\System32\RPCRT4.dll
0x00007ffce0a80000 - 0x00007ffce0b00000 	C:\WINDOWS\System32\WS2_32.dll
0x00007ffcde580000 - 0x00007ffcde5de000 	C:\WINDOWS\SYSTEM32\POWRPROF.dll
0x00007ffcc5ed0000 - 0x00007ffcc5f06000 	C:\WINDOWS\SYSTEM32\WINMM.dll
0x00007ffcd1730000 - 0x00007ffcd173b000 	C:\WINDOWS\SYSTEM32\VERSION.dll
0x00007ffcde560000 - 0x00007ffcde575000 	C:\WINDOWS\SYSTEM32\UMPDC.dll
0x00007ffcdd3f0000 - 0x00007ffcdd40b000 	C:\WINDOWS\SYSTEM32\kernel.appcore.dll
0x00007ffcd74b0000 - 0x00007ffcd74ba000 	c:\Users\ACER\.vscode\extensions\redhat.java-1.56.0-win32-x64\jre\21.0.12.1-win32-x86_64\bin\jimage.dll
0x00007ffcc5fe0000 - 0x00007ffcc622c000 	C:\WINDOWS\SYSTEM32\DBGHELP.DLL
0x00007ffcdf4e0000 - 0x00007ffcdf865000 	C:\WINDOWS\System32\combase.dll
0x00007ffce0340000 - 0x00007ffce0419000 	C:\WINDOWS\System32\OLEAUT32.dll
0x00007ffcb8b50000 - 0x00007ffcb8b8b000 	C:\WINDOWS\SYSTEM32\dbgcore.DLL
0x00007ffcdef90000 - 0x00007ffcdf03c000 	C:\WINDOWS\System32\bcryptPrimitives.dll
0x00007ffccd4d0000 - 0x00007ffccd4df000 	c:\Users\ACER\.vscode\extensions\redhat.java-1.56.0-win32-x64\jre\21.0.12.1-win32-x86_64\bin\instrument.dll
0x00007ffc6df90000 - 0x00007ffc6dfb0000 	c:\Users\ACER\.vscode\extensions\redhat.java-1.56.0-win32-x64\jre\21.0.12.1-win32-x86_64\bin\java.dll
0x00007ffcdfb10000 - 0x00007ffce02a8000 	C:\WINDOWS\System32\SHELL32.dll
0x00007ffcdc1c0000 - 0x00007ffcdca6e000 	C:\WINDOWS\SYSTEM32\windows.storage.dll
0x00007ffce1140000 - 0x00007ffce123b000 	C:\WINDOWS\System32\SHCORE.dll
0x00007ffcdf870000 - 0x00007ffcdf8d6000 	C:\WINDOWS\System32\shlwapi.dll
0x00007ffcde640000 - 0x00007ffcde669000 	C:\WINDOWS\SYSTEM32\profapi.dll
0x00007ffc6de40000 - 0x00007ffc6de58000 	c:\Users\ACER\.vscode\extensions\redhat.java-1.56.0-win32-x64\jre\21.0.12.1-win32-x86_64\bin\zip.dll
0x00007ffcd0b50000 - 0x00007ffcd0b60000 	C:\Users\ACER\.vscode\extensions\redhat.java-1.56.0-win32-x64\jre\21.0.12.1-win32-x86_64\bin\net.dll
0x00007ffcd1b30000 - 0x00007ffcd1c5a000 	C:\WINDOWS\SYSTEM32\WINHTTP.dll
0x00007ffcdd9b0000 - 0x00007ffcdda1c000 	C:\WINDOWS\system32\mswsock.dll
0x00007ffc6de20000 - 0x00007ffc6de36000 	C:\Users\ACER\.vscode\extensions\redhat.java-1.56.0-win32-x64\jre\21.0.12.1-win32-x86_64\bin\nio.dll
0x00007ffcccb50000 - 0x00007ffcccb60000 	c:\Users\ACER\.vscode\extensions\redhat.java-1.56.0-win32-x64\jre\21.0.12.1-win32-x86_64\bin\verify.dll
0x00007ffcb9270000 - 0x00007ffcb92b5000 	C:\Users\ACER\AppData\Roaming\Code\User\globalStorage\redhat.java\1.56.0\config_win\org.eclipse.equinox.launcher\org.eclipse.equinox.launcher.win32.win32.x86_64_1.3.100.v20260804-1928\eclipse_11924.dll
0x00007ffce0b10000 - 0x00007ffce0caa000 	C:\WINDOWS\System32\ole32.dll
0x00007ffcd74d0000 - 0x00007ffcd74da000 	C:\Users\ACER\.vscode\extensions\redhat.java-1.56.0-win32-x64\jre\21.0.12.1-win32-x86_64\bin\management.dll
0x00007ffcd74c0000 - 0x00007ffcd74cc000 	C:\Users\ACER\.vscode\extensions\redhat.java-1.56.0-win32-x64\jre\21.0.12.1-win32-x86_64\bin\management_ext.dll
0x00007ffcdf2f0000 - 0x00007ffcdf2f8000 	C:\WINDOWS\System32\PSAPI.DLL
0x00007ffcddca0000 - 0x00007ffcddcbb000 	C:\WINDOWS\SYSTEM32\CRYPTSP.dll
0x00007ffcdd350000 - 0x00007ffcdd389000 	C:\WINDOWS\system32\rsaenh.dll
0x00007ffcdda60000 - 0x00007ffcdda94000 	C:\WINDOWS\SYSTEM32\USERENV.dll
0x00007ffcde610000 - 0x00007ffcde63a000 	C:\WINDOWS\SYSTEM32\bcrypt.dll
0x00007ffcddcc0000 - 0x00007ffcddccc000 	C:\WINDOWS\SYSTEM32\CRYPTBASE.dll
0x00007ffcdcdc0000 - 0x00007ffcdcdf3000 	C:\WINDOWS\SYSTEM32\IPHLPAPI.DLL
0x00007ffce13f0000 - 0x00007ffce13fa000 	C:\WINDOWS\System32\NSI.dll
0x00007ffccc1f0000 - 0x00007ffccc239000 	C:\Users\ACER\AppData\Local\Temp\jna-2003023\jna15681407982636594720.dll
0x00007ffcd55d0000 - 0x00007ffcd55ed000 	C:\WINDOWS\SYSTEM32\dhcpcsvc6.DLL
0x00007ffcd55a0000 - 0x00007ffcd55c5000 	C:\WINDOWS\SYSTEM32\dhcpcsvc.DLL
0x00007ffcb4630000 - 0x00007ffcb4657000 	C:\Users\ACER\.gradle\native\660c5614fbf4a5f2a75b1949f50a0caf5cd603558e7d8a26e50b933a0cfb79d1\windows-amd64\native-platform.dll
0x00007ffcd09a0000 - 0x00007ffcd09a9000 	C:\Users\ACER\.vscode\extensions\redhat.java-1.56.0-win32-x64\jre\21.0.12.1-win32-x86_64\bin\extnet.dll
0x00007ffcd0990000 - 0x00007ffcd099e000 	C:\Users\ACER\.vscode\extensions\redhat.java-1.56.0-win32-x64\jre\21.0.12.1-win32-x86_64\bin\sunmscapi.dll
0x00007ffcdeca0000 - 0x00007ffcdee1e000 	C:\WINDOWS\System32\CRYPT32.dll
0x00007ffcddee0000 - 0x00007ffcddf10000 	C:\WINDOWS\SYSTEM32\ncrypt.dll
0x00007ffcdde90000 - 0x00007ffcddecf000 	C:\WINDOWS\SYSTEM32\NTASN1.dll
0x00007ffcca980000 - 0x00007ffcca988000 	C:\WINDOWS\system32\wshunix.dll

JVMTI agents:
c:\Users\ACER\.vscode\extensions\redhat.java-1.56.0-win32-x64\lombok\lombok-1.18.39-4050.jar path:c:\Users\ACER\.vscode\extensions\redhat.java-1.56.0-win32-x64\jre\21.0.12.1-win32-x86_64\bin\instrument.dll, loaded, initialized, instrumentlib options:none

dbghelp: loaded successfully - version: 4.0.5 - missing functions: none
symbol engine: initialized successfully - sym options: 0x614 - pdb path: .;c:\Users\ACER\.vscode\extensions\redhat.java-1.56.0-win32-x64\jre\21.0.12.1-win32-x86_64\bin;C:\WINDOWS\SYSTEM32;C:\WINDOWS\WinSxS\amd64_microsoft.windows.common-controls_6595b64144ccf1df_6.0.26100.9278_none_3e0d1ba8e3303201;c:\Users\ACER\.vscode\extensions\redhat.java-1.56.0-win32-x64\jre\21.0.12.1-win32-x86_64\bin\server;C:\Users\ACER\AppData\Roaming\Code\User\globalStorage\redhat.java\1.56.0\config_win\org.eclipse.equinox.launcher\org.eclipse.equinox.launcher.win32.win32.x86_64_1.3.100.v20260804-1928;C:\Users\ACER\AppData\Local\Temp\jna-2003023;C:\Users\ACER\.gradle\native\660c5614fbf4a5f2a75b1949f50a0caf5cd603558e7d8a26e50b933a0cfb79d1\windows-amd64

VM Arguments:
jvm_args: --add-modules=ALL-SYSTEM --add-opens=java.base/java.util=ALL-UNNAMED --add-opens=java.base/java.lang=ALL-UNNAMED --add-opens=java.base/sun.nio.fs=ALL-UNNAMED -Declipse.application=org.eclipse.jdt.ls.core.id1 -Dosgi.bundles.defaultStartLevel=4 -Declipse.product=org.eclipse.jdt.ls.core.product -Djava.import.generatesMetadataFilesAtProjectRoot=false -Dm2e.project.cache.size=50 -DDetectVMInstallationsJob.disabled=true -Dfile.encoding=utf8 -XX:+UseParallelGC -XX:GCTimeRatio=4 -XX:AdaptiveSizePolicyWeight=90 -Dsun.zip.disableMemoryMapping=true -Xmx2G -Xms100m -Xlog:disable -javaagent:c:\Users\ACER\.vscode\extensions\redhat.java-1.56.0-win32-x64\lombok\lombok-1.18.39-4050.jar -XX:+HeapDumpOnOutOfMemoryError -XX:HeapDumpPath=c:\Users\ACER\AppData\Roaming\Code\User\workspaceStorage\5ee7213931e9956efef31d557ee2b2d3\redhat.java -Daether.dependencyCollector.impl=bf 
java_command: c:\Users\ACER\.vscode\extensions\redhat.java-1.56.0-win32-x64\server\plugins\org.eclipse.equinox.launcher_1.8.0.v20260804-1928.jar -configuration c:\Users\ACER\AppData\Roaming\Code\User\globalStorage\redhat.java\1.56.0\config_win -data c:\Users\ACER\AppData\Roaming\Code\User\workspaceStorage\5ee7213931e9956efef31d557ee2b2d3\redhat.java\jdt_ws --stdio
java_class_path (initial): c:\Users\ACER\.vscode\extensions\redhat.java-1.56.0-win32-x64\server\plugins\org.eclipse.equinox.launcher_1.8.0.v20260804-1928.jar
Launcher Type: SUN_STANDARD

[Global flags]
    uintx AdaptiveSizePolicyWeight                 = 90                                        {product} {command line}
     intx CICompilerCount                          = 3                                         {product} {ergonomic}
    uintx GCTimeRatio                              = 4                                         {product} {command line}
     bool HeapDumpOnOutOfMemoryError               = true                                   {manageable} {command line}
    ccstr HeapDumpPath                             = c:\Users\ACER\AppData\Roaming\Code\User\workspaceStorage\5ee7213931e9956efef31d557ee2b2d3\redhat.java         {manageable} {command line}
   size_t InitialHeapSize                          = 104857600                                 {product} {command line}
   size_t MaxHeapSize                              = 2147483648                                {product} {command line}
   size_t MaxNewSize                               = 715653120                                 {product} {ergonomic}
   size_t MinHeapDeltaBytes                        = 524288                                    {product} {ergonomic}
   size_t MinHeapSize                              = 104857600                                 {product} {command line}
   size_t NewSize                                  = 34603008                                  {product} {ergonomic}
    uintx NonNMethodCodeHeapSize                   = 5832780                                {pd product} {ergonomic}
    uintx NonProfiledCodeHeapSize                  = 122912730                              {pd product} {ergonomic}
   size_t OldSize                                  = 70254592                                  {product} {ergonomic}
    uintx ProfiledCodeHeapSize                     = 122912730                              {pd product} {ergonomic}
    uintx ReservedCodeCacheSize                    = 251658240                              {pd product} {ergonomic}
     bool SegmentedCodeCache                       = true                                      {product} {ergonomic}
   size_t SoftMaxHeapSize                          = 2147483648                             {manageable} {ergonomic}
     bool UseCompressedOops                        = true                           {product lp64_product} {ergonomic}
     bool UseLargePagesIndividualAllocation        = false                                  {pd product} {ergonomic}
     bool UseParallelGC                            = true                                      {product} {command line}

Logging:
Log output configuration:
 #0: stdout all=off uptime,level,tags foldmultilines=false
 #1: stderr all=off uptime,level,tags foldmultilines=false

Release file:
JAVA_VERSION="21.0.12.1" 
MODULES="java.base java.compiler java.datatransfer java.xml java.prefs java.desktop java.instrument java.logging java.management java.security.sasl java.naming java.rmi java.management.rmi java.net.http java.scripting java.security.jgss java.transaction.xa java.sql java.sql.rowset java.xml.crypto java.se java.smartcardio jdk.accessibility jdk.internal.jvmstat jdk.attach jdk.charsets jdk.internal.opt jdk.zipfs jdk.compiler jdk.crypto.ec jdk.crypto.cryptoki jdk.crypto.mscapi jdk.dynalink jdk.internal.ed jdk.editpad jdk.hotspot.agent jdk.httpserver jdk.internal.le jdk.internal.vm.ci jdk.internal.vm.compiler jdk.internal.vm.compiler.management jdk.jartool jdk.javadoc jdk.jcmd jdk.management jdk.management.agent jdk.jconsole jdk.jdeps jdk.jdwp.agent jdk.jdi jdk.jfr jdk.jshell jdk.jsobject jdk.jstatd jdk.localedata jdk.management.jfr jdk.naming.dns jdk.naming.rmi jdk.net jdk.nio.mapmode jdk.random jdk.sctp jdk.security.auth jdk.security.jgss jdk.unsupported jdk.unsupported.desktop jdk.xml.dom" 

Environment Variables:
JAVA_HOME=C:\Program Files\Java\jdk-23
PATH=C:\wamp64\bin\php\php8.2.29;C:\Program Files\Common Files\Oracle\Java\javapath;C:\Program Files (x86)\Intel\iCLS Client\;C:\Program Files\Intel\iCLS Client\;C:\WINDOWS\system32;C:\WINDOWS;C:\WINDOWS\System32\Wbem;C:\WINDOWS\System32\WindowsPowerShell\v1.0\;C:\WINDOWS\System32\OpenSSH\;C:\Program Files (x86)\Intel\Intel(R) Management Engine Components\DAL;C:\Program Files\Intel\Intel(R) Management Engine Components\DAL;C:\Program Files (x86)\Intel\Intel(R) Management Engine Components\IPT;C:\Program Files\Intel\Intel(R) Management Engine Components\IPT;C:\ProgramData\ComposerSetup\bin;C:\Program Files\nodejs\;C:\Program Files\Git\cmd;C:\Users\ACER\.config\herd-lite\bin;C:\Users\ACER\AppData\Local\Programs\Python\Python313\Scripts\;C:\Users\ACER\AppData\Local\Programs\Python\Python313\;C:\Users\ACER\AppData\Local\Programs\Python\Launcher\;C:\Users\ACER\AppData\Local\Microsoft\WindowsApps;C:\Users\ACER\AppData\Local\Programs\Microsoft VS Code\bin;C:\Users\ACER\AppData\Roaming\Composer\vendor\bin;C:\wamp64\bin\php\php8.2.29;C:\Users\ACER\AppData\Roaming\npm;C:\Users\ACER\AppData\Local\Microsoft\WindowsApps;C:\Program Files\Java\jdk-23\bin;
USERNAME=ACER
OS=Windows_NT
PROCESSOR_IDENTIFIER=Intel64 Family 6 Model 142 Stepping 10, GenuineIntel
TMP=C:\Users\ACER\AppData\Local\Temp
TEMP=C:\Users\ACER\AppData\Local\Temp




Periodic native trim disabled

---------------  S Y S T E M  ---------------

OS:
 Windows 11 , 64 bit Build 26100 (10.0.26100.9444)
OS uptime: 0 days 0:41 hours

CPU: total 4 (initial active 4) (2 cores per cpu, 2 threads per core) family 6 model 142 stepping 10 microcode 0xe0, cx8, cmov, fxsr, ht, mmx, 3dnowpref, sse, sse2, sse3, ssse3, sse4.1, sse4.2, popcnt, lzcnt, tsc, tscinvbit, avx, avx2, aes, erms, clmul, bmi1, bmi2, adx, fma, vzeroupper, clflush, clflushopt, rdtscp, f16c
Processor Information for the first 4 processors :
  Max Mhz: 2208, Current Mhz: 2208, Mhz Limit: 2208

Memory: 4k page, system-wide physical 3973M (130M free)
TotalPageFile size 16261M (AvailPageFile size 1M)
current process WorkingSet (physical memory assigned to process): 173M, peak: 520M
current process commit charge ("private bytes"): 751M, peak: 1907M

vm_info: OpenJDK 64-Bit Server VM (21.0.12.1+1-LTS) for windows-amd64 JRE (21.0.12.1+1-LTS), built on 2026-08-18T00:00:00Z by "admin" with MS VC++ 17.12 (VS2022)

END.
