#
# There is insufficient memory for the Java Runtime Environment to continue.
# Native memory allocation (mmap) failed to map 65536 bytes. Error detail: Failed to commit metaspace.
# Possible reasons:
#   The system is out of physical RAM or swap space
#   This process is running with CompressedOops enabled, and the Java Heap may be blocking the growth of the native heap
# Possible solutions:
#   Reduce memory load on the system
#   Increase physical memory or swap space
#   Check if swap backing store is full
#   Decrease Java heap size (-Xmx/-Xms)
#   Decrease number of Java threads
#   Decrease Java thread stack sizes (-Xss)
#   Set larger code cache with -XX:ReservedCodeCacheSize=
#   JVM is running with Unscaled Compressed Oops mode in which the Java heap is
#     placed in the first 4GB address space. The Java Heap base address is the
#     maximum limit for the native heap growth. Please use -XX:HeapBaseMinAddress
#     to set the Java Heap base and to place the Java Heap above 4GB virtual address.
# This output file may be truncated or incomplete.
#
#  Out of Memory Error (virtualSpaceNode.cpp:113), pid=7912, tid=12160
#
# JRE version: OpenJDK Runtime Environment Temurin-21.0.12.1+1 (21.0.12.1+1) (build 21.0.12.1+1-LTS)
# Java VM: OpenJDK 64-Bit Server VM Temurin-21.0.12.1+1 (21.0.12.1+1-LTS, mixed mode, sharing, tiered, compressed oops, compressed class ptrs, g1 gc, windows-amd64)
# No core dump will be written. Minidumps are not enabled by default on client versions of Windows
#

---------------  S U M M A R Y ------------

Command Line: --add-opens=java.base/java.lang=ALL-UNNAMED --add-opens=java.base/java.lang.invoke=ALL-UNNAMED --add-opens=java.base/java.util=ALL-UNNAMED --add-opens=java.prefs/java.util.prefs=ALL-UNNAMED --add-exports=jdk.compiler/com.sun.tools.javac.api=ALL-UNNAMED --add-exports=jdk.compiler/com.sun.tools.javac.util=ALL-UNNAMED --add-opens=java.base/java.nio.charset=ALL-UNNAMED --add-opens=java.base/java.net=ALL-UNNAMED --add-opens=java.base/java.util.concurrent=ALL-UNNAMED --add-opens=java.base/java.util.concurrent.atomic=ALL-UNNAMED --add-opens=java.xml/javax.xml.namespace=ALL-UNNAMED --add-opens=java.base/java.time=ALL-UNNAMED -XX:MaxMetaspaceSize=384m -XX:+HeapDumpOnOutOfMemoryError -Xms256m -Xmx512m -Dfile.encoding=UTF-8 -Duser.country=CO -Duser.language=es -Duser.variant -javaagent:C:\Users\ACER\.gradle\wrapper\dists\gradle-9.7.1-bin\1w1c7tv4s851m17nbqdsro2tv\gradle-9.7.1\lib\agents\gradle-instrumentation-agent-9.7.1.jar org.gradle.launcher.daemon.bootstrap.GradleDaemon 9.7.1

Host: Intel(R) Core(TM) i3-8130U CPU @ 2.20GHz, 4 cores, 3G,  Windows 11 , 64 bit Build 26100 (10.0.26100.9444)
Time: Tue Oct  6 16:16:39 2026 Hora est. Pacífico, Sudamérica elapsed time: 92.879310 seconds (0d 0h 1m 32s)

---------------  T H R E A D  ---------------

Current thread (0x000002cbfed20240):  JavaThread "Daemon worker"        [_thread_in_vm, id=12160, stack(0x000000f81b600000,0x000000f81b700000) (1024K)]

Stack: [0x000000f81b600000,0x000000f81b700000]
Native frames: (J=compiled Java code, j=interpreted, Vv=VM code, C=native code)
V  [jvm.dll+0x6d83e9]
V  [jvm.dll+0x8b5736]
V  [jvm.dll+0x8b7cee]
V  [jvm.dll+0x8b83d3]
V  [jvm.dll+0x284596]
V  [jvm.dll+0x8b147e]
V  [jvm.dll+0x679ad4]
V  [jvm.dll+0x1e849b]
V  [jvm.dll+0x1e825e]
V  [jvm.dll+0x67c3d2]
V  [jvm.dll+0x67c202]
V  [jvm.dll+0x67a4ae]
V  [jvm.dll+0x684758]
V  [jvm.dll+0x21973e]
V  [jvm.dll+0x219be5]
V  [jvm.dll+0x21a5d8]
V  [jvm.dll+0x20f80e]
V  [jvm.dll+0x5b6a7f]
V  [jvm.dll+0x82f606]
V  [jvm.dll+0x4792f8]
V  [jvm.dll+0x47f128]
C  [java.dll+0x17ec]

Java frames: (J=compiled Java code, j=interpreted, Vv=VM code)
J 753  java.lang.ClassLoader.defineClass1(Ljava/lang/ClassLoader;Ljava/lang/String;[BIILjava/security/ProtectionDomain;Ljava/lang/String;)Ljava/lang/Class; java.base@21.0.12.1 (0 bytes) @ 0x000002cb87b20511 [0x000002cb87b20440+0x00000000000000d1]
J 1007 c1 java.lang.ClassLoader.defineClass(Ljava/lang/String;[BIILjava/security/ProtectionDomain;)Ljava/lang/Class; java.base@21.0.12.1 (43 bytes) @ 0x000002cb801b5074 [0x000002cb801b4d20+0x0000000000000354]
J 1032 c1 java.security.SecureClassLoader.defineClass(Ljava/lang/String;[BIILjava/security/CodeSource;)Ljava/lang/Class; java.base@21.0.12.1 (16 bytes) @ 0x000002cb801c581c [0x000002cb801c5740+0x00000000000000dc]
J 982 c1 java.net.URLClassLoader.defineClass(Ljava/lang/String;Ljdk/internal/loader/Resource;)Ljava/lang/Class; java.base@21.0.12.1 (224 bytes) @ 0x000002cb801a3054 [0x000002cb801a1900+0x0000000000001754]
J 854 c1 java.net.URLClassLoader$1.run()Ljava/lang/Class; java.base@21.0.12.1 (81 bytes) @ 0x000002cb80167a6c [0x000002cb80166e40+0x0000000000000c2c]
J 853 c1 java.net.URLClassLoader$1.run()Ljava/lang/Object; java.base@21.0.12.1 (5 bytes) @ 0x000002cb801668d4 [0x000002cb80166840+0x0000000000000094]
J 657 c1 java.security.AccessController.doPrivileged(Ljava/security/PrivilegedExceptionAction;Ljava/security/AccessControlContext;)Ljava/lang/Object; java.base@21.0.12.1 (26 bytes) @ 0x000002cb800ff20c [0x000002cb800ff020+0x00000000000001ec]
J 1443 c1 java.net.URLClassLoader.findClass(Ljava/lang/String;)Ljava/lang/Class; java.base@21.0.12.1 (47 bytes) @ 0x000002cb802b5ecc [0x000002cb802b5d20+0x00000000000001ac]
J 747 c1 java.lang.ClassLoader.loadClass(Ljava/lang/String;Z)Ljava/lang/Class; java.base@21.0.12.1 (121 bytes) @ 0x000002cb80135b24 [0x000002cb80135560+0x00000000000005c4]
J 765 c1 java.lang.ClassLoader.loadClass(Ljava/lang/String;)Ljava/lang/Class; java.base@21.0.12.1 (7 bytes) @ 0x000002cb8013cfd4 [0x000002cb8013cec0+0x0000000000000114]
v  ~StubRoutines::call_stub 0x000002cb8753100d
j  org.gradle.api.internal.provider.Providers.<clinit>()V+0
v  ~StubRoutines::call_stub 0x000002cb8753100d
j  org.gradle.api.internal.provider.DefaultProperty.<clinit>()V+0
v  ~StubRoutines::call_stub 0x000002cb8753100d
j  org.gradle.api.internal.cache.DefaultCacheConfigurations$DefaultCacheResourceConfiguration.<init>(Lorg/gradle/api/internal/provider/PropertyHost;Ljava/lang/String;Lorg/gradle/internal/time/Clock;)V+15
j  org.gradle.api.internal.cache.DefaultCacheConfigurations$DefaultCacheResourceConfiguration_Decorated.<init>(Lorg/gradle/api/internal/provider/PropertyHost;Ljava/lang/String;Lorg/gradle/internal/time/Clock;)V+4
j  java.lang.invoke.DirectMethodHandle$Holder.newInvokeSpecial(Ljava/lang/Object;Ljava/lang/Object;Ljava/lang/Object;Ljava/lang/Object;)Ljava/lang/Object;+22 java.base@21.0.12.1
j  java.lang.invoke.LambdaForm$MH+0x000002cb90118800.invoke(Ljava/lang/Object;Ljava/lang/Object;Ljava/lang/Object;Ljava/lang/Object;)Ljava/lang/Object;+73 java.base@21.0.12.1
j  java.lang.invoke.LambdaForm$MH+0x000002cb90002800.invokeExact_MT(Ljava/lang/Object;Ljava/lang/Object;Ljava/lang/Object;Ljava/lang/Object;Ljava/lang/Object;)Ljava/lang/Object;+22 java.base@21.0.12.1
J 1503 c1 jdk.internal.reflect.DirectConstructorHandleAccessor.newInstance([Ljava/lang/Object;)Ljava/lang/Object; java.base@21.0.12.1 (130 bytes) @ 0x000002cb802cbd6c [0x000002cb802cb840+0x000000000000052c]
J 1501 c1 java.lang.reflect.Constructor.newInstanceWithCaller([Ljava/lang/Object;ZLjava/lang/Class;)Ljava/lang/Object; java.base@21.0.12.1 (51 bytes) @ 0x000002cb802ca0cc [0x000002cb802c9ee0+0x00000000000001ec]
J 1502 c1 java.lang.reflect.Constructor.newInstance([Ljava/lang/Object;)Ljava/lang/Object; java.base@21.0.12.1 (34 bytes) @ 0x000002cb802ca644 [0x000002cb802ca4e0+0x0000000000000164]
j  org.gradle.internal.instantiation.generator.AsmBackedClassGenerator$InvokeConstructorStrategy.newInstance(Lorg/gradle/internal/service/ServiceLookup;Lorg/gradle/internal/instantiation/InstanceGenerator;Lorg/gradle/api/Describable;[Ljava/lang/Object;)Ljava/lang/Object;+37
j  org.gradle.internal.instantiation.generator.AbstractClassGenerator$GeneratedClassImpl$GeneratedConstructorImpl.newInstance(Lorg/gradle/internal/service/ServiceLookup;Lorg/gradle/internal/instantiation/InstanceGenerator;Lorg/gradle/api/Describable;[Ljava/lang/Object;)Ljava/lang/Object;+9
j  org.gradle.internal.instantiation.generator.DependencyInjectingInstantiator.doCreate(Ljava/lang/Class;Lorg/gradle/api/Describable;[Ljava/lang/Object;)Ljava/lang/Object;+37
j  org.gradle.internal.instantiation.generator.DependencyInjectingInstantiator.newInstance(Ljava/lang/Class;[Ljava/lang/Object;)Ljava/lang/Object;+4
j  org.gradle.api.internal.model.DefaultObjectFactory.newInstance(Ljava/lang/Class;[Ljava/lang/Object;)Ljava/lang/Object;+6
j  org.gradle.api.internal.cache.DefaultCacheConfigurations.createResourceConfiguration(Lorg/gradle/api/model/ObjectFactory;Ljava/lang/String;Lorg/gradle/internal/time/Clock;I)Lorg/gradle/api/internal/cache/CacheResourceConfigurationInternal;+15
j  org.gradle.api.internal.cache.DefaultCacheConfigurations.<init>(Lorg/gradle/api/model/ObjectFactory;Lorg/gradle/api/internal/provider/PropertyHost;Lorg/gradle/internal/time/Clock;)V+11
j  org.gradle.api.internal.cache.DefaultCacheConfigurations_Decorated.<init>(Lorg/gradle/api/model/ObjectFactory;Lorg/gradle/api/internal/provider/PropertyHost;Lorg/gradle/internal/time/Clock;)V+4
j  java.lang.invoke.DirectMethodHandle$Holder.newInvokeSpecial(Ljava/lang/Object;Ljava/lang/Object;Ljava/lang/Object;Ljava/lang/Object;)Ljava/lang/Object;+22 java.base@21.0.12.1
j  java.lang.invoke.LambdaForm$MH+0x000002cb900a5400.invoke(Ljava/lang/Object;Ljava/lang/Object;Ljava/lang/Object;Ljava/lang/Object;)Ljava/lang/Object;+73 java.base@21.0.12.1
j  java.lang.invoke.LambdaForm$MH+0x000002cb90002800.invokeExact_MT(Ljava/lang/Object;Ljava/lang/Object;Ljava/lang/Object;Ljava/lang/Object;Ljava/lang/Object;)Ljava/lang/Object;+22 java.base@21.0.12.1
J 1503 c1 jdk.internal.reflect.DirectConstructorHandleAccessor.newInstance([Ljava/lang/Object;)Ljava/lang/Object; java.base@21.0.12.1 (130 bytes) @ 0x000002cb802cbd6c [0x000002cb802cb840+0x000000000000052c]
J 1501 c1 java.lang.reflect.Constructor.newInstanceWithCaller([Ljava/lang/Object;ZLjava/lang/Class;)Ljava/lang/Object; java.base@21.0.12.1 (51 bytes) @ 0x000002cb802ca0cc [0x000002cb802c9ee0+0x00000000000001ec]
J 1502 c1 java.lang.reflect.Constructor.newInstance([Ljava/lang/Object;)Ljava/lang/Object; java.base@21.0.12.1 (34 bytes) @ 0x000002cb802ca644 [0x000002cb802ca4e0+0x0000000000000164]
j  org.gradle.internal.instantiation.generator.AsmBackedClassGenerator$InvokeConstructorStrategy.newInstance(Lorg/gradle/internal/service/ServiceLookup;Lorg/gradle/internal/instantiation/InstanceGenerator;Lorg/gradle/api/Describable;[Ljava/lang/Object;)Ljava/lang/Object;+37
j  org.gradle.internal.instantiation.generator.AbstractClassGenerator$GeneratedClassImpl$GeneratedConstructorImpl.newInstance(Lorg/gradle/internal/service/ServiceLookup;Lorg/gradle/internal/instantiation/InstanceGenerator;Lorg/gradle/api/Describable;[Ljava/lang/Object;)Ljava/lang/Object;+9
j  org.gradle.internal.instantiation.generator.DependencyInjectingInstantiator.doCreate(Ljava/lang/Class;Lorg/gradle/api/Describable;[Ljava/lang/Object;)Ljava/lang/Object;+37
j  org.gradle.internal.instantiation.generator.DependencyInjectingInstantiator.newInstance(Ljava/lang/Class;[Ljava/lang/Object;)Ljava/lang/Object;+4
j  org.gradle.api.internal.model.DefaultObjectFactory.newInstance(Ljava/lang/Class;[Ljava/lang/Object;)Ljava/lang/Object;+6
j  org.gradle.internal.service.scopes.GradleUserHomeScopeServices.createCachesConfiguration(Lorg/gradle/api/model/ObjectFactory;)Lorg/gradle/api/internal/cache/CacheConfigurationsInternal;+7
j  java.lang.invoke.LambdaForm$DMH+0x000002cb9003e400.invokeVirtual(Ljava/lang/Object;Ljava/lang/Object;Ljava/lang/Object;)Ljava/lang/Object;+11 java.base@21.0.12.1
j  java.lang.invoke.LambdaForm$MH+0x000002cb9003f000.invoke(Ljava/lang/Object;Ljava/lang/Object;Ljava/lang/Object;)Ljava/lang/Object;+52 java.base@21.0.12.1
J 2129 c1 jdk.internal.reflect.DirectMethodHandleAccessor.invoke(Ljava/lang/Object;[Ljava/lang/Object;)Ljava/lang/Object; java.base@21.0.12.1 (92 bytes) @ 0x000002cb8040b4bc [0x000002cb804098c0+0x0000000000001bfc]
J 2127 c1 java.lang.reflect.Method.invoke(Ljava/lang/Object;[Ljava/lang/Object;)Ljava/lang/Object; java.base@21.0.12.1 (108 bytes) @ 0x000002cb80408254 [0x000002cb80407d40+0x0000000000000514]
j  org.gradle.internal.reflect.JavaMethod.invoke(Ljava/lang/Object;[Ljava/lang/Object;)Ljava/lang/Object;+6
j  org.gradle.internal.service.ReflectionBasedServiceMethod.invoke(Ljava/lang/Object;[Ljava/lang/Object;)Ljava/lang/Object;+6
j  org.gradle.internal.service.DefaultServiceRegistry$FactoryMethodService.invokeMethod([Ljava/lang/Object;)Ljava/lang/Object;+28
j  org.gradle.internal.service.DefaultServiceRegistry$FactoryService.createServiceInstance()Ljava/lang/Object;+7
j  org.gradle.internal.service.DefaultServiceRegistry$FactoryMethodService.createServiceInstance()Ljava/lang/Object;+1
j  org.gradle.internal.service.DefaultServiceRegistry$ManagedObjectServiceProvider.getInstance()Ljava/lang/Object;+24
j  org.gradle.internal.service.DefaultServiceRegistry$SingletonService.get()Ljava/lang/Object;+1
j  org.gradle.internal.service.DefaultServiceRegistry.applyConfigureMethod(Lorg/gradle/internal/service/ServiceAccessToken;Lorg/gradle/internal/service/ServiceMethod;Ljava/lang/Object;)V+134
j  org.gradle.internal.service.DefaultServiceRegistry.findProviderMethods(Lorg/gradle/internal/service/ServiceRegistrationProvider;Lorg/gradle/internal/service/ServiceAccessToken;)V+217
j  org.gradle.internal.service.DefaultServiceRegistry.addProvider(Lorg/gradle/internal/service/ServiceRegistrationProvider;)Lorg/gradle/internal/service/DefaultServiceRegistry;+20
j  org.gradle.internal.service.DefaultServiceRegistry$1.addProvider(Lorg/gradle/internal/service/ServiceRegistrationProvider;)V+5
j  org.gradle.internal.service.scopes.GradleUserHomeScopeServices.configure(Lorg/gradle/internal/service/ServiceRegistration;)V+13
j  java.lang.invoke.DirectMethodHandle$Holder.invokeVirtual(Ljava/lang/Object;Ljava/lang/Object;Ljava/lang/Object;)V+11 java.base@21.0.12.1
j  java.lang.invoke.LambdaForm$MH+0x000002cb9003e000.invoke(Ljava/lang/Object;Ljava/lang/Object;)Ljava/lang/Object;+39 java.base@21.0.12.1
j  java.lang.invoke.LambdaForm$MH+0x000002cb9003d800.invoke(Ljava/lang/Object;Ljava/lang/Object;Ljava/lang/Object;)Ljava/lang/Object;+45 java.base@21.0.12.1
j  java.lang.invoke.Invokers$Holder.invokeExact_MT(Ljava/lang/Object;Ljava/lang/Object;Ljava/lang/Object;Ljava/lang/Object;)Ljava/lang/Object;+20 java.base@21.0.12.1
j  java.lang.invoke.MethodHandle.invokeWithArguments([Ljava/lang/Object;)Ljava/lang/Object;+28 java.base@21.0.12.1
j  org.gradle.internal.service.MethodHandleBasedServiceMethod.invoke(Ljava/lang/Object;[Ljava/lang/Object;)Ljava/lang/Object;+9
j  org.gradle.internal.service.DefaultServiceRegistry.applyConfigureMethod(Lorg/gradle/internal/service/ServiceAccessToken;Lorg/gradle/internal/service/ServiceMethod;Ljava/lang/Object;)V+150
j  org.gradle.internal.service.DefaultServiceRegistry.findProviderMethods(Lorg/gradle/internal/service/ServiceRegistrationProvider;Lorg/gradle/internal/service/ServiceAccessToken;)V+217
j  org.gradle.internal.service.DefaultServiceRegistry.addProvider(Lorg/gradle/internal/service/ServiceRegistrationProvider;)Lorg/gradle/internal/service/DefaultServiceRegistry;+20
j  org.gradle.internal.service.ServiceRegistryBuilder.build()Lorg/gradle/internal/service/CloseableServiceRegistry;+93
j  org.gradle.internal.service.scopes.DefaultGradleUserHomeScopeServiceRegistry.getServicesFor(Ljava/io/File;)Lorg/gradle/internal/service/ServiceRegistry;+152
j  org.gradle.internal.session.BuildSessionState.<init>(Lorg/gradle/internal/service/scopes/GradleUserHomeScopeServiceRegistry;Lorg/gradle/internal/session/CrossBuildSessionState;Lorg/gradle/api/internal/StartParameterInternal;Lorg/gradle/initialization/BuildRequestMetaData;Lorg/gradle/internal/classpath/ClassPath;Lorg/gradle/initialization/BuildCancellationToken;Lorg/gradle/initialization/BuildClientMetaData;Lorg/gradle/initialization/BuildEventConsumer;)V+15
j  org.gradle.internal.buildprocess.execution.BuildSessionLifecycleBuildActionExecutor.execute(Lorg/gradle/internal/invocation/BuildAction;Lorg/gradle/launcher/exec/BuildActionParameters;Lorg/gradle/initialization/BuildRequestContext;)Lorg/gradle/launcher/exec/BuildActionResult;+96
j  org.gradle.internal.buildprocess.execution.BuildSessionLifecycleBuildActionExecutor.execute(Lorg/gradle/internal/invocation/BuildAction;Ljava/lang/Object;Ljava/lang/Object;)Lorg/gradle/launcher/exec/BuildActionResult;+10
j  org.gradle.internal.buildprocess.execution.StartParamsValidatingActionExecutor.execute(Lorg/gradle/internal/invocation/BuildAction;Lorg/gradle/launcher/exec/BuildActionParameters;Lorg/gradle/initialization/BuildRequestContext;)Lorg/gradle/launcher/exec/BuildActionResult;+142
j  org.gradle.internal.buildprocess.execution.StartParamsValidatingActionExecutor.execute(Lorg/gradle/internal/invocation/BuildAction;Ljava/lang/Object;Ljava/lang/Object;)Lorg/gradle/launcher/exec/BuildActionResult;+10
j  org.gradle.internal.buildprocess.execution.SessionFailureReportingActionExecutor.execute(Lorg/gradle/internal/invocation/BuildAction;Lorg/gradle/launcher/exec/BuildActionParameters;Lorg/gradle/initialization/BuildRequestContext;)Lorg/gradle/launcher/exec/BuildActionResult;+7
j  org.gradle.internal.buildprocess.execution.SessionFailureReportingActionExecutor.execute(Lorg/gradle/internal/invocation/BuildAction;Ljava/lang/Object;Ljava/lang/Object;)Lorg/gradle/launcher/exec/BuildActionResult;+10
j  org.gradle.internal.buildprocess.execution.SetupLoggingActionExecutor.execute(Lorg/gradle/internal/invocation/BuildAction;Lorg/gradle/launcher/exec/BuildActionParameters;Lorg/gradle/initialization/BuildRequestContext;)Lorg/gradle/launcher/exec/BuildActionResult;+50
j  org.gradle.internal.buildprocess.execution.SetupLoggingActionExecutor.execute(Lorg/gradle/internal/invocation/BuildAction;Ljava/lang/Object;Ljava/lang/Object;)Lorg/gradle/launcher/exec/BuildActionResult;+10
j  org.gradle.launcher.daemon.server.exec.ExecuteBuild.doBuild(Lorg/gradle/launcher/daemon/server/api/DaemonCommandExecution;Lorg/gradle/launcher/daemon/protocol/Build;)V+147
j  org.gradle.launcher.daemon.server.exec.BuildCommandOnly.execute(Lorg/gradle/launcher/daemon/server/api/DaemonCommandExecution;)V+49
j  org.gradle.launcher.daemon.server.api.DaemonCommandExecution.proceed()Z+23
j  org.gradle.launcher.daemon.server.exec.WatchForDisconnection.execute(Lorg/gradle/launcher/daemon/server/api/DaemonCommandExecution;)V+19
j  org.gradle.launcher.daemon.server.api.DaemonCommandExecution.proceed()Z+23
j  org.gradle.launcher.daemon.server.exec.ResetDeprecationLogger.execute(Lorg/gradle/launcher/daemon/server/api/DaemonCommandExecution;)V+7
j  org.gradle.launcher.daemon.server.api.DaemonCommandExecution.proceed()Z+23
j  org.gradle.launcher.daemon.server.exec.RequestStopIfSingleUsedDaemon.execute(Lorg/gradle/launcher/daemon/server/api/DaemonCommandExecution;)V+33
j  org.gradle.launcher.daemon.server.api.DaemonCommandExecution.proceed()Z+23
j  org.gradle.launcher.daemon.server.exec.ForwardClientInput.lambda$execute$0(Lorg/gradle/launcher/daemon/server/api/DaemonCommandExecution;Lorg/gradle/internal/daemon/clientinput/StdinHandler;)Ljava/lang/Object;+11
j  org.gradle.launcher.daemon.server.exec.ForwardClientInput$$Lambda+0x000002cb90199678.apply(Ljava/lang/Object;)Ljava/lang/Object;+8
j  org.gradle.internal.daemon.clientinput.ClientInputForwarder.forwardInput(Ljava/util/function/Function;)Ljava/lang/Object;+46
j  org.gradle.launcher.daemon.server.exec.ForwardClientInput.execute(Lorg/gradle/launcher/daemon/server/api/DaemonCommandExecution;)V+10
j  org.gradle.launcher.daemon.server.api.DaemonCommandExecution.proceed()Z+23
j  org.gradle.launcher.daemon.server.exec.LogAndCheckHealth.execute(Lorg/gradle/launcher/daemon/server/api/DaemonCommandExecution;)V+51
j  org.gradle.launcher.daemon.server.api.DaemonCommandExecution.proceed()Z+23
j  org.gradle.launcher.daemon.server.exec.ApplyClientEnvironmentVariables.doBuild(Lorg/gradle/launcher/daemon/server/api/DaemonCommandExecution;Lorg/gradle/launcher/daemon/protocol/Build;)V+133
j  org.gradle.launcher.daemon.server.exec.BuildCommandOnly.execute(Lorg/gradle/launcher/daemon/server/api/DaemonCommandExecution;)V+49
j  org.gradle.launcher.daemon.server.api.DaemonCommandExecution.proceed()Z+23
j  org.gradle.launcher.daemon.server.exec.LogToClient.doBuild(Lorg/gradle/launcher/daemon/server/api/DaemonCommandExecution;Lorg/gradle/launcher/daemon/protocol/Build;)V+87
j  org.gradle.launcher.daemon.server.exec.BuildCommandOnly.execute(Lorg/gradle/launcher/daemon/server/api/DaemonCommandExecution;)V+49
j  org.gradle.launcher.daemon.server.api.DaemonCommandExecution.proceed()Z+23
j  org.gradle.launcher.daemon.server.exec.EstablishBuildEnvironment.doBuild(Lorg/gradle/launcher/daemon/server/api/DaemonCommandExecution;Lorg/gradle/launcher/daemon/protocol/Build;)V+225
j  org.gradle.launcher.daemon.server.exec.BuildCommandOnly.execute(Lorg/gradle/launcher/daemon/server/api/DaemonCommandExecution;)V+49
j  org.gradle.launcher.daemon.server.api.DaemonCommandExecution.proceed()Z+23
j  org.gradle.launcher.daemon.server.exec.StartBuildOrRespondWithBusy$1.run()V+44
j  org.gradle.launcher.daemon.server.DaemonStateCoordinator.lambda$runCommand$0(Ljava/lang/Runnable;)V+1
j  org.gradle.launcher.daemon.server.DaemonStateCoordinator$$Lambda+0x000002cb901975c0.run()V+8
j  org.gradle.internal.concurrent.ExecutorPolicy$CatchAndRecordFailures.onExecute(Ljava/lang/Runnable;)V+1
j  org.gradle.internal.concurrent.AbstractManagedExecutor$1.run()V+25
j  java.util.concurrent.ThreadPoolExecutor.runWorker(Ljava/util/concurrent/ThreadPoolExecutor$Worker;)V+92 java.base@21.0.12.1
j  java.util.concurrent.ThreadPoolExecutor$Worker.run()V+5 java.base@21.0.12.1
j  java.lang.Thread.runWith(Ljava/lang/Object;Ljava/lang/Runnable;)V+5 java.base@21.0.12.1
j  java.lang.Thread.run()V+19 java.base@21.0.12.1
v  ~StubRoutines::call_stub 0x000002cb8753100d

Compiled method (n/a) 93374  753     n 0       java.lang.ClassLoader::defineClass1 (native)
 total in heap  [0x000002cb87b20290,0x000002cb87b20828] = 1432
 relocation     [0x000002cb87b203f0,0x000002cb87b20428] = 56
 main code      [0x000002cb87b20440,0x000002cb87b20821] = 993
 stub code      [0x000002cb87b20821,0x000002cb87b20828] = 7

[Constant Pool (empty)]

[MachCode]
[Entry Point]
  # {method} {0x000002cb8f434c38} 'defineClass1' '(Ljava/lang/ClassLoader;Ljava/lang/String;[BIILjava/security/ProtectionDomain;Ljava/lang/String;)Ljava/lang/Class;' in 'java/lang/ClassLoader'
  # parm0:    rdx:rdx   = 'java/lang/ClassLoader'
  # parm1:    r8:r8     = 'java/lang/String'
  # parm2:    r9:r9     = '[B'
  # parm3:    rdi       = int
  # parm4:    rsi       = int
  # parm5:    rcx:rcx   = 'java/security/ProtectionDomain'
  # parm6:    [sp+0xa0]   = 'java/lang/String'  (sp of caller)
  0x000002cb87b20440: 448b 5208 | 49bb 0000 | 008f cb02 | 0000 4d03 | d349 3bc2 | 0f84 0600 

  0x000002cb87b20458: ;   {runtime_call ic_miss_stub}
  0x000002cb87b20458: 0000 e921 | e3a5 ff90 
[Verified Entry Point]
  0x000002cb87b20460: 8984 2400 | 80ff ff55 | 488b ec48 | 81ec 9000 | 0000 6690 | 4181 7f20 | 0100 0000 

  0x000002cb87b2047c: ;   {runtime_call StubRoutines (final stubs)}
  0x000002cb87b2047c: 7405 e81d | 60a4 ff48 | 837d 1000 | 488d 4510 | 480f 4445 | 1048 8944 | 2440 4889 | 4c24 7048 
  0x000002cb87b2049c: 83f9 0048 | 8d44 2470 | 480f 4444 | 2470 4889 | 4424 3848 | 8974 2430 | 4889 7c24 | 284c 894c 
  0x000002cb87b204bc: 2458 4983 | f900 488d | 4424 5848 | 0f44 4424 | 5848 8944 | 2420 4c89 | 4424 5049 | 83f8 004c 
  0x000002cb87b204dc: 8d4c 2450 | 4c0f 444c | 2450 4889 | 5424 4848 | 83fa 004c | 8d44 2448 | 4c0f 4444 

  0x000002cb87b204f8: ;   {oop(a 'java/lang/Class'{0x00000000e05058a8} = 'java/lang/ClassLoader')}
  0x000002cb87b204f8: 2448 49be | a858 50e0 | 0000 0000 | 4c89 7424 | 784c 8d74 | 2478 498b | d6c5 f877 

  0x000002cb87b20514: ;   {internal_word}
  0x000002cb87b20514: 49ba 1105 | b287 cb02 | 0000 4d89 | 97a8 0300 | 0049 89a7 | a003 0000 

  0x000002cb87b2052c: ;   {external_word}
  0x000002cb87b2052c: 49ba 066d | 1c56 ff7f | 0000 4180 | 3a00 0f84 | 4e00 0000 | 5241 5041 

  0x000002cb87b20544: ;   {metadata({method} {0x000002cb8f434c38} 'defineClass1' '(Ljava/lang/ClassLoader;Ljava/lang/String;[BIILjava/security/ProtectionDomain;Ljava/lang/String;)Ljava/lang/Class;' in 'java/lang/ClassLoader')}
  0x000002cb87b20544: 5148 ba30 | 4c43 8fcb | 0200 0049 | 8bcf 4883 | ec20 40f6 | c40f 0f84 | 1900 0000 | 4883 ec08 
  0x000002cb87b20564: ;   {runtime_call}
  0x000002cb87b20564: 48b8 e0ea | c555 ff7f | 0000 ffd0 | 4883 c408 | e90c 0000 

  0x000002cb87b20578: ;   {runtime_call}
  0x000002cb87b20578: 0048 b8e0 | eac5 55ff | 7f00 00ff | d048 83c4 | 2041 5941 | 585a 498d | 8fc0 0300 | 0041 c787 
  0x000002cb87b20598: 4c04 0000 | 0400 0000 

  0x000002cb87b205a0: ;   {runtime_call}
  0x000002cb87b205a0: 48b8 ac16 | 72cd ff7f | 0000 ffd0 | c5f8 7741 | c787 4c04 | 0000 0500 | 0000 f083 | 4424 c000 
  0x000002cb87b205c0: 493b af50 | 0400 000f | 870e 0000 | 0041 83bf | 4804 0000 | 000f 842b | 0000 00c5 | f877 4889 
  0x000002cb87b205e0: 45f8 498b | cf4c 8be4 | 4883 ec20 | 4883 e4f0 

  0x000002cb87b205f0: ;   {runtime_call}
  0x000002cb87b205f0: 48b8 0058 | 9155 ff7f | 0000 ffd0 | 498b e44d | 33e4 488b | 45f8 41c7 | 874c 0400 | 0008 0000 
  0x000002cb87b20610: 0041 83bf | c804 0000 | 020f 84d5 

  0x000002cb87b2061c: ;   {external_word}
  0x000002cb87b2061c: 0100 0049 | ba06 6d1c | 56ff 7f00 | 0041 803a | 000f 844c | 0000 0048 

  0x000002cb87b20634: ;   {metadata({method} {0x000002cb8f434c38} 'defineClass1' '(Ljava/lang/ClassLoader;Ljava/lang/String;[BIILjava/security/ProtectionDomain;Ljava/lang/String;)Ljava/lang/Class;' in 'java/lang/ClassLoader')}
  0x000002cb87b20634: 8945 f848 | ba30 4c43 | 8fcb 0200 | 0049 8bcf | 4883 ec20 | 40f6 c40f | 0f84 1900 | 0000 4883 
  0x000002cb87b20654: ;   {runtime_call}
  0x000002cb87b20654: ec08 48b8 | e0ea c555 | ff7f 0000 | ffd0 4883 | c408 e90c 

  0x000002cb87b20668: ;   {runtime_call}
  0x000002cb87b20668: 0000 0048 | b8e0 eac5 | 55ff 7f00 | 00ff d048 | 83c4 2048 | 8b45 f849 | c787 a003 | 0000 0000 
  0x000002cb87b20688: 0000 49c7 | 87a8 0300 | 0000 0000 | 00c5 f877 | 4885 c00f | 8430 0100 | 00a8 030f | 8508 0000 
  0x000002cb87b206a8: 0048 8b00 | e920 0100 | 00a8 010f | 8509 0000 | 0048 8b40 | fee9 0f01 | 0000 488b | 40ff 4180 
  0x000002cb87b206c8: 7f40 000f | 8400 0100 | 0048 83f8 | 000f 84f6 | 0000 0049 | 8b4f 2848 | 83f9 000f | 8414 0000 
  0x000002cb87b206e8: 0048 83e9 | 0849 894f | 2849 034f | 3848 8901 | e9d4 0000 | 0048 83ec | 7048 8904 | 2448 894c 
  0x000002cb87b20708: 2408 4889 | 5424 104c | 8944 2418 | 4c89 4c24 | 204c 8954 | 2428 4c89 | 5c24 30c5 | fb11 4424 
  0x000002cb87b20728: 40c5 fb11 | 4c24 48c5 | fb11 5424 | 50c5 fb11 | 5c24 58c5 | fb11 6424 | 60c5 fb11 | 6c24 6849 
  0x000002cb87b20748: 8bd7 488b | c848 83ec | 2040 f6c4 | 0f0f 8419 | 0000 0048 

  0x000002cb87b2075c: ;   {runtime_call}
  0x000002cb87b2075c: 83ec 0848 | b820 a484 | 55ff 7f00 | 00ff d048 | 83c4 08e9 | 0c00 0000 

  0x000002cb87b20774: ;   {runtime_call}
  0x000002cb87b20774: 48b8 20a4 | 8455 ff7f | 0000 ffd0 | 4883 c420 | c5fb 106c | 2468 c5fb | 1064 2460 | c5fb 105c 
  0x000002cb87b20794: 2458 c5fb | 1054 2450 | c5fb 104c | 2448 c5fb | 1044 2440 | 4c8b 5c24 | 304c 8b54 | 2428 4c8b 
  0x000002cb87b207b4: 4c24 204c | 8b44 2418 | 488b 5424 | 1048 8b4c | 2408 488b | 0424 4883 | c470 c5f8 | 7749 8b8f 
  0x000002cb87b207d4: 3004 0000 | c781 0001 | 0000 0000 | 0000 c949 | 837f 0800 | 0f85 0100 

  0x000002cb87b207ec: ;   {runtime_call StubRoutines (initial stubs)}
  0x000002cb87b207ec: 0000 c3e9 | 0c07 a1ff | c5f8 7748 | 8945 f84c | 8be4 4883 | ec20 4883 

  0x000002cb87b20804: ;   {runtime_call}
  0x000002cb87b20804: e4f0 48b8 | 3022 c655 | ff7f 0000 | ffd0 498b | e44d 33e4 | 488b 45f8 | e9fe fdff | fff4 f4f4 
  0x000002cb87b20824: f4f4 f4f4 
[/MachCode]


Compiled method (c1) 93945 1007       3       java.lang.ClassLoader::defineClass (43 bytes)
 total in heap  [0x000002cb801b4b10,0x000002cb801b5460] = 2384
 relocation     [0x000002cb801b4c70,0x000002cb801b4d10] = 160
 main code      [0x000002cb801b4d20,0x000002cb801b51b8] = 1176
 stub code      [0x000002cb801b51b8,0x000002cb801b5230] = 120
 metadata       [0x000002cb801b5230,0x000002cb801b5260] = 48
 scopes data    [0x000002cb801b5260,0x000002cb801b5350] = 240
 scopes pcs     [0x000002cb801b5350,0x000002cb801b5430] = 224
 dependencies   [0x000002cb801b5430,0x000002cb801b5438] = 8
 nul chk table  [0x000002cb801b5438,0x000002cb801b5460] = 40

[Constant Pool (empty)]

[MachCode]
[Entry Point]
  # {method} {0x000002cb8f434fb8} 'defineClass' '(Ljava/lang/String;[BIILjava/security/ProtectionDomain;)Ljava/lang/Class;' in 'java/lang/ClassLoader'
  # this:     rdx:rdx   = 'java/lang/ClassLoader'
  # parm0:    r8:r8     = 'java/lang/String'
  # parm1:    r9:r9     = '[B'
  # parm2:    rdi       = int
  # parm3:    rsi       = int
  # parm4:    rcx:rcx   = 'java/security/ProtectionDomain'
  #           [sp+0xc0]  (sp of caller)
  0x000002cb801b4d20: 448b 5208 | 49bb 0000 | 008f cb02 | 0000 4d03 | d34c 3bd0 

  0x000002cb801b4d34: ;   {runtime_call ic_miss_stub}
  0x000002cb801b4d34: 0f85 469a | 3c07 660f | 1f44 0000 
[Verified Entry Point]
  0x000002cb801b4d40: 8984 2400 | 80ff ff55 | 4881 ecb0 | 0000 0090 | 4181 7f20 | 0100 0000 

  0x000002cb801b4d58: ;   {runtime_call StubRoutines (final stubs)}
  0x000002cb801b4d58: 7405 e841 | 173b 0748 | 8954 2478 

  0x000002cb801b4d64: ;   {metadata(method data for {method} {0x000002cb8f434fb8} 'defineClass' '(Ljava/lang/String;[BIILjava/security/ProtectionDomain;)Ljava/lang/Class;' in 'java/lang/ClassLoader')}
  0x000002cb801b4d64: 48bb e8eb | 17fa cb02 | 0000 8b83 | cc00 0000 | 83c0 0289 | 83cc 0000 | 0025 fe07 | 0000 85c0 
  0x000002cb801b4d84: 0f84 5003 | 0000 89b4 | 2494 0000 | 0089 bc24 | 9000 0000 | 4c89 8c24 | 8800 0000 

  0x000002cb801b4da0: ;   {metadata(method data for {method} {0x000002cb8f434fb8} 'defineClass' '(Ljava/lang/String;[BIILjava/security/ProtectionDomain;)Ljava/lang/Class;' in 'java/lang/ClassLoader')}
  0x000002cb801b4da0: 488b da48 | b8e8 eb17 | facb 0200 | 0048 8380 | 1001 0000 | 0149 8bd8 | 4c8b c34c | 8bc9 488b 
  0x000002cb801b4dc0: ca48 8bd1 | 4889 9c24 | 8000 0000 

  0x000002cb801b4dcc: ;   {optimized virtual_call}
  0x000002cb801b4dcc: 6666 90e8 

  0x000002cb801b4dd0: ; ImmutableOopMap {[120]=Oop [128]=Oop [136]=Oop }
                      ;*invokevirtual preDefineClass {reexecute=0 rethrow=0 return_oop=0}
                      ; - java.lang.ClassLoader::defineClass@4
  0x000002cb801b4dd0: 4c0a 0000 

  0x000002cb801b4dd4: ;   {other}
  0x000002cb801b4dd4: 0f1f 8400 | c402 0000 | 4889 8424 | 9800 0000 | 488b 5424 

  0x000002cb801b4de8: ;   {metadata(method data for {method} {0x000002cb8f434fb8} 'defineClass' '(Ljava/lang/String;[BIILjava/security/ProtectionDomain;)Ljava/lang/Class;' in 'java/lang/ClassLoader')}
  0x000002cb801b4de8: 7849 b8e8 | eb17 facb | 0200 0049 | 8380 4801 

  0x000002cb801b4df8: ;   {metadata(method data for {method} {0x000002cb8f434ca0} 'defineClassSourceLocation' '(Ljava/security/ProtectionDomain;)Ljava/lang/String;' in 'java/lang/ClassLoader')}
  0x000002cb801b4df8: 0000 0149 | b800 f317 | facb 0200 | 0041 8b90 | cc00 0000 | 83c2 0241 | 8990 cc00 | 0000 81e2 
  0x000002cb801b4e18: feff 1f00 | 85d2 0f84 | d702 0000 

  0x000002cb801b4e24: ; implicit exception: dispatches to 0x000002cb801b511c
  0x000002cb801b4e24: 483b 004c 

  0x000002cb801b4e28: ;   {metadata(method data for {method} {0x000002cb8f434ca0} 'defineClassSourceLocation' '(Ljava/security/ProtectionDomain;)Ljava/lang/String;' in 'java/lang/ClassLoader')}
  0x000002cb801b4e28: 8bc0 48ba | 00f3 17fa | cb02 0000 | 4883 8210 | 0100 0001 | 448b 4010 

  0x000002cb801b4e40: ;   {metadata(method data for {method} {0x000002cb8f434ca0} 'defineClassSourceLocation' '(Ljava/security/ProtectionDomain;)Ljava/lang/String;' in 'java/lang/ClassLoader')}
  0x000002cb801b4e40: 4d85 c048 | ba00 f317 | facb 0200 | 0048 c7c6 | 5801 0000 | 7507 48c7 | c648 0100 | 0048 8b3c 
  0x000002cb801b4e60: 3248 8d7f | 0148 893c | 320f 850f 

  0x000002cb801b4e6c: ;   {oop(nullptr)}
  0x000002cb801b4e6c: 0000 0048 | bb00 0000 | 0000 0000 | 00e9 a101 | 0000 493b | 0049 8bd0 

  0x000002cb801b4e84: ;   {metadata(method data for {method} {0x000002cb8f434ca0} 'defineClassSourceLocation' '(Ljava/security/ProtectionDomain;)Ljava/lang/String;' in 'java/lang/ClassLoader')}
  0x000002cb801b4e84: 48be 00f3 | 17fa cb02 | 0000 4883 | 8668 0100 | 0001 418b | 500c 4885 

  0x000002cb801b4e9c: ;   {metadata(method data for {method} {0x000002cb8f434ca0} 'defineClassSourceLocation' '(Ljava/security/ProtectionDomain;)Ljava/lang/String;' in 'java/lang/ClassLoader')}
  0x000002cb801b4e9c: d248 be00 | f317 facb | 0200 0048 | c7c7 b001 | 0000 7507 | 48c7 c7a0 | 0100 0048 | 8b1c 3e48 
  0x000002cb801b4ebc: 8d5b 0148 | 891c 3e0f | 850f 0000 

  0x000002cb801b4ec8: ;   {oop(nullptr)}
  0x000002cb801b4ec8: 0048 bb00 | 0000 0000 | 0000 00e9 | 4701 0000 

  0x000002cb801b4ed8: ;   {metadata(method data for {method} {0x000002cb8f434ca0} 'defineClassSourceLocation' '(Ljava/security/ProtectionDomain;)Ljava/lang/String;' in 'java/lang/ClassLoader')}
  0x000002cb801b4ed8: 48be 00f3 | 17fa cb02 | 0000 4883 | 86c0 0100 | 0001 483b | 024c 8bc2 

  0x000002cb801b4ef0: ;   {metadata(method data for {method} {0x000002cb8f434ca0} 'defineClassSourceLocation' '(Ljava/security/ProtectionDomain;)Ljava/lang/String;' in 'java/lang/ClassLoader')}
  0x000002cb801b4ef0: 48be 00f3 | 17fa cb02 | 0000 4883 | 86f8 0100 

  0x000002cb801b4f00: ;   {metadata(method data for {method} {0x000002cb8f01abf0} 'toString' '()Ljava/lang/String;' in 'java/net/URL')}
  0x000002cb801b4f00: 0001 49b8 | 703b 0efa | cb02 0000 | 418b b0cc | 0000 0083 | c602 4189 | b0cc 0000 | 0081 e6fe 
  0x000002cb801b4f20: ff1f 0085 | f60f 8400 | 0200 004c 

  0x000002cb801b4f2c: ;   {metadata(method data for {method} {0x000002cb8f01abf0} 'toString' '()Ljava/lang/String;' in 'java/net/URL')}
  0x000002cb801b4f2c: 8bc2 48be | 703b 0efa | cb02 0000 | 4883 8610 | 0100 0001 

  0x000002cb801b4f40: ;   {metadata(method data for {method} {0x000002cb8f428840} 'toExternalForm' '()Ljava/lang/String;' in 'java/net/URL')}
  0x000002cb801b4f40: 49b8 f83c | 0efa cb02 | 0000 418b | b0cc 0000 | 0083 c602 | 4189 b0cc | 0000 0081 | e6fe ff1f 
  0x000002cb801b4f60: 0085 f60f | 84e3 0100 | 008b 7238 

  0x000002cb801b4f6c: ; implicit exception: dispatches to 0x000002cb801b516d
  0x000002cb801b4f6c: 483b 064c 

  0x000002cb801b4f70: ;   {metadata(method data for {method} {0x000002cb8f428840} 'toExternalForm' '()Ljava/lang/String;' in 'java/net/URL')}
  0x000002cb801b4f70: 8bc6 48bf | f83c 0efa | cb02 0000 | 458b 4008 | 49ba 0000 | 008f cb02 | 0000 4d03 | c24c 3b87 
  0x000002cb801b4f90: 2001 0000 | 750d 4883 | 8728 0100 | 0001 e960 | 0000 004c | 3b87 3001 | 0000 750d | 4883 8738 
  0x000002cb801b4fb0: 0100 0001 | e94a 0000 | 0048 83bf | 2001 0000 | 0075 174c | 8987 2001 | 0000 48c7 | 8728 0100 
  0x000002cb801b4fd0: 0001 0000 | 00e9 2900 | 0000 4883 | bf30 0100 | 0000 7517 | 4c89 8730 | 0100 0048 | c787 3801 
  0x000002cb801b4ff0: 0000 0100 | 0000 e908 | 0000 0048 | 8387 1001 | 0000 014c | 8bc2 488b | d666 0f1f 

  0x000002cb801b500c: ;   {optimized virtual_call}
  0x000002cb801b500c: 4400 00e8 

  0x000002cb801b5010: ; ImmutableOopMap {[120]=Oop [128]=Oop [136]=Oop [152]=Oop }
                      ;*invokevirtual toExternalForm {reexecute=0 rethrow=0 return_oop=0}
                      ; - java.net.URL::toExternalForm@5
                      ; - java.net.URL::toString@1
                      ; - java.lang.ClassLoader::defineClassSourceLocation@22
                      ; - java.lang.ClassLoader::defineClass@12
  0x000002cb801b5010: 0c5f faff 

  0x000002cb801b5014: ;   {other}
  0x000002cb801b5014: 0f1f 8400 | 0405 0001 | 488b d848 | 8b84 2498 | 0000 008b | b424 9400 | 0000 8bbc | 2490 0000 
  0x000002cb801b5034: 004c 8b8c | 2488 0000 | 004c 8b84 | 2480 0000 | 0048 8b54 

  0x000002cb801b5048: ;   {metadata(method data for {method} {0x000002cb8f434fb8} 'defineClass' '(Ljava/lang/String;[BIILjava/security/ProtectionDomain;)Ljava/lang/Class;' in 'java/lang/ClassLoader')}
  0x000002cb801b5048: 2478 48b9 | e8eb 17fa | cb02 0000 | 4883 8180 | 0100 0001 | 4c8b da49 | 8bd3 488b | c848 891c 
  0x000002cb801b5068: 2466 0f1f 

  0x000002cb801b506c: ;   {static_call}
  0x000002cb801b506c: 4400 00e8 

  0x000002cb801b5070: ; ImmutableOopMap {[120]=Oop [152]=Oop }
                      ;*invokestatic defineClass1 {reexecute=0 rethrow=0 return_oop=0}
                      ; - java.lang.ClassLoader::defineClass@27
  0x000002cb801b5070: ecb3 9607 

  0x000002cb801b5074: ;   {other}
  0x000002cb801b5074: 0f1f 8400 | 6405 0002 | 488b 5424 

  0x000002cb801b5080: ;   {metadata(method data for {method} {0x000002cb8f434fb8} 'defineClass' '(Ljava/lang/String;[BIILjava/security/ProtectionDomain;)Ljava/lang/Class;' in 'java/lang/ClassLoader')}
  0x000002cb801b5080: 7849 b8e8 | eb17 facb | 0200 0049 | 8380 9001 | 0000 014c | 8bc0 4c8b | 8c24 9800 | 0000 488b 
  0x000002cb801b50a0: 5424 7848 | 8984 24a0 | 0000 000f 

  0x000002cb801b50ac: ;   {optimized virtual_call}
  0x000002cb801b50ac: 1f40 00e8 

  0x000002cb801b50b0: ; ImmutableOopMap {[160]=Oop }
                      ;*invokevirtual postDefineClass {reexecute=0 rethrow=0 return_oop=0}
                      ; - java.lang.ClassLoader::defineClass@37
  0x000002cb801b50b0: ec2d 0100 

  0x000002cb801b50b4: ;   {other}
  0x000002cb801b50b4: 0f1f 8400 | a405 0003 | 488b 8424 | a000 0000 | 4881 c4b0 | 0000 005d 

  0x000002cb801b50cc: ;   {poll_return}
  0x000002cb801b50cc: 493b a750 | 0400 000f | 8799 0000 

  0x000002cb801b50d8: ;   {metadata({method} {0x000002cb8f434fb8} 'defineClass' '(Ljava/lang/String;[BIILjava/security/ProtectionDomain;)Ljava/lang/Class;' in 'java/lang/ClassLoader')}
  0x000002cb801b50d8: 00c3 49ba | b04f 438f | cb02 0000 | 4c89 5424 | 0848 c704 | 24ff ffff 

  0x000002cb801b50f0: ;   {runtime_call counter_overflow Runtime1 stub}
  0x000002cb801b50f0: ffe8 8ace 

  0x000002cb801b50f4: ; ImmutableOopMap {rdx=Oop r8=Oop r9=Oop rcx=Oop [120]=Oop }
                      ;*synchronization entry
                      ; - java.lang.ClassLoader::defineClass@-1
  0x000002cb801b50f4: 4807 e98f 

  0x000002cb801b50f8: ;   {metadata({method} {0x000002cb8f434ca0} 'defineClassSourceLocation' '(Ljava/security/ProtectionDomain;)Ljava/lang/String;' in 'java/lang/ClassLoader')}
  0x000002cb801b50f8: fcff ff49 | ba98 4c43 | 8fcb 0200 | 004c 8954 | 2408 48c7 | 0424 ffff 

  0x000002cb801b5110: ;   {runtime_call counter_overflow Runtime1 stub}
  0x000002cb801b5110: ffff e869 

  0x000002cb801b5114: ; ImmutableOopMap {rax=Oop [120]=Oop [128]=Oop [136]=Oop [152]=Oop }
                      ;*synchronization entry
                      ; - java.lang.ClassLoader::defineClassSourceLocation@-1
                      ; - java.lang.ClassLoader::defineClass@12
  0x000002cb801b5114: ce48 07e9 | 08fd ffff 

  0x000002cb801b511c: ;   {runtime_call throw_null_pointer_exception Runtime1 stub}
  0x000002cb801b511c: e8df 913f 

  0x000002cb801b5120: ; ImmutableOopMap {rax=Oop [120]=Oop [128]=Oop [136]=Oop [152]=Oop }
                      ;*invokevirtual getCodeSource {reexecute=0 rethrow=0 return_oop=0}
                      ; - java.lang.ClassLoader::defineClassSourceLocation@1
                      ; - java.lang.ClassLoader::defineClass@12
                      ;   {runtime_call throw_null_pointer_exception Runtime1 stub}
  0x000002cb801b5120: 07e8 da91 

  0x000002cb801b5124: ; ImmutableOopMap {rax=Oop r8=Oop [120]=Oop [128]=Oop [136]=Oop [152]=Oop }
                      ;*invokevirtual getLocation {reexecute=0 rethrow=0 return_oop=0}
                      ; - java.lang.ClassLoader::defineClassSourceLocation@12
                      ; - java.lang.ClassLoader::defineClass@12
                      ;   {runtime_call throw_null_pointer_exception Runtime1 stub}
  0x000002cb801b5124: 3f07 e8d5 

  0x000002cb801b5128: ; ImmutableOopMap {rdx=Oop [120]=Oop [128]=Oop [136]=Oop [152]=Oop }
                      ;*invokevirtual toString {reexecute=0 rethrow=0 return_oop=0}
                      ; - java.lang.ClassLoader::defineClassSourceLocation@22
                      ; - java.lang.ClassLoader::defineClass@12
                      ;   {metadata({method} {0x000002cb8f01abf0} 'toString' '()Ljava/lang/String;' in 'java/net/URL')}
  0x000002cb801b5128: 913f 0749 | bae8 ab01 | 8fcb 0200 | 004c 8954 | 2408 48c7 | 0424 ffff 

  0x000002cb801b5140: ;   {runtime_call counter_overflow Runtime1 stub}
  0x000002cb801b5140: ffff e839 

  0x000002cb801b5144: ; ImmutableOopMap {rdx=Oop [120]=Oop [128]=Oop [136]=Oop [152]=Oop }
                      ;*synchronization entry
                      ; - java.net.URL::toString@-1
                      ; - java.lang.ClassLoader::defineClassSourceLocation@22
                      ; - java.lang.ClassLoader::defineClass@12
  0x000002cb801b5144: ce48 07e9 | dffd ffff 

  0x000002cb801b514c: ;   {metadata({method} {0x000002cb8f428840} 'toExternalForm' '()Ljava/lang/String;' in 'java/net/URL')}
  0x000002cb801b514c: 49ba 3888 | 428f cb02 | 0000 4c89 | 5424 0848 | c704 24ff 

  0x000002cb801b5160: ;   {runtime_call counter_overflow Runtime1 stub}
  0x000002cb801b5160: ffff ffe8 

  0x000002cb801b5164: ; ImmutableOopMap {rdx=Oop [120]=Oop [128]=Oop [136]=Oop [152]=Oop }
                      ;*synchronization entry
                      ; - java.net.URL::toExternalForm@-1
                      ; - java.net.URL::toString@1
                      ; - java.lang.ClassLoader::defineClassSourceLocation@22
                      ; - java.lang.ClassLoader::defineClass@12
  0x000002cb801b5164: 18ce 4807 | e9fc fdff 

  0x000002cb801b516c: ;   {runtime_call throw_null_pointer_exception Runtime1 stub}
  0x000002cb801b516c: ffe8 8e91 

  0x000002cb801b5170: ; ImmutableOopMap {rdx=Oop rsi=Oop [120]=Oop [128]=Oop [136]=Oop [152]=Oop }
                      ;*invokevirtual toExternalForm {reexecute=0 rethrow=0 return_oop=0}
                      ; - java.net.URL::toExternalForm@5
                      ; - java.net.URL::toString@1
                      ; - java.lang.ClassLoader::defineClassSourceLocation@22
                      ; - java.lang.ClassLoader::defineClass@12
                      ;   {internal_word}
  0x000002cb801b5170: 3f07 49ba | cc50 1b80 | cb02 0000 | 4d89 9768 

  0x000002cb801b5180: ;   {runtime_call SafepointBlob}
  0x000002cb801b5180: 0400 00e9 | f802 3d07 | 498b 8700 | 0500 0049 | c787 0005 | 0000 0000 | 0000 49c7 | 8708 0500 
  0x000002cb801b51a0: 0000 0000 | 0048 81c4 | b000 0000 

  0x000002cb801b51ac: ;   {runtime_call unwind_exception Runtime1 stub}
  0x000002cb801b51ac: 5de9 4ea0 | 3f07 f4f4 | f4f4 f4f4 
[Stub Code]
  0x000002cb801b51b8: ;   {no_reloc}
  0x000002cb801b51b8: 0f1f 4400 

  0x000002cb801b51bc: ;   {static_stub}
  0x000002cb801b51bc: 0048 bb00 | 0000 0000 

  0x000002cb801b51c4: ;   {runtime_call nmethod}
  0x000002cb801b51c4: 0000 00e9 | fbff ffff 

  0x000002cb801b51cc: ;   {static_stub}
  0x000002cb801b51cc: 48bb 0000 | 0000 0000 

  0x000002cb801b51d4: ;   {runtime_call nmethod}
  0x000002cb801b51d4: 0000 e9fb 

  0x000002cb801b51d8: ;   {static_stub}
  0x000002cb801b51d8: ffff ff48 | bb00 0000 | 0000 0000 

  0x000002cb801b51e4: ;   {runtime_call nmethod}
  0x000002cb801b51e4: 00e9 fbff 

  0x000002cb801b51e8: ;   {static_stub}
  0x000002cb801b51e8: ffff 48bb | d84b 438f | cb02 0000 

  0x000002cb801b51f4: ;   {runtime_call I2C/C2I adapters}
  0x000002cb801b51f4: e972 5c3c 

  0x000002cb801b51f8: ;   {runtime_call handle_exception_from_callee Runtime1 stub}
  0x000002cb801b51f8: 07e8 0273 

  0x000002cb801b51fc: ;   {external_word}
  0x000002cb801b51fc: 3f07 48b9 | 5063 f255 | ff7f 0000 | 4883 e4f0 

  0x000002cb801b520c: ;   {runtime_call}
  0x000002cb801b520c: 48b8 c0c9 | b455 ff7f | 0000 ffd0 

  0x000002cb801b5218: ;   {section_word}
  0x000002cb801b5218: f449 ba19 | 521b 80cb | 0200 0041 

  0x000002cb801b5224: ;   {runtime_call DeoptimizationBlob}
  0x000002cb801b5224: 52e9 f6f4 | 3c07 f4f4 | f4f4 f4f4 
[/MachCode]


Compiled method (c1) 93969 1032       3       java.security.SecureClassLoader::defineClass (16 bytes)
 total in heap  [0x000002cb801c5590,0x000002cb801c5990] = 1024
 relocation     [0x000002cb801c56f0,0x000002cb801c5740] = 80
 main code      [0x000002cb801c5740,0x000002cb801c5898] = 344
 stub code      [0x000002cb801c5898,0x000002cb801c58e8] = 80
 metadata       [0x000002cb801c58e8,0x000002cb801c58f0] = 8
 scopes data    [0x000002cb801c58f0,0x000002cb801c5938] = 72
 scopes pcs     [0x000002cb801c5938,0x000002cb801c5988] = 80
 dependencies   [0x000002cb801c5988,0x000002cb801c5990] = 8

[Constant Pool (empty)]

[MachCode]
[Entry Point]
  # {method} {0x000002cb8f04e0e8} 'defineClass' '(Ljava/lang/String;[BIILjava/security/CodeSource;)Ljava/lang/Class;' in 'java/security/SecureClassLoader'
  # this:     rdx:rdx   = 'java/security/SecureClassLoader'
  # parm0:    r8:r8     = 'java/lang/String'
  # parm1:    r9:r9     = '[B'
  # parm2:    rdi       = int
  # parm3:    rsi       = int
  # parm4:    rcx:rcx   = 'java/security/CodeSource'
  #           [sp+0x80]  (sp of caller)
  0x000002cb801c5740: 448b 5208 | 49bb 0000 | 008f cb02 | 0000 4d03 | d34c 3bd0 

  0x000002cb801c5754: ;   {runtime_call ic_miss_stub}
  0x000002cb801c5754: 0f85 2690 | 3b07 660f | 1f44 0000 
[Verified Entry Point]
  0x000002cb801c5760: 8984 2400 | 80ff ff55 | 4883 ec70 | 4181 7f20 | 0100 0000 

  0x000002cb801c5774: ;   {runtime_call StubRoutines (final stubs)}
  0x000002cb801c5774: 7405 e825 

  0x000002cb801c5778: ;   {metadata(method data for {method} {0x000002cb8f04e0e8} 'defineClass' '(Ljava/lang/String;[BIILjava/security/CodeSource;)Ljava/lang/Class;' in 'java/security/SecureClassLoader')}
  0x000002cb801c5778: 0d3a 0748 | bbc8 ae17 | facb 0200 | 008b 83cc | 0000 0083 | c002 8983 | cc00 0000 | 25fe 0700 
  0x000002cb801c5798: 0085 c00f | 8496 0000 | 0089 7424 | 5c89 7c24 | 584c 894c | 2450 4c89 | 4424 4848 

  0x000002cb801c57b4: ;   {metadata(method data for {method} {0x000002cb8f04e0e8} 'defineClass' '(Ljava/lang/String;[BIILjava/security/CodeSource;)Ljava/lang/Class;' in 'java/security/SecureClassLoader')}
  0x000002cb801c57b4: 8bda 48b8 | c8ae 17fa | cb02 0000 | 4883 8010 | 0100 0001 | 4c8b c148 | 8bc2 488b | d048 8944 
  0x000002cb801c57d4: ;   {optimized virtual_call}
  0x000002cb801c57d4: 2440 90e8 

  0x000002cb801c57d8: ; ImmutableOopMap {[64]=Oop [72]=Oop [80]=Oop }
                      ;*invokevirtual getProtectionDomain {reexecute=0 rethrow=0 return_oop=0}
                      ; - java.security.SecureClassLoader::defineClass@9
  0x000002cb801c57d8: 44e6 feff 

  0x000002cb801c57dc: ;   {other}
  0x000002cb801c57dc: 0f1f 8400 | 4c02 0000 | 488b 5424 

  0x000002cb801c57e8: ;   {metadata(method data for {method} {0x000002cb8f04e0e8} 'defineClass' '(Ljava/lang/String;[BIILjava/security/CodeSource;)Ljava/lang/Class;' in 'java/security/SecureClassLoader')}
  0x000002cb801c57e8: 4049 b8c8 | ae17 facb | 0200 0049 | 8380 4801 | 0000 014c | 8b44 2448 | 4c8b 4c24 | 508b 7c24 
  0x000002cb801c5808: 588b 7424 | 5c48 8bc8 | 488b 5424 

  0x000002cb801c5814: ;   {optimized virtual_call}
  0x000002cb801c5814: 4066 90e8 

  0x000002cb801c5818: ; ImmutableOopMap {}
                      ;*invokevirtual defineClass {reexecute=0 rethrow=0 return_oop=0}
                      ; - java.security.SecureClassLoader::defineClass@12
  0x000002cb801c5818: 24f5 feff 

  0x000002cb801c581c: ;   {other}
  0x000002cb801c581c: 0f1f 8400 | 8c02 0001 | 4883 c470 

  0x000002cb801c5828: ;   {poll_return}
  0x000002cb801c5828: 5d49 3ba7 | 5004 0000 | 0f87 2200 

  0x000002cb801c5834: ;   {metadata({method} {0x000002cb8f04e0e8} 'defineClass' '(Ljava/lang/String;[BIILjava/security/CodeSource;)Ljava/lang/Class;' in 'java/security/SecureClassLoader')}
  0x000002cb801c5834: 0000 c349 | bae0 e004 | 8fcb 0200 | 004c 8954 | 2408 48c7 | 0424 ffff 

  0x000002cb801c584c: ;   {runtime_call counter_overflow Runtime1 stub}
  0x000002cb801c584c: ffff e82d 

  0x000002cb801c5850: ; ImmutableOopMap {rdx=Oop r8=Oop r9=Oop rcx=Oop }
                      ;*synchronization entry
                      ; - java.security.SecureClassLoader::defineClass@-1
  0x000002cb801c5850: c747 07e9 | 49ff ffff 

  0x000002cb801c5858: ;   {internal_word}
  0x000002cb801c5858: 49ba 2958 | 1c80 cb02 | 0000 4d89 | 9768 0400 

  0x000002cb801c5868: ;   {runtime_call SafepointBlob}
  0x000002cb801c5868: 00e9 12fc | 3b07 498b | 8700 0500 | 0049 c787 | 0005 0000 | 0000 0000 | 49c7 8708 | 0500 0000 
  0x000002cb801c5888: 0000 0048 | 83c4 705d 

  0x000002cb801c5890: ;   {runtime_call unwind_exception Runtime1 stub}
  0x000002cb801c5890: e96b 993e | 07f4 f4f4 
[Stub Code]
  0x000002cb801c5898: ;   {no_reloc}
  0x000002cb801c5898: 48bb 0000 | 0000 0000 

  0x000002cb801c58a0: ;   {runtime_call nmethod}
  0x000002cb801c58a0: 0000 e9fb 

  0x000002cb801c58a4: ;   {static_stub}
  0x000002cb801c58a4: ffff ff48 | bb00 0000 | 0000 0000 

  0x000002cb801c58b0: ;   {runtime_call nmethod}
  0x000002cb801c58b0: 00e9 fbff 

  0x000002cb801c58b4: ;   {runtime_call handle_exception_from_callee Runtime1 stub}
  0x000002cb801c58b4: ffff e845 

  0x000002cb801c58b8: ;   {external_word}
  0x000002cb801c58b8: 6c3e 0748 | b950 63f2 | 55ff 7f00 | 0048 83e4 

  0x000002cb801c58c8: ;   {runtime_call}
  0x000002cb801c58c8: f048 b8c0 | c9b4 55ff | 7f00 00ff 

  0x000002cb801c58d4: ;   {section_word}
  0x000002cb801c58d4: d0f4 49ba | d658 1c80 | cb02 0000 

  0x000002cb801c58e0: ;   {runtime_call DeoptimizationBlob}
  0x000002cb801c58e0: 4152 e939 | ee3b 07f4 
[/MachCode]


---------------  P R O C E S S  ---------------

Threads class SMR info:
_java_thread_list=0x000002cbff0397e0, length=21, elements={
0x000002cbf38e03c0, 0x000002cbf99fe710, 0x000002cbf9a00090, 0x000002cbf9a08470,
0x000002cbf9a08ed0, 0x000002cbf9a0a0d0, 0x000002cbf9a0ab30, 0x000002cbf9a0bc50,
0x000002cbf9a1e4f0, 0x000002cbf9c9f670, 0x000002cbf9cdb7a0, 0x000002cbff2191d0,
0x000002cba4490870, 0x000002cbfecb6490, 0x000002cbfe9a48d0, 0x000002cbfecb1d20,
0x000002cbfeb745f0, 0x000002cbfed20240, 0x000002cbfebe76b0, 0x000002cbfebe8a60,
0x000002cbfebe7d40
}

Java Threads: ( => current thread )
  0x000002cbf38e03c0 JavaThread "main"                              [_thread_blocked, id=15624, stack(0x000000f819a00000,0x000000f819b00000) (1024K)]
  0x000002cbf99fe710 JavaThread "Reference Handler"          daemon [_thread_blocked, id=11888, stack(0x000000f81a300000,0x000000f81a400000) (1024K)]
  0x000002cbf9a00090 JavaThread "Finalizer"                  daemon [_thread_blocked, id=10044, stack(0x000000f81a400000,0x000000f81a500000) (1024K)]
  0x000002cbf9a08470 JavaThread "Signal Dispatcher"          daemon [_thread_blocked, id=2200, stack(0x000000f81a500000,0x000000f81a600000) (1024K)]
  0x000002cbf9a08ed0 JavaThread "Attach Listener"            daemon [_thread_blocked, id=12412, stack(0x000000f81a600000,0x000000f81a700000) (1024K)]
  0x000002cbf9a0a0d0 JavaThread "Service Thread"             daemon [_thread_blocked, id=12320, stack(0x000000f81a700000,0x000000f81a800000) (1024K)]
  0x000002cbf9a0ab30 JavaThread "Monitor Deflation Thread"   daemon [_thread_blocked, id=14360, stack(0x000000f81a800000,0x000000f81a900000) (1024K)]
  0x000002cbf9a0bc50 JavaThread "C2 CompilerThread0"         daemon [_thread_blocked, id=16200, stack(0x000000f81a900000,0x000000f81aa00000) (1024K)]
  0x000002cbf9a1e4f0 JavaThread "C1 CompilerThread0"         daemon [_thread_blocked, id=15508, stack(0x000000f81aa00000,0x000000f81ab00000) (1024K)]
  0x000002cbf9c9f670 JavaThread "Common-Cleaner"             daemon [_thread_blocked, id=14492, stack(0x000000f81ab00000,0x000000f81ac00000) (1024K)]
  0x000002cbf9cdb7a0 JavaThread "Notification Thread"        daemon [_thread_blocked, id=14728, stack(0x000000f81ac00000,0x000000f81ad00000) (1024K)]
  0x000002cbff2191d0 JavaThread "Daemon health stats"               [_thread_blocked, id=15816, stack(0x000000f81b000000,0x000000f81b100000) (1024K)]
  0x000002cba4490870 JavaThread "Incoming local TCP Connector on port 65265"        [_thread_in_native, id=6968, stack(0x000000f81b100000,0x000000f81b200000) (1024K)]
  0x000002cbfecb6490 JavaThread "Daemon periodic checks"            [_thread_blocked, id=14264, stack(0x000000f81b200000,0x000000f81b300000) (1024K)]
  0x000002cbfe9a48d0 JavaThread "Daemon"                            [_thread_blocked, id=1160, stack(0x000000f81b300000,0x000000f81b400000) (1024K)]
  0x000002cbfecb1d20 JavaThread "Handler for socket connection from /127.0.0.1:65265 to /127.0.0.1:65271"        [_thread_in_native, id=14944, stack(0x000000f81b400000,0x000000f81b500000) (1024K)]
  0x000002cbfeb745f0 JavaThread "Cancel handler"                    [_thread_blocked, id=13928, stack(0x000000f81b500000,0x000000f81b600000) (1024K)]
=>0x000002cbfed20240 JavaThread "Daemon worker"                     [_thread_in_vm, id=12160, stack(0x000000f81b600000,0x000000f81b700000) (1024K)]
  0x000002cbfebe76b0 JavaThread "Asynchronous log dispatcher for DefaultDaemonConnection: socket connection from /127.0.0.1:65265 to /127.0.0.1:65271"        [_thread_blocked, id=5984, stack(0x000000f81b700000,0x000000f81b800000) (1024K)]
  0x000002cbfebe8a60 JavaThread "Stdin handler"                     [_thread_blocked, id=12576, stack(0x000000f81b800000,0x000000f81b900000) (1024K)]
  0x000002cbfebe7d40 JavaThread "Daemon client event forwarder"        [_thread_blocked, id=10544, stack(0x000000f81b900000,0x000000f81ba00000) (1024K)]
Total: 21

Other Threads:
  0x000002cbf99e2430 VMThread "VM Thread"                           [id=6292, stack(0x000000f81a200000,0x000000f81a300000) (1024K)] _threads_hazard_ptr=0x000002cbff0397e0
  0x000002cbf99d5bd0 WatcherThread "VM Periodic Task Thread"        [id=7408, stack(0x000000f81a100000,0x000000f81a200000) (1024K)]
  0x000002cbf3909810 WorkerThread "GC Thread#0"                     [id=13368, stack(0x000000f819c00000,0x000000f819d00000) (1024K)]
  0x000002cbf9a1b760 WorkerThread "GC Thread#1"                     [id=15296, stack(0x000000f81ad00000,0x000000f81ae00000) (1024K)]
  0x000002cbf9a1bb10 WorkerThread "GC Thread#2"                     [id=16324, stack(0x000000f81ae00000,0x000000f81af00000) (1024K)]
  0x000002cbf9d0d540 WorkerThread "GC Thread#3"                     [id=15764, stack(0x000000f81af00000,0x000000f81b000000) (1024K)]
  0x000002cbf390ef20 ConcurrentGCThread "G1 Main Marker"            [id=1460, stack(0x000000f819d00000,0x000000f819e00000) (1024K)]
  0x000002cbf39117d0 WorkerThread "G1 Conc#0"                       [id=10224, stack(0x000000f819e00000,0x000000f819f00000) (1024K)]
  0x000002cbf399e690 ConcurrentGCThread "G1 Refine#0"               [id=10608, stack(0x000000f819f00000,0x000000f81a000000) (1024K)]
  0x000002cbf98a2190 ConcurrentGCThread "G1 Service"                [id=15600, stack(0x000000f81a000000,0x000000f81a100000) (1024K)]
Total: 10

Threads with active compile tasks:
Total: 0

VM state: synchronizing (normal execution)

VM Mutex/Monitor currently owned by a thread:  ([mutex/lock_event])
[0x00007fff561dd530] Metaspace_lock - owner thread: 0x000002cbfed20240
[0x00007fff561df5b0] Threads_lock - owner thread: 0x000002cbf99e2430

Heap address: 0x00000000e0000000, size: 512 MB, Compressed Oops mode: 32-bit

CDS archive(s) mapped at: [0x000002cb8f000000-0x000002cb8fba0000-0x000002cb8fba0000), size 12189696, SharedBaseAddress: 0x000002cb8f000000, ArchiveRelocationMode: 1.
Compressed class space mapped at: 0x000002cb90000000-0x000002cba4000000, reserved size: 335544320
Narrow klass base: 0x000002cb8f000000, Narrow klass shift: 0, Narrow klass range: 0x100000000

GC Precious Log:
 CardTable entry size: 512
 Card Set container configuration: InlinePtr #cards 5 size 8 Array Of Cards #cards 12 size 40 Howl #buckets 4 coarsen threshold 1843 Howl Bitmap #cards 512 size 80 coarsen threshold 460 Card regions per heap region 1 cards per card region 2048
 CPUs: 4 total, 4 available
 Memory: 3973M
 Large Page Support: Disabled
 NUMA Support: Disabled
 Compressed Oops: Enabled (32-bit)
 Heap Region Size: 1M
 Heap Min Capacity: 256M
 Heap Initial Capacity: 256M
 Heap Max Capacity: 512M
 Pre-touch: Disabled
 Parallel Workers: 4
 Concurrent Workers: 1
 Concurrent Refinement Workers: 4
 Periodic GC: Disabled

Heap:
 garbage-first heap   total 262144K, used 74292K [0x00000000e0000000, 0x0000000100000000)
  region size 1024K, 61 young (62464K), 4 survivors (4096K)
 Metaspace       used 14261K, committed 14592K, reserved 393216K
  class space    used 1934K, committed 2112K, reserved 327680K

Heap Regions: E=young(eden), S=young(survivor), O=old, HS=humongous(starts), HC=humongous(continues), CS=collection set, F=free, TAMS=top-at-mark-start, PB=parsable bottom
|   0|0x00000000e0000000, 0x00000000e0100000, 0x00000000e0100000|100%| O|  |TAMS 0x00000000e0000000| PB 0x00000000e0000000| Untracked 
|   1|0x00000000e0100000, 0x00000000e0200000, 0x00000000e0200000|100%|HS|  |TAMS 0x00000000e0100000| PB 0x00000000e0100000| Complete 
|   2|0x00000000e0200000, 0x00000000e0300000, 0x00000000e0300000|100%|HC|  |TAMS 0x00000000e0200000| PB 0x00000000e0200000| Complete 
|   3|0x00000000e0300000, 0x00000000e0400000, 0x00000000e0400000|100%|HC|  |TAMS 0x00000000e0300000| PB 0x00000000e0300000| Complete 
|   4|0x00000000e0400000, 0x00000000e0500000, 0x00000000e0500000|100%|HC|  |TAMS 0x00000000e0400000| PB 0x00000000e0400000| Complete 
|   5|0x00000000e0500000, 0x00000000e0600000, 0x00000000e0600000|100%| O|  |TAMS 0x00000000e0500000| PB 0x00000000e0500000| Untracked 
|   6|0x00000000e0600000, 0x00000000e0700000, 0x00000000e0700000|100%| O|  |TAMS 0x00000000e0600000| PB 0x00000000e0600000| Untracked 
|   7|0x00000000e0700000, 0x00000000e0800000, 0x00000000e0800000|100%| O|  |TAMS 0x00000000e0700000| PB 0x00000000e0700000| Untracked 
|   8|0x00000000e0800000, 0x00000000e0900000, 0x00000000e0900000|100%| O|  |TAMS 0x00000000e0800000| PB 0x00000000e0800000| Untracked 
|   9|0x00000000e0900000, 0x00000000e0a00000, 0x00000000e0a00000|100%|HS|  |TAMS 0x00000000e0900000| PB 0x00000000e0900000| Complete 
|  10|0x00000000e0a00000, 0x00000000e0a00000, 0x00000000e0b00000|  0%| F|  |TAMS 0x00000000e0a00000| PB 0x00000000e0a00000| Untracked 
|  11|0x00000000e0b00000, 0x00000000e0c00000, 0x00000000e0c00000|100%| O|  |TAMS 0x00000000e0b00000| PB 0x00000000e0b00000| Untracked 
|  12|0x00000000e0c00000, 0x00000000e0d00000, 0x00000000e0d00000|100%| O|  |TAMS 0x00000000e0c00000| PB 0x00000000e0c00000| Untracked 
|  13|0x00000000e0d00000, 0x00000000e0decf20, 0x00000000e0e00000| 92%| O|  |TAMS 0x00000000e0d00000| PB 0x00000000e0d00000| Untracked 
|  14|0x00000000e0e00000, 0x00000000e0e00000, 0x00000000e0f00000|  0%| F|  |TAMS 0x00000000e0e00000| PB 0x00000000e0e00000| Untracked 
|  15|0x00000000e0f00000, 0x00000000e0f00000, 0x00000000e1000000|  0%| F|  |TAMS 0x00000000e0f00000| PB 0x00000000e0f00000| Untracked 
|  16|0x00000000e1000000, 0x00000000e1000000, 0x00000000e1100000|  0%| F|  |TAMS 0x00000000e1000000| PB 0x00000000e1000000| Untracked 
|  17|0x00000000e1100000, 0x00000000e1100000, 0x00000000e1200000|  0%| F|  |TAMS 0x00000000e1100000| PB 0x00000000e1100000| Untracked 
|  18|0x00000000e1200000, 0x00000000e1200000, 0x00000000e1300000|  0%| F|  |TAMS 0x00000000e1200000| PB 0x00000000e1200000| Untracked 
|  19|0x00000000e1300000, 0x00000000e1300000, 0x00000000e1400000|  0%| F|  |TAMS 0x00000000e1300000| PB 0x00000000e1300000| Untracked 
|  20|0x00000000e1400000, 0x00000000e1400000, 0x00000000e1500000|  0%| F|  |TAMS 0x00000000e1400000| PB 0x00000000e1400000| Untracked 
|  21|0x00000000e1500000, 0x00000000e1500000, 0x00000000e1600000|  0%| F|  |TAMS 0x00000000e1500000| PB 0x00000000e1500000| Untracked 
|  22|0x00000000e1600000, 0x00000000e1600000, 0x00000000e1700000|  0%| F|  |TAMS 0x00000000e1600000| PB 0x00000000e1600000| Untracked 
|  23|0x00000000e1700000, 0x00000000e1700000, 0x00000000e1800000|  0%| F|  |TAMS 0x00000000e1700000| PB 0x00000000e1700000| Untracked 
|  24|0x00000000e1800000, 0x00000000e1800000, 0x00000000e1900000|  0%| F|  |TAMS 0x00000000e1800000| PB 0x00000000e1800000| Untracked 
|  25|0x00000000e1900000, 0x00000000e1900000, 0x00000000e1a00000|  0%| F|  |TAMS 0x00000000e1900000| PB 0x00000000e1900000| Untracked 
|  26|0x00000000e1a00000, 0x00000000e1a00000, 0x00000000e1b00000|  0%| F|  |TAMS 0x00000000e1a00000| PB 0x00000000e1a00000| Untracked 
|  27|0x00000000e1b00000, 0x00000000e1b00000, 0x00000000e1c00000|  0%| F|  |TAMS 0x00000000e1b00000| PB 0x00000000e1b00000| Untracked 
|  28|0x00000000e1c00000, 0x00000000e1c00000, 0x00000000e1d00000|  0%| F|  |TAMS 0x00000000e1c00000| PB 0x00000000e1c00000| Untracked 
|  29|0x00000000e1d00000, 0x00000000e1d00000, 0x00000000e1e00000|  0%| F|  |TAMS 0x00000000e1d00000| PB 0x00000000e1d00000| Untracked 
|  30|0x00000000e1e00000, 0x00000000e1e00000, 0x00000000e1f00000|  0%| F|  |TAMS 0x00000000e1e00000| PB 0x00000000e1e00000| Untracked 
|  31|0x00000000e1f00000, 0x00000000e1f00000, 0x00000000e2000000|  0%| F|  |TAMS 0x00000000e1f00000| PB 0x00000000e1f00000| Untracked 
|  32|0x00000000e2000000, 0x00000000e2000000, 0x00000000e2100000|  0%| F|  |TAMS 0x00000000e2000000| PB 0x00000000e2000000| Untracked 
|  33|0x00000000e2100000, 0x00000000e2100000, 0x00000000e2200000|  0%| F|  |TAMS 0x00000000e2100000| PB 0x00000000e2100000| Untracked 
|  34|0x00000000e2200000, 0x00000000e2200000, 0x00000000e2300000|  0%| F|  |TAMS 0x00000000e2200000| PB 0x00000000e2200000| Untracked 
|  35|0x00000000e2300000, 0x00000000e2300000, 0x00000000e2400000|  0%| F|  |TAMS 0x00000000e2300000| PB 0x00000000e2300000| Untracked 
|  36|0x00000000e2400000, 0x00000000e2400000, 0x00000000e2500000|  0%| F|  |TAMS 0x00000000e2400000| PB 0x00000000e2400000| Untracked 
|  37|0x00000000e2500000, 0x00000000e2500000, 0x00000000e2600000|  0%| F|  |TAMS 0x00000000e2500000| PB 0x00000000e2500000| Untracked 
|  38|0x00000000e2600000, 0x00000000e2600000, 0x00000000e2700000|  0%| F|  |TAMS 0x00000000e2600000| PB 0x00000000e2600000| Untracked 
|  39|0x00000000e2700000, 0x00000000e2700000, 0x00000000e2800000|  0%| F|  |TAMS 0x00000000e2700000| PB 0x00000000e2700000| Untracked 
|  40|0x00000000e2800000, 0x00000000e2800000, 0x00000000e2900000|  0%| F|  |TAMS 0x00000000e2800000| PB 0x00000000e2800000| Untracked 
|  41|0x00000000e2900000, 0x00000000e2900000, 0x00000000e2a00000|  0%| F|  |TAMS 0x00000000e2900000| PB 0x00000000e2900000| Untracked 
|  42|0x00000000e2a00000, 0x00000000e2a00000, 0x00000000e2b00000|  0%| F|  |TAMS 0x00000000e2a00000| PB 0x00000000e2a00000| Untracked 
|  43|0x00000000e2b00000, 0x00000000e2b00000, 0x00000000e2c00000|  0%| F|  |TAMS 0x00000000e2b00000| PB 0x00000000e2b00000| Untracked 
|  44|0x00000000e2c00000, 0x00000000e2c00000, 0x00000000e2d00000|  0%| F|  |TAMS 0x00000000e2c00000| PB 0x00000000e2c00000| Untracked 
|  45|0x00000000e2d00000, 0x00000000e2d00000, 0x00000000e2e00000|  0%| F|  |TAMS 0x00000000e2d00000| PB 0x00000000e2d00000| Untracked 
|  46|0x00000000e2e00000, 0x00000000e2e00000, 0x00000000e2f00000|  0%| F|  |TAMS 0x00000000e2e00000| PB 0x00000000e2e00000| Untracked 
|  47|0x00000000e2f00000, 0x00000000e2f00000, 0x00000000e3000000|  0%| F|  |TAMS 0x00000000e2f00000| PB 0x00000000e2f00000| Untracked 
|  48|0x00000000e3000000, 0x00000000e3000000, 0x00000000e3100000|  0%| F|  |TAMS 0x00000000e3000000| PB 0x00000000e3000000| Untracked 
|  49|0x00000000e3100000, 0x00000000e3100000, 0x00000000e3200000|  0%| F|  |TAMS 0x00000000e3100000| PB 0x00000000e3100000| Untracked 
|  50|0x00000000e3200000, 0x00000000e3200000, 0x00000000e3300000|  0%| F|  |TAMS 0x00000000e3200000| PB 0x00000000e3200000| Untracked 
|  51|0x00000000e3300000, 0x00000000e3300000, 0x00000000e3400000|  0%| F|  |TAMS 0x00000000e3300000| PB 0x00000000e3300000| Untracked 
|  52|0x00000000e3400000, 0x00000000e3400000, 0x00000000e3500000|  0%| F|  |TAMS 0x00000000e3400000| PB 0x00000000e3400000| Untracked 
|  53|0x00000000e3500000, 0x00000000e3500000, 0x00000000e3600000|  0%| F|  |TAMS 0x00000000e3500000| PB 0x00000000e3500000| Untracked 
|  54|0x00000000e3600000, 0x00000000e3600000, 0x00000000e3700000|  0%| F|  |TAMS 0x00000000e3600000| PB 0x00000000e3600000| Untracked 
|  55|0x00000000e3700000, 0x00000000e3700000, 0x00000000e3800000|  0%| F|  |TAMS 0x00000000e3700000| PB 0x00000000e3700000| Untracked 
|  56|0x00000000e3800000, 0x00000000e3800000, 0x00000000e3900000|  0%| F|  |TAMS 0x00000000e3800000| PB 0x00000000e3800000| Untracked 
|  57|0x00000000e3900000, 0x00000000e3900000, 0x00000000e3a00000|  0%| F|  |TAMS 0x00000000e3900000| PB 0x00000000e3900000| Untracked 
|  58|0x00000000e3a00000, 0x00000000e3a00000, 0x00000000e3b00000|  0%| F|  |TAMS 0x00000000e3a00000| PB 0x00000000e3a00000| Untracked 
|  59|0x00000000e3b00000, 0x00000000e3b00000, 0x00000000e3c00000|  0%| F|  |TAMS 0x00000000e3b00000| PB 0x00000000e3b00000| Untracked 
|  60|0x00000000e3c00000, 0x00000000e3c00000, 0x00000000e3d00000|  0%| F|  |TAMS 0x00000000e3c00000| PB 0x00000000e3c00000| Untracked 
|  61|0x00000000e3d00000, 0x00000000e3d00000, 0x00000000e3e00000|  0%| F|  |TAMS 0x00000000e3d00000| PB 0x00000000e3d00000| Untracked 
|  62|0x00000000e3e00000, 0x00000000e3e00000, 0x00000000e3f00000|  0%| F|  |TAMS 0x00000000e3e00000| PB 0x00000000e3e00000| Untracked 
|  63|0x00000000e3f00000, 0x00000000e3f00000, 0x00000000e4000000|  0%| F|  |TAMS 0x00000000e3f00000| PB 0x00000000e3f00000| Untracked 
|  64|0x00000000e4000000, 0x00000000e4000000, 0x00000000e4100000|  0%| F|  |TAMS 0x00000000e4000000| PB 0x00000000e4000000| Untracked 
|  65|0x00000000e4100000, 0x00000000e4100000, 0x00000000e4200000|  0%| F|  |TAMS 0x00000000e4100000| PB 0x00000000e4100000| Untracked 
|  66|0x00000000e4200000, 0x00000000e4200000, 0x00000000e4300000|  0%| F|  |TAMS 0x00000000e4200000| PB 0x00000000e4200000| Untracked 
|  67|0x00000000e4300000, 0x00000000e4300000, 0x00000000e4400000|  0%| F|  |TAMS 0x00000000e4300000| PB 0x00000000e4300000| Untracked 
|  68|0x00000000e4400000, 0x00000000e4400000, 0x00000000e4500000|  0%| F|  |TAMS 0x00000000e4400000| PB 0x00000000e4400000| Untracked 
|  69|0x00000000e4500000, 0x00000000e4500000, 0x00000000e4600000|  0%| F|  |TAMS 0x00000000e4500000| PB 0x00000000e4500000| Untracked 
|  70|0x00000000e4600000, 0x00000000e4600000, 0x00000000e4700000|  0%| F|  |TAMS 0x00000000e4600000| PB 0x00000000e4600000| Untracked 
|  71|0x00000000e4700000, 0x00000000e4700000, 0x00000000e4800000|  0%| F|  |TAMS 0x00000000e4700000| PB 0x00000000e4700000| Untracked 
|  72|0x00000000e4800000, 0x00000000e4800000, 0x00000000e4900000|  0%| F|  |TAMS 0x00000000e4800000| PB 0x00000000e4800000| Untracked 
|  73|0x00000000e4900000, 0x00000000e4900000, 0x00000000e4a00000|  0%| F|  |TAMS 0x00000000e4900000| PB 0x00000000e4900000| Untracked 
|  74|0x00000000e4a00000, 0x00000000e4a00000, 0x00000000e4b00000|  0%| F|  |TAMS 0x00000000e4a00000| PB 0x00000000e4a00000| Untracked 
|  75|0x00000000e4b00000, 0x00000000e4b00000, 0x00000000e4c00000|  0%| F|  |TAMS 0x00000000e4b00000| PB 0x00000000e4b00000| Untracked 
|  76|0x00000000e4c00000, 0x00000000e4c00000, 0x00000000e4d00000|  0%| F|  |TAMS 0x00000000e4c00000| PB 0x00000000e4c00000| Untracked 
|  77|0x00000000e4d00000, 0x00000000e4d00000, 0x00000000e4e00000|  0%| F|  |TAMS 0x00000000e4d00000| PB 0x00000000e4d00000| Untracked 
|  78|0x00000000e4e00000, 0x00000000e4e00000, 0x00000000e4f00000|  0%| F|  |TAMS 0x00000000e4e00000| PB 0x00000000e4e00000| Untracked 
|  79|0x00000000e4f00000, 0x00000000e4f00000, 0x00000000e5000000|  0%| F|  |TAMS 0x00000000e4f00000| PB 0x00000000e4f00000| Untracked 
|  80|0x00000000e5000000, 0x00000000e5000000, 0x00000000e5100000|  0%| F|  |TAMS 0x00000000e5000000| PB 0x00000000e5000000| Untracked 
|  81|0x00000000e5100000, 0x00000000e5100000, 0x00000000e5200000|  0%| F|  |TAMS 0x00000000e5100000| PB 0x00000000e5100000| Untracked 
|  82|0x00000000e5200000, 0x00000000e5200000, 0x00000000e5300000|  0%| F|  |TAMS 0x00000000e5200000| PB 0x00000000e5200000| Untracked 
|  83|0x00000000e5300000, 0x00000000e5300000, 0x00000000e5400000|  0%| F|  |TAMS 0x00000000e5300000| PB 0x00000000e5300000| Untracked 
|  84|0x00000000e5400000, 0x00000000e5400000, 0x00000000e5500000|  0%| F|  |TAMS 0x00000000e5400000| PB 0x00000000e5400000| Untracked 
|  85|0x00000000e5500000, 0x00000000e5500000, 0x00000000e5600000|  0%| F|  |TAMS 0x00000000e5500000| PB 0x00000000e5500000| Untracked 
|  86|0x00000000e5600000, 0x00000000e5600000, 0x00000000e5700000|  0%| F|  |TAMS 0x00000000e5600000| PB 0x00000000e5600000| Untracked 
|  87|0x00000000e5700000, 0x00000000e5700000, 0x00000000e5800000|  0%| F|  |TAMS 0x00000000e5700000| PB 0x00000000e5700000| Untracked 
|  88|0x00000000e5800000, 0x00000000e5800000, 0x00000000e5900000|  0%| F|  |TAMS 0x00000000e5800000| PB 0x00000000e5800000| Untracked 
|  89|0x00000000e5900000, 0x00000000e5900000, 0x00000000e5a00000|  0%| F|  |TAMS 0x00000000e5900000| PB 0x00000000e5900000| Untracked 
|  90|0x00000000e5a00000, 0x00000000e5a00000, 0x00000000e5b00000|  0%| F|  |TAMS 0x00000000e5a00000| PB 0x00000000e5a00000| Untracked 
|  91|0x00000000e5b00000, 0x00000000e5b00000, 0x00000000e5c00000|  0%| F|  |TAMS 0x00000000e5b00000| PB 0x00000000e5b00000| Untracked 
|  92|0x00000000e5c00000, 0x00000000e5c00000, 0x00000000e5d00000|  0%| F|  |TAMS 0x00000000e5c00000| PB 0x00000000e5c00000| Untracked 
|  93|0x00000000e5d00000, 0x00000000e5d00000, 0x00000000e5e00000|  0%| F|  |TAMS 0x00000000e5d00000| PB 0x00000000e5d00000| Untracked 
|  94|0x00000000e5e00000, 0x00000000e5e00000, 0x00000000e5f00000|  0%| F|  |TAMS 0x00000000e5e00000| PB 0x00000000e5e00000| Untracked 
|  95|0x00000000e5f00000, 0x00000000e5f00000, 0x00000000e6000000|  0%| F|  |TAMS 0x00000000e5f00000| PB 0x00000000e5f00000| Untracked 
|  96|0x00000000e6000000, 0x00000000e6000000, 0x00000000e6100000|  0%| F|  |TAMS 0x00000000e6000000| PB 0x00000000e6000000| Untracked 
|  97|0x00000000e6100000, 0x00000000e6100000, 0x00000000e6200000|  0%| F|  |TAMS 0x00000000e6100000| PB 0x00000000e6100000| Untracked 
|  98|0x00000000e6200000, 0x00000000e6200000, 0x00000000e6300000|  0%| F|  |TAMS 0x00000000e6200000| PB 0x00000000e6200000| Untracked 
|  99|0x00000000e6300000, 0x00000000e6300000, 0x00000000e6400000|  0%| F|  |TAMS 0x00000000e6300000| PB 0x00000000e6300000| Untracked 
| 100|0x00000000e6400000, 0x00000000e6400000, 0x00000000e6500000|  0%| F|  |TAMS 0x00000000e6400000| PB 0x00000000e6400000| Untracked 
| 101|0x00000000e6500000, 0x00000000e6500000, 0x00000000e6600000|  0%| F|  |TAMS 0x00000000e6500000| PB 0x00000000e6500000| Untracked 
| 102|0x00000000e6600000, 0x00000000e6600000, 0x00000000e6700000|  0%| F|  |TAMS 0x00000000e6600000| PB 0x00000000e6600000| Untracked 
| 103|0x00000000e6700000, 0x00000000e6700000, 0x00000000e6800000|  0%| F|  |TAMS 0x00000000e6700000| PB 0x00000000e6700000| Untracked 
| 104|0x00000000e6800000, 0x00000000e6800000, 0x00000000e6900000|  0%| F|  |TAMS 0x00000000e6800000| PB 0x00000000e6800000| Untracked 
| 105|0x00000000e6900000, 0x00000000e6900000, 0x00000000e6a00000|  0%| F|  |TAMS 0x00000000e6900000| PB 0x00000000e6900000| Untracked 
| 106|0x00000000e6a00000, 0x00000000e6a00000, 0x00000000e6b00000|  0%| F|  |TAMS 0x00000000e6a00000| PB 0x00000000e6a00000| Untracked 
| 107|0x00000000e6b00000, 0x00000000e6b00000, 0x00000000e6c00000|  0%| F|  |TAMS 0x00000000e6b00000| PB 0x00000000e6b00000| Untracked 
| 108|0x00000000e6c00000, 0x00000000e6c00000, 0x00000000e6d00000|  0%| F|  |TAMS 0x00000000e6c00000| PB 0x00000000e6c00000| Untracked 
| 109|0x00000000e6d00000, 0x00000000e6d00000, 0x00000000e6e00000|  0%| F|  |TAMS 0x00000000e6d00000| PB 0x00000000e6d00000| Untracked 
| 110|0x00000000e6e00000, 0x00000000e6e00000, 0x00000000e6f00000|  0%| F|  |TAMS 0x00000000e6e00000| PB 0x00000000e6e00000| Untracked 
| 111|0x00000000e6f00000, 0x00000000e6f00000, 0x00000000e7000000|  0%| F|  |TAMS 0x00000000e6f00000| PB 0x00000000e6f00000| Untracked 
| 112|0x00000000e7000000, 0x00000000e7000000, 0x00000000e7100000|  0%| F|  |TAMS 0x00000000e7000000| PB 0x00000000e7000000| Untracked 
| 113|0x00000000e7100000, 0x00000000e7100000, 0x00000000e7200000|  0%| F|  |TAMS 0x00000000e7100000| PB 0x00000000e7100000| Untracked 
| 114|0x00000000e7200000, 0x00000000e7200000, 0x00000000e7300000|  0%| F|  |TAMS 0x00000000e7200000| PB 0x00000000e7200000| Untracked 
| 115|0x00000000e7300000, 0x00000000e7300000, 0x00000000e7400000|  0%| F|  |TAMS 0x00000000e7300000| PB 0x00000000e7300000| Untracked 
| 116|0x00000000e7400000, 0x00000000e7400000, 0x00000000e7500000|  0%| F|  |TAMS 0x00000000e7400000| PB 0x00000000e7400000| Untracked 
| 117|0x00000000e7500000, 0x00000000e7500000, 0x00000000e7600000|  0%| F|  |TAMS 0x00000000e7500000| PB 0x00000000e7500000| Untracked 
| 118|0x00000000e7600000, 0x00000000e7600000, 0x00000000e7700000|  0%| F|  |TAMS 0x00000000e7600000| PB 0x00000000e7600000| Untracked 
| 119|0x00000000e7700000, 0x00000000e7700000, 0x00000000e7800000|  0%| F|  |TAMS 0x00000000e7700000| PB 0x00000000e7700000| Untracked 
| 120|0x00000000e7800000, 0x00000000e7800000, 0x00000000e7900000|  0%| F|  |TAMS 0x00000000e7800000| PB 0x00000000e7800000| Untracked 
| 121|0x00000000e7900000, 0x00000000e7900000, 0x00000000e7a00000|  0%| F|  |TAMS 0x00000000e7900000| PB 0x00000000e7900000| Untracked 
| 122|0x00000000e7a00000, 0x00000000e7a00000, 0x00000000e7b00000|  0%| F|  |TAMS 0x00000000e7a00000| PB 0x00000000e7a00000| Untracked 
| 123|0x00000000e7b00000, 0x00000000e7b00000, 0x00000000e7c00000|  0%| F|  |TAMS 0x00000000e7b00000| PB 0x00000000e7b00000| Untracked 
| 124|0x00000000e7c00000, 0x00000000e7c00000, 0x00000000e7d00000|  0%| F|  |TAMS 0x00000000e7c00000| PB 0x00000000e7c00000| Untracked 
| 125|0x00000000e7d00000, 0x00000000e7d00000, 0x00000000e7e00000|  0%| F|  |TAMS 0x00000000e7d00000| PB 0x00000000e7d00000| Untracked 
| 126|0x00000000e7e00000, 0x00000000e7e00000, 0x00000000e7f00000|  0%| F|  |TAMS 0x00000000e7e00000| PB 0x00000000e7e00000| Untracked 
| 127|0x00000000e7f00000, 0x00000000e7f00000, 0x00000000e8000000|  0%| F|  |TAMS 0x00000000e7f00000| PB 0x00000000e7f00000| Untracked 
| 128|0x00000000e8000000, 0x00000000e8000000, 0x00000000e8100000|  0%| F|  |TAMS 0x00000000e8000000| PB 0x00000000e8000000| Untracked 
| 129|0x00000000e8100000, 0x00000000e8100000, 0x00000000e8200000|  0%| F|  |TAMS 0x00000000e8100000| PB 0x00000000e8100000| Untracked 
| 130|0x00000000e8200000, 0x00000000e8200000, 0x00000000e8300000|  0%| F|  |TAMS 0x00000000e8200000| PB 0x00000000e8200000| Untracked 
| 131|0x00000000e8300000, 0x00000000e8300000, 0x00000000e8400000|  0%| F|  |TAMS 0x00000000e8300000| PB 0x00000000e8300000| Untracked 
| 132|0x00000000e8400000, 0x00000000e8400000, 0x00000000e8500000|  0%| F|  |TAMS 0x00000000e8400000| PB 0x00000000e8400000| Untracked 
| 133|0x00000000e8500000, 0x00000000e8500000, 0x00000000e8600000|  0%| F|  |TAMS 0x00000000e8500000| PB 0x00000000e8500000| Untracked 
| 134|0x00000000e8600000, 0x00000000e8600000, 0x00000000e8700000|  0%| F|  |TAMS 0x00000000e8600000| PB 0x00000000e8600000| Untracked 
| 135|0x00000000e8700000, 0x00000000e8700000, 0x00000000e8800000|  0%| F|  |TAMS 0x00000000e8700000| PB 0x00000000e8700000| Untracked 
| 136|0x00000000e8800000, 0x00000000e8800000, 0x00000000e8900000|  0%| F|  |TAMS 0x00000000e8800000| PB 0x00000000e8800000| Untracked 
| 137|0x00000000e8900000, 0x00000000e8900000, 0x00000000e8a00000|  0%| F|  |TAMS 0x00000000e8900000| PB 0x00000000e8900000| Untracked 
| 138|0x00000000e8a00000, 0x00000000e8a00000, 0x00000000e8b00000|  0%| F|  |TAMS 0x00000000e8a00000| PB 0x00000000e8a00000| Untracked 
| 139|0x00000000e8b00000, 0x00000000e8b00000, 0x00000000e8c00000|  0%| F|  |TAMS 0x00000000e8b00000| PB 0x00000000e8b00000| Untracked 
| 140|0x00000000e8c00000, 0x00000000e8c00000, 0x00000000e8d00000|  0%| F|  |TAMS 0x00000000e8c00000| PB 0x00000000e8c00000| Untracked 
| 141|0x00000000e8d00000, 0x00000000e8d00000, 0x00000000e8e00000|  0%| F|  |TAMS 0x00000000e8d00000| PB 0x00000000e8d00000| Untracked 
| 142|0x00000000e8e00000, 0x00000000e8e00000, 0x00000000e8f00000|  0%| F|  |TAMS 0x00000000e8e00000| PB 0x00000000e8e00000| Untracked 
| 143|0x00000000e8f00000, 0x00000000e8f00000, 0x00000000e9000000|  0%| F|  |TAMS 0x00000000e8f00000| PB 0x00000000e8f00000| Untracked 
| 144|0x00000000e9000000, 0x00000000e9000000, 0x00000000e9100000|  0%| F|  |TAMS 0x00000000e9000000| PB 0x00000000e9000000| Untracked 
| 145|0x00000000e9100000, 0x00000000e9100000, 0x00000000e9200000|  0%| F|  |TAMS 0x00000000e9100000| PB 0x00000000e9100000| Untracked 
| 146|0x00000000e9200000, 0x00000000e9200000, 0x00000000e9300000|  0%| F|  |TAMS 0x00000000e9200000| PB 0x00000000e9200000| Untracked 
| 147|0x00000000e9300000, 0x00000000e9300000, 0x00000000e9400000|  0%| F|  |TAMS 0x00000000e9300000| PB 0x00000000e9300000| Untracked 
| 148|0x00000000e9400000, 0x00000000e9400000, 0x00000000e9500000|  0%| F|  |TAMS 0x00000000e9400000| PB 0x00000000e9400000| Untracked 
| 149|0x00000000e9500000, 0x00000000e9500000, 0x00000000e9600000|  0%| F|  |TAMS 0x00000000e9500000| PB 0x00000000e9500000| Untracked 
| 150|0x00000000e9600000, 0x00000000e9600000, 0x00000000e9700000|  0%| F|  |TAMS 0x00000000e9600000| PB 0x00000000e9600000| Untracked 
| 151|0x00000000e9700000, 0x00000000e9700000, 0x00000000e9800000|  0%| F|  |TAMS 0x00000000e9700000| PB 0x00000000e9700000| Untracked 
| 152|0x00000000e9800000, 0x00000000e9800000, 0x00000000e9900000|  0%| F|  |TAMS 0x00000000e9800000| PB 0x00000000e9800000| Untracked 
| 153|0x00000000e9900000, 0x00000000e9900000, 0x00000000e9a00000|  0%| F|  |TAMS 0x00000000e9900000| PB 0x00000000e9900000| Untracked 
| 154|0x00000000e9a00000, 0x00000000e9a00000, 0x00000000e9b00000|  0%| F|  |TAMS 0x00000000e9a00000| PB 0x00000000e9a00000| Untracked 
| 155|0x00000000e9b00000, 0x00000000e9b00000, 0x00000000e9c00000|  0%| F|  |TAMS 0x00000000e9b00000| PB 0x00000000e9b00000| Untracked 
| 156|0x00000000e9c00000, 0x00000000e9c00000, 0x00000000e9d00000|  0%| F|  |TAMS 0x00000000e9c00000| PB 0x00000000e9c00000| Untracked 
| 157|0x00000000e9d00000, 0x00000000e9d00000, 0x00000000e9e00000|  0%| F|  |TAMS 0x00000000e9d00000| PB 0x00000000e9d00000| Untracked 
| 158|0x00000000e9e00000, 0x00000000e9e00000, 0x00000000e9f00000|  0%| F|  |TAMS 0x00000000e9e00000| PB 0x00000000e9e00000| Untracked 
| 159|0x00000000e9f00000, 0x00000000e9f00000, 0x00000000ea000000|  0%| F|  |TAMS 0x00000000e9f00000| PB 0x00000000e9f00000| Untracked 
| 160|0x00000000ea000000, 0x00000000ea000000, 0x00000000ea100000|  0%| F|  |TAMS 0x00000000ea000000| PB 0x00000000ea000000| Untracked 
| 161|0x00000000ea100000, 0x00000000ea100000, 0x00000000ea200000|  0%| F|  |TAMS 0x00000000ea100000| PB 0x00000000ea100000| Untracked 
| 162|0x00000000ea200000, 0x00000000ea200000, 0x00000000ea300000|  0%| F|  |TAMS 0x00000000ea200000| PB 0x00000000ea200000| Untracked 
| 163|0x00000000ea300000, 0x00000000ea300000, 0x00000000ea400000|  0%| F|  |TAMS 0x00000000ea300000| PB 0x00000000ea300000| Untracked 
| 164|0x00000000ea400000, 0x00000000ea400000, 0x00000000ea500000|  0%| F|  |TAMS 0x00000000ea400000| PB 0x00000000ea400000| Untracked 
| 165|0x00000000ea500000, 0x00000000ea500000, 0x00000000ea600000|  0%| F|  |TAMS 0x00000000ea500000| PB 0x00000000ea500000| Untracked 
| 166|0x00000000ea600000, 0x00000000ea600000, 0x00000000ea700000|  0%| F|  |TAMS 0x00000000ea600000| PB 0x00000000ea600000| Untracked 
| 167|0x00000000ea700000, 0x00000000ea700000, 0x00000000ea800000|  0%| F|  |TAMS 0x00000000ea700000| PB 0x00000000ea700000| Untracked 
| 168|0x00000000ea800000, 0x00000000ea800000, 0x00000000ea900000|  0%| F|  |TAMS 0x00000000ea800000| PB 0x00000000ea800000| Untracked 
| 169|0x00000000ea900000, 0x00000000ea900000, 0x00000000eaa00000|  0%| F|  |TAMS 0x00000000ea900000| PB 0x00000000ea900000| Untracked 
| 170|0x00000000eaa00000, 0x00000000eaa00000, 0x00000000eab00000|  0%| F|  |TAMS 0x00000000eaa00000| PB 0x00000000eaa00000| Untracked 
| 171|0x00000000eab00000, 0x00000000eab00000, 0x00000000eac00000|  0%| F|  |TAMS 0x00000000eab00000| PB 0x00000000eab00000| Untracked 
| 172|0x00000000eac00000, 0x00000000eac00000, 0x00000000ead00000|  0%| F|  |TAMS 0x00000000eac00000| PB 0x00000000eac00000| Untracked 
| 173|0x00000000ead00000, 0x00000000ead00000, 0x00000000eae00000|  0%| F|  |TAMS 0x00000000ead00000| PB 0x00000000ead00000| Untracked 
| 174|0x00000000eae00000, 0x00000000eae00000, 0x00000000eaf00000|  0%| F|  |TAMS 0x00000000eae00000| PB 0x00000000eae00000| Untracked 
| 175|0x00000000eaf00000, 0x00000000eaf00000, 0x00000000eb000000|  0%| F|  |TAMS 0x00000000eaf00000| PB 0x00000000eaf00000| Untracked 
| 176|0x00000000eb000000, 0x00000000eb000000, 0x00000000eb100000|  0%| F|  |TAMS 0x00000000eb000000| PB 0x00000000eb000000| Untracked 
| 177|0x00000000eb100000, 0x00000000eb100000, 0x00000000eb200000|  0%| F|  |TAMS 0x00000000eb100000| PB 0x00000000eb100000| Untracked 
| 178|0x00000000eb200000, 0x00000000eb200000, 0x00000000eb300000|  0%| F|  |TAMS 0x00000000eb200000| PB 0x00000000eb200000| Untracked 
| 179|0x00000000eb300000, 0x00000000eb300000, 0x00000000eb400000|  0%| F|  |TAMS 0x00000000eb300000| PB 0x00000000eb300000| Untracked 
| 180|0x00000000eb400000, 0x00000000eb400000, 0x00000000eb500000|  0%| F|  |TAMS 0x00000000eb400000| PB 0x00000000eb400000| Untracked 
| 181|0x00000000eb500000, 0x00000000eb500000, 0x00000000eb600000|  0%| F|  |TAMS 0x00000000eb500000| PB 0x00000000eb500000| Untracked 
| 182|0x00000000eb600000, 0x00000000eb600000, 0x00000000eb700000|  0%| F|  |TAMS 0x00000000eb600000| PB 0x00000000eb600000| Untracked 
| 183|0x00000000eb700000, 0x00000000eb700000, 0x00000000eb800000|  0%| F|  |TAMS 0x00000000eb700000| PB 0x00000000eb700000| Untracked 
| 184|0x00000000eb800000, 0x00000000eb800000, 0x00000000eb900000|  0%| F|  |TAMS 0x00000000eb800000| PB 0x00000000eb800000| Untracked 
| 185|0x00000000eb900000, 0x00000000eb900000, 0x00000000eba00000|  0%| F|  |TAMS 0x00000000eb900000| PB 0x00000000eb900000| Untracked 
| 186|0x00000000eba00000, 0x00000000eba00000, 0x00000000ebb00000|  0%| F|  |TAMS 0x00000000eba00000| PB 0x00000000eba00000| Untracked 
| 187|0x00000000ebb00000, 0x00000000ebb00000, 0x00000000ebc00000|  0%| F|  |TAMS 0x00000000ebb00000| PB 0x00000000ebb00000| Untracked 
| 188|0x00000000ebc00000, 0x00000000ebc00000, 0x00000000ebd00000|  0%| F|  |TAMS 0x00000000ebc00000| PB 0x00000000ebc00000| Untracked 
| 189|0x00000000ebd00000, 0x00000000ebd00000, 0x00000000ebe00000|  0%| F|  |TAMS 0x00000000ebd00000| PB 0x00000000ebd00000| Untracked 
| 190|0x00000000ebe00000, 0x00000000ebe00000, 0x00000000ebf00000|  0%| F|  |TAMS 0x00000000ebe00000| PB 0x00000000ebe00000| Untracked 
| 191|0x00000000ebf00000, 0x00000000ebf00000, 0x00000000ec000000|  0%| F|  |TAMS 0x00000000ebf00000| PB 0x00000000ebf00000| Untracked 
| 192|0x00000000ec000000, 0x00000000ec000000, 0x00000000ec100000|  0%| F|  |TAMS 0x00000000ec000000| PB 0x00000000ec000000| Untracked 
| 193|0x00000000ec100000, 0x00000000ec100000, 0x00000000ec200000|  0%| F|  |TAMS 0x00000000ec100000| PB 0x00000000ec100000| Untracked 
| 194|0x00000000ec200000, 0x00000000ec200000, 0x00000000ec300000|  0%| F|  |TAMS 0x00000000ec200000| PB 0x00000000ec200000| Untracked 
| 195|0x00000000ec300000, 0x00000000ec400000, 0x00000000ec400000|100%| E|  |TAMS 0x00000000ec300000| PB 0x00000000ec300000| Complete 
| 196|0x00000000ec400000, 0x00000000ec500000, 0x00000000ec500000|100%| E|CS|TAMS 0x00000000ec400000| PB 0x00000000ec400000| Complete 
| 197|0x00000000ec500000, 0x00000000ec600000, 0x00000000ec600000|100%| E|CS|TAMS 0x00000000ec500000| PB 0x00000000ec500000| Complete 
| 198|0x00000000ec600000, 0x00000000ec700000, 0x00000000ec700000|100%| E|CS|TAMS 0x00000000ec600000| PB 0x00000000ec600000| Complete 
| 199|0x00000000ec700000, 0x00000000ec800000, 0x00000000ec800000|100%| E|CS|TAMS 0x00000000ec700000| PB 0x00000000ec700000| Complete 
| 200|0x00000000ec800000, 0x00000000ec900000, 0x00000000ec900000|100%| E|CS|TAMS 0x00000000ec800000| PB 0x00000000ec800000| Complete 
| 201|0x00000000ec900000, 0x00000000eca00000, 0x00000000eca00000|100%| E|CS|TAMS 0x00000000ec900000| PB 0x00000000ec900000| Complete 
| 202|0x00000000eca00000, 0x00000000ecb00000, 0x00000000ecb00000|100%| E|CS|TAMS 0x00000000eca00000| PB 0x00000000eca00000| Complete 
| 203|0x00000000ecb00000, 0x00000000ecc00000, 0x00000000ecc00000|100%| E|CS|TAMS 0x00000000ecb00000| PB 0x00000000ecb00000| Complete 
| 204|0x00000000ecc00000, 0x00000000ecd00000, 0x00000000ecd00000|100%| E|CS|TAMS 0x00000000ecc00000| PB 0x00000000ecc00000| Complete 
| 205|0x00000000ecd00000, 0x00000000ece00000, 0x00000000ece00000|100%| E|CS|TAMS 0x00000000ecd00000| PB 0x00000000ecd00000| Complete 
| 206|0x00000000ece00000, 0x00000000ecf00000, 0x00000000ecf00000|100%| E|CS|TAMS 0x00000000ece00000| PB 0x00000000ece00000| Complete 
| 207|0x00000000ecf00000, 0x00000000ed000000, 0x00000000ed000000|100%| E|CS|TAMS 0x00000000ecf00000| PB 0x00000000ecf00000| Complete 
| 208|0x00000000ed000000, 0x00000000ed100000, 0x00000000ed100000|100%| E|CS|TAMS 0x00000000ed000000| PB 0x00000000ed000000| Complete 
| 209|0x00000000ed100000, 0x00000000ed200000, 0x00000000ed200000|100%| E|CS|TAMS 0x00000000ed100000| PB 0x00000000ed100000| Complete 
| 210|0x00000000ed200000, 0x00000000ed300000, 0x00000000ed300000|100%| E|CS|TAMS 0x00000000ed200000| PB 0x00000000ed200000| Complete 
| 211|0x00000000ed300000, 0x00000000ed400000, 0x00000000ed400000|100%| E|CS|TAMS 0x00000000ed300000| PB 0x00000000ed300000| Complete 
| 212|0x00000000ed400000, 0x00000000ed500000, 0x00000000ed500000|100%| E|CS|TAMS 0x00000000ed400000| PB 0x00000000ed400000| Complete 
| 213|0x00000000ed500000, 0x00000000ed600000, 0x00000000ed600000|100%| E|CS|TAMS 0x00000000ed500000| PB 0x00000000ed500000| Complete 
| 214|0x00000000ed600000, 0x00000000ed700000, 0x00000000ed700000|100%| E|CS|TAMS 0x00000000ed600000| PB 0x00000000ed600000| Complete 
| 215|0x00000000ed700000, 0x00000000ed800000, 0x00000000ed800000|100%| E|CS|TAMS 0x00000000ed700000| PB 0x00000000ed700000| Complete 
| 216|0x00000000ed800000, 0x00000000ed900000, 0x00000000ed900000|100%| E|CS|TAMS 0x00000000ed800000| PB 0x00000000ed800000| Complete 
| 217|0x00000000ed900000, 0x00000000eda00000, 0x00000000eda00000|100%| E|CS|TAMS 0x00000000ed900000| PB 0x00000000ed900000| Complete 
| 218|0x00000000eda00000, 0x00000000edb00000, 0x00000000edb00000|100%| E|CS|TAMS 0x00000000eda00000| PB 0x00000000eda00000| Complete 
| 219|0x00000000edb00000, 0x00000000edc00000, 0x00000000edc00000|100%| E|CS|TAMS 0x00000000edb00000| PB 0x00000000edb00000| Complete 
| 220|0x00000000edc00000, 0x00000000edd00000, 0x00000000edd00000|100%| E|CS|TAMS 0x00000000edc00000| PB 0x00000000edc00000| Complete 
| 221|0x00000000edd00000, 0x00000000ede00000, 0x00000000ede00000|100%| E|CS|TAMS 0x00000000edd00000| PB 0x00000000edd00000| Complete 
| 222|0x00000000ede00000, 0x00000000edf00000, 0x00000000edf00000|100%| E|CS|TAMS 0x00000000ede00000| PB 0x00000000ede00000| Complete 
| 223|0x00000000edf00000, 0x00000000ee000000, 0x00000000ee000000|100%| E|CS|TAMS 0x00000000edf00000| PB 0x00000000edf00000| Complete 
| 224|0x00000000ee000000, 0x00000000ee0a0418, 0x00000000ee100000| 62%| S|CS|TAMS 0x00000000ee000000| PB 0x00000000ee000000| Complete 
| 225|0x00000000ee100000, 0x00000000ee200000, 0x00000000ee200000|100%| S|CS|TAMS 0x00000000ee100000| PB 0x00000000ee100000| Complete 
| 226|0x00000000ee200000, 0x00000000ee300000, 0x00000000ee300000|100%| S|CS|TAMS 0x00000000ee200000| PB 0x00000000ee200000| Complete 
| 227|0x00000000ee300000, 0x00000000ee400000, 0x00000000ee400000|100%| S|CS|TAMS 0x00000000ee300000| PB 0x00000000ee300000| Complete 
| 228|0x00000000ee400000, 0x00000000ee500000, 0x00000000ee500000|100%| E|CS|TAMS 0x00000000ee400000| PB 0x00000000ee400000| Complete 
| 229|0x00000000ee500000, 0x00000000ee600000, 0x00000000ee600000|100%| E|CS|TAMS 0x00000000ee500000| PB 0x00000000ee500000| Complete 
| 230|0x00000000ee600000, 0x00000000ee700000, 0x00000000ee700000|100%| E|CS|TAMS 0x00000000ee600000| PB 0x00000000ee600000| Complete 
| 231|0x00000000ee700000, 0x00000000ee800000, 0x00000000ee800000|100%| E|CS|TAMS 0x00000000ee700000| PB 0x00000000ee700000| Complete 
| 232|0x00000000ee800000, 0x00000000ee900000, 0x00000000ee900000|100%| E|CS|TAMS 0x00000000ee800000| PB 0x00000000ee800000| Complete 
| 233|0x00000000ee900000, 0x00000000eea00000, 0x00000000eea00000|100%| E|CS|TAMS 0x00000000ee900000| PB 0x00000000ee900000| Complete 
| 234|0x00000000eea00000, 0x00000000eeb00000, 0x00000000eeb00000|100%| E|CS|TAMS 0x00000000eea00000| PB 0x00000000eea00000| Complete 
| 235|0x00000000eeb00000, 0x00000000eec00000, 0x00000000eec00000|100%| E|CS|TAMS 0x00000000eeb00000| PB 0x00000000eeb00000| Complete 
| 236|0x00000000eec00000, 0x00000000eed00000, 0x00000000eed00000|100%| E|CS|TAMS 0x00000000eec00000| PB 0x00000000eec00000| Complete 
| 237|0x00000000eed00000, 0x00000000eee00000, 0x00000000eee00000|100%| E|CS|TAMS 0x00000000eed00000| PB 0x00000000eed00000| Complete 
| 238|0x00000000eee00000, 0x00000000eef00000, 0x00000000eef00000|100%| E|CS|TAMS 0x00000000eee00000| PB 0x00000000eee00000| Complete 
| 239|0x00000000eef00000, 0x00000000ef000000, 0x00000000ef000000|100%| E|CS|TAMS 0x00000000eef00000| PB 0x00000000eef00000| Complete 
| 240|0x00000000ef000000, 0x00000000ef100000, 0x00000000ef100000|100%| E|CS|TAMS 0x00000000ef000000| PB 0x00000000ef000000| Complete 
| 241|0x00000000ef100000, 0x00000000ef200000, 0x00000000ef200000|100%| E|CS|TAMS 0x00000000ef100000| PB 0x00000000ef100000| Complete 
| 242|0x00000000ef200000, 0x00000000ef300000, 0x00000000ef300000|100%| E|CS|TAMS 0x00000000ef200000| PB 0x00000000ef200000| Complete 
| 243|0x00000000ef300000, 0x00000000ef400000, 0x00000000ef400000|100%| E|CS|TAMS 0x00000000ef300000| PB 0x00000000ef300000| Complete 
| 244|0x00000000ef400000, 0x00000000ef500000, 0x00000000ef500000|100%| E|CS|TAMS 0x00000000ef400000| PB 0x00000000ef400000| Complete 
| 245|0x00000000ef500000, 0x00000000ef600000, 0x00000000ef600000|100%| E|CS|TAMS 0x00000000ef500000| PB 0x00000000ef500000| Complete 
| 246|0x00000000ef600000, 0x00000000ef700000, 0x00000000ef700000|100%| E|CS|TAMS 0x00000000ef600000| PB 0x00000000ef600000| Complete 
| 247|0x00000000ef700000, 0x00000000ef800000, 0x00000000ef800000|100%| E|CS|TAMS 0x00000000ef700000| PB 0x00000000ef700000| Complete 
| 248|0x00000000ef800000, 0x00000000ef900000, 0x00000000ef900000|100%| E|CS|TAMS 0x00000000ef800000| PB 0x00000000ef800000| Complete 
| 249|0x00000000ef900000, 0x00000000efa00000, 0x00000000efa00000|100%| E|CS|TAMS 0x00000000ef900000| PB 0x00000000ef900000| Complete 
| 250|0x00000000efa00000, 0x00000000efb00000, 0x00000000efb00000|100%| E|CS|TAMS 0x00000000efa00000| PB 0x00000000efa00000| Complete 
| 251|0x00000000efb00000, 0x00000000efc00000, 0x00000000efc00000|100%| E|CS|TAMS 0x00000000efb00000| PB 0x00000000efb00000| Complete 
| 252|0x00000000efc00000, 0x00000000efd00000, 0x00000000efd00000|100%| E|CS|TAMS 0x00000000efc00000| PB 0x00000000efc00000| Complete 
| 253|0x00000000efd00000, 0x00000000efe00000, 0x00000000efe00000|100%| E|CS|TAMS 0x00000000efd00000| PB 0x00000000efd00000| Complete 
| 254|0x00000000efe00000, 0x00000000eff00000, 0x00000000eff00000|100%| E|CS|TAMS 0x00000000efe00000| PB 0x00000000efe00000| Complete 
| 255|0x00000000eff00000, 0x00000000f0000000, 0x00000000f0000000|100%| E|CS|TAMS 0x00000000eff00000| PB 0x00000000eff00000| Complete 

Card table byte_map: [0x000002cbf6ae0000,0x000002cbf6be0000] _byte_map_base: 0x000002cbf63e0000

Marking Bits: (CMBitMap*) 0x000002cbf390a640
 Bits: [0x000002cbf6be0000, 0x000002cbf73e0000)

Polling page: 0x000002cbf1920000

Metaspace:

Usage:
  Non-class:     12.04 MB used.
      Class:      1.89 MB used.
       Both:     13.93 MB used.

Virtual space:
  Non-class space:       64.00 MB reserved,      12.19 MB ( 19%) committed,  1 nodes.
      Class space:      320.00 MB reserved,       2.06 MB ( <1%) committed,  1 nodes.
             Both:      384.00 MB reserved,      14.25 MB (  4%) committed. 

Chunk freelists:
   Non-Class:  3.73 MB
       Class:  13.97 MB
        Both:  17.70 MB

MaxMetaspaceSize: 384.00 MB
CompressedClassSpaceSize: 320.00 MB
Initial GC threshold: 21.00 MB
Current GC threshold: 21.00 MB
CDS: on
 - commit_granule_bytes: 65536.
 - commit_granule_words: 8192.
 - virtual_space_node_default_size: 8388608.
 - enlarge_chunks_in_place: 1.
 - use_allocation_guard: 0.


Internal statistics:

num_allocs_failed_limit: 0.
num_arena_births: 420.
num_arena_deaths: 0.
num_vsnodes_births: 2.
num_vsnodes_deaths: 0.
num_space_committed: 228.
num_space_uncommitted: 0.
num_chunks_returned_to_freelist: 0.
num_chunks_taken_from_freelist: 872.
num_chunk_merges: 0.
num_chunk_splits: 579.
num_chunks_enlarged: 410.
num_inconsistent_stats: 0.

CodeHeap 'non-profiled nmethods': size=120000Kb used=1237Kb max_used=1237Kb free=118762Kb
 bounds [0x000002cb87ad0000, 0x000002cb87d40000, 0x000002cb8f000000]
CodeHeap 'profiled nmethods': size=120000Kb used=5396Kb max_used=5396Kb free=114603Kb
 bounds [0x000002cb80000000, 0x000002cb80550000, 0x000002cb87530000]
CodeHeap 'non-nmethods': size=5760Kb used=1392Kb max_used=1425Kb free=4367Kb
 bounds [0x000002cb87530000, 0x000002cb877a0000, 0x000002cb87ad0000]
CodeCache: size=245760Kb, used=8025Kb, max_used=8058Kb, free=237732Kb
 total_blobs=3308, nmethods=2754, adapters=458, full_count=0
Compilation: enabled, stopped_count=0, restarted_count=0

Compilation events (20 events):
Event: 92.232 Thread 0x000002cbf9a1e4f0 nmethod 2750 0x000002cb87c00210 code [0x000002cb87c003a0, 0x000002cb87c00468]
Event: 92.232 Thread 0x000002cbf9a1e4f0 2751       1       java.util.ArrayList$ArrayListSpliterator::characteristics (4 bytes)
Event: 92.232 Thread 0x000002cbf9a1e4f0 nmethod 2751 0x000002cb87c00510 code [0x000002cb87c006a0, 0x000002cb87c00768]
Event: 92.232 Thread 0x000002cbf9a1e4f0 2752       3       java.util.regex.Pattern$BmpCharProperty::match (55 bytes)
Event: 92.233 Thread 0x000002cbf9a1e4f0 nmethod 2752 0x000002cb80542290 code [0x000002cb80542480, 0x000002cb80542910]
Event: 92.235 Thread 0x000002cbf9a1e4f0 2753       3       org.objectweb.asm.Frame::push (109 bytes)
Event: 92.236 Thread 0x000002cbf9a1e4f0 nmethod 2753 0x000002cb80542a90 code [0x000002cb80542c60, 0x000002cb805431a8]
Event: 92.236 Thread 0x000002cbf9a1e4f0 2754       3       org.objectweb.asm.SymbolTable$Entry::<init> (17 bytes)
Event: 92.236 Thread 0x000002cbf9a1e4f0 nmethod 2754 0x000002cb80543390 code [0x000002cb80543540, 0x000002cb805436c0]
Event: 92.236 Thread 0x000002cbf9a1e4f0 2755       3       org.objectweb.asm.ByteVector::put12 (64 bytes)
Event: 92.237 Thread 0x000002cbf9a1e4f0 nmethod 2755 0x000002cb80543790 code [0x000002cb80543940, 0x000002cb80543b70]
Event: 92.237 Thread 0x000002cbf9a1e4f0 2756       3       org.objectweb.asm.SymbolTable::addType (81 bytes)
Event: 92.237 Thread 0x000002cbf9a1e4f0 nmethod 2756 0x000002cb80543d10 code [0x000002cb80543f20, 0x000002cb80544460]
Event: 92.237 Thread 0x000002cbf9a1e4f0 2757       3       org.objectweb.asm.Frame::pop (44 bytes)
Event: 92.238 Thread 0x000002cbf9a1e4f0 nmethod 2757 0x000002cb80544710 code [0x000002cb805448c0, 0x000002cb80544a58]
Event: 92.238 Thread 0x000002cbf9a1e4f0 2758       3       org.objectweb.asm.Frame::getLocal (46 bytes)
Event: 92.238 Thread 0x000002cbf9a1e4f0 nmethod 2758 0x000002cb80544b10 code [0x000002cb80544cc0, 0x000002cb80544ec8]
Event: 92.238 Thread 0x000002cbf9a1e4f0 2759       3       jdk.internal.org.objectweb.asm.ClassReader::readUnsignedShort (26 bytes)
Event: 92.238 Thread 0x000002cbf9a1e4f0 nmethod 2759 0x000002cb80544f90 code [0x000002cb80545140, 0x000002cb805452b0]
Event: 92.336 Thread 0x000002cbf9a0bc50 nmethod 2749 0x000002cb87c00810 code [0x000002cb87c00be0, 0x000002cb87c03a38]

GC Heap History (6 events):
Event: 7.543 GC heap before
{Heap before GC invocations=0 (full 0):
 garbage-first heap   total 262144K, used 12288K [0x00000000e0000000, 0x0000000100000000)
  region size 1024K, 13 young (13312K), 0 survivors (0K)
 Metaspace       used 947K, committed 1024K, reserved 393216K
  class space    used 71K, committed 128K, reserved 327680K
}
Event: 7.687 GC heap after
{Heap after GC invocations=1 (full 0):
 garbage-first heap   total 262144K, used 2472K [0x00000000e0000000, 0x0000000100000000)
  region size 1024K, 2 young (2048K), 2 survivors (2048K)
 Metaspace       used 947K, committed 1024K, reserved 393216K
  class space    used 71K, committed 128K, reserved 327680K
}
Event: 20.852 GC heap before
{Heap before GC invocations=1 (full 0):
 garbage-first heap   total 262144K, used 28072K [0x00000000e0000000, 0x0000000100000000)
  region size 1024K, 24 young (24576K), 2 survivors (2048K)
 Metaspace       used 4578K, committed 4800K, reserved 393216K
  class space    used 592K, committed 704K, reserved 327680K
}
Event: 20.860 GC heap after
{Heap after GC invocations=2 (full 0):
 garbage-first heap   total 262144K, used 12188K [0x00000000e0000000, 0x0000000100000000)
  region size 1024K, 3 young (3072K), 3 survivors (3072K)
 Metaspace       used 4578K, committed 4800K, reserved 393216K
  class space    used 592K, committed 704K, reserved 327680K
}
Event: 27.013 GC heap before
{Heap before GC invocations=2 (full 0):
 garbage-first heap   total 262144K, used 38812K [0x00000000e0000000, 0x0000000100000000)
  region size 1024K, 28 young (28672K), 3 survivors (3072K)
 Metaspace       used 4726K, committed 4928K, reserved 393216K
  class space    used 594K, committed 704K, reserved 327680K
}
Event: 27.080 GC heap after
{Heap after GC invocations=3 (full 0):
 garbage-first heap   total 262144K, used 16948K [0x00000000e0000000, 0x0000000100000000)
  region size 1024K, 4 young (4096K), 4 survivors (4096K)
 Metaspace       used 4726K, committed 4928K, reserved 393216K
  class space    used 594K, committed 704K, reserved 327680K
}

Dll operation events (20 events):
Event: 1.587 Attempting to load shared library C:\Users\ACER\.vscode\extensions\redhat.java-1.56.0-win32-x64\jre\21.0.12.1-win32-x86_64\bin\nio.dll
Event: 1.588 Loaded shared library C:\Users\ACER\.vscode\extensions\redhat.java-1.56.0-win32-x64\jre\21.0.12.1-win32-x86_64\bin\nio.dll
Event: 1.593 Attempting to load shared library C:\Users\ACER\.vscode\extensions\redhat.java-1.56.0-win32-x64\jre\21.0.12.1-win32-x86_64\bin\zip.dll
Event: 1.593 Loaded shared library C:\Users\ACER\.vscode\extensions\redhat.java-1.56.0-win32-x64\jre\21.0.12.1-win32-x86_64\bin\zip.dll
Event: 5.691 Attempting to load shared library C:\Users\ACER\.vscode\extensions\redhat.java-1.56.0-win32-x64\jre\21.0.12.1-win32-x86_64\bin\jimage.dll
Event: 5.691 Loaded shared library C:\Users\ACER\.vscode\extensions\redhat.java-1.56.0-win32-x64\jre\21.0.12.1-win32-x86_64\bin\jimage.dll
Event: 10.980 Attempting to load shared library C:\Users\ACER\.vscode\extensions\redhat.java-1.56.0-win32-x64\jre\21.0.12.1-win32-x86_64\bin\verify.dll
Event: 11.104 Loaded shared library C:\Users\ACER\.vscode\extensions\redhat.java-1.56.0-win32-x64\jre\21.0.12.1-win32-x86_64\bin\verify.dll
Event: 11.616 Attempting to load shared library C:\Users\ACER\.gradle\native\660c5614fbf4a5f2a75b1949f50a0caf5cd603558e7d8a26e50b933a0cfb79d1\windows-amd64\native-platform.dll
Event: 11.617 Loaded shared library C:\Users\ACER\.gradle\native\660c5614fbf4a5f2a75b1949f50a0caf5cd603558e7d8a26e50b933a0cfb79d1\windows-amd64\native-platform.dll
Event: 11.636 Attempting to load shared library C:\Users\ACER\.gradle\native\0.2.8\x86_64-windows-gnu\gradle-fileevents.dll
Event: 11.636 Loaded shared library C:\Users\ACER\.gradle\native\0.2.8\x86_64-windows-gnu\gradle-fileevents.dll
Event: 34.263 Attempting to load shared library C:\Users\ACER\.vscode\extensions\redhat.java-1.56.0-win32-x64\jre\21.0.12.1-win32-x86_64\bin\management.dll
Event: 34.264 Loaded shared library C:\Users\ACER\.vscode\extensions\redhat.java-1.56.0-win32-x64\jre\21.0.12.1-win32-x86_64\bin\management.dll
Event: 34.267 Attempting to load shared library C:\Users\ACER\.vscode\extensions\redhat.java-1.56.0-win32-x64\jre\21.0.12.1-win32-x86_64\bin\management_ext.dll
Event: 34.268 Loaded shared library C:\Users\ACER\.vscode\extensions\redhat.java-1.56.0-win32-x64\jre\21.0.12.1-win32-x86_64\bin\management_ext.dll
Event: 46.575 Attempting to load shared library C:\Users\ACER\.vscode\extensions\redhat.java-1.56.0-win32-x64\jre\21.0.12.1-win32-x86_64\bin\extnet.dll
Event: 46.576 Loaded shared library C:\Users\ACER\.vscode\extensions\redhat.java-1.56.0-win32-x64\jre\21.0.12.1-win32-x86_64\bin\extnet.dll
Event: 70.101 Attempting to load shared library C:\Users\ACER\.vscode\extensions\redhat.java-1.56.0-win32-x64\jre\21.0.12.1-win32-x86_64\bin\sunmscapi.dll
Event: 70.192 Loaded shared library C:\Users\ACER\.vscode\extensions\redhat.java-1.56.0-win32-x64\jre\21.0.12.1-win32-x86_64\bin\sunmscapi.dll

Deoptimization events (20 events):
Event: 88.467 Thread 0x000002cbfed20240 Uncommon trap: trap_request=0xffffff45 fr.pc=0x000002cb87be2f48 relative=0x0000000000000368
Event: 88.467 Thread 0x000002cbfed20240 Uncommon trap: reason=unstable_if action=reinterpret pc=0x000002cb87be2f48 method=java.util.HashMap.getNode(Ljava/lang/Object;)Ljava/util/HashMap$Node; @ 66 c2
Event: 88.467 Thread 0x000002cbfed20240 DEOPT PACKING pc=0x000002cb87be2f48 sp=0x000000f81b6fbef0
Event: 88.467 Thread 0x000002cbfed20240 DEOPT UNPACKING pc=0x000002cb87584422 sp=0x000000f81b6fbe00 mode 2
Event: 88.467 Thread 0x000002cbfed20240 Uncommon trap: trap_request=0xffffffde fr.pc=0x000002cb87bd1b60 relative=0x00000000000008a0
Event: 88.467 Thread 0x000002cbfed20240 Uncommon trap: reason=class_check action=maybe_recompile pc=0x000002cb87bd1b60 method=java.util.HashMap.putVal(ILjava/lang/Object;Ljava/lang/Object;ZZ)Ljava/lang/Object; @ 91 c2
Event: 88.467 Thread 0x000002cbfed20240 DEOPT PACKING pc=0x000002cb87bd1b60 sp=0x000000f81b6fbea0
Event: 88.467 Thread 0x000002cbfed20240 DEOPT UNPACKING pc=0x000002cb87584422 sp=0x000000f81b6fbdc8 mode 2
Event: 88.475 Thread 0x000002cbfed20240 Uncommon trap: trap_request=0xffffff45 fr.pc=0x000002cb87b48168 relative=0x0000000000000208
Event: 88.475 Thread 0x000002cbfed20240 Uncommon trap: reason=unstable_if action=reinterpret pc=0x000002cb87b48168 method=java.util.HashMap.getNode(Ljava/lang/Object;)Ljava/util/HashMap$Node; @ 66 c2
Event: 88.475 Thread 0x000002cbfed20240 DEOPT PACKING pc=0x000002cb87b48168 sp=0x000000f81b6fbe80
Event: 88.475 Thread 0x000002cbfed20240 DEOPT UNPACKING pc=0x000002cb87584422 sp=0x000000f81b6fbe00 mode 2
Event: 88.475 Thread 0x000002cbfed20240 Uncommon trap: trap_request=0xffffffde fr.pc=0x000002cb87bd1b60 relative=0x00000000000008a0
Event: 88.475 Thread 0x000002cbfed20240 Uncommon trap: reason=class_check action=maybe_recompile pc=0x000002cb87bd1b60 method=java.util.HashMap.putVal(ILjava/lang/Object;Ljava/lang/Object;ZZ)Ljava/lang/Object; @ 91 c2
Event: 88.475 Thread 0x000002cbfed20240 DEOPT PACKING pc=0x000002cb87bd1b60 sp=0x000000f81b6fbea0
Event: 88.475 Thread 0x000002cbfed20240 DEOPT UNPACKING pc=0x000002cb87584422 sp=0x000000f81b6fbdc8 mode 2
Event: 89.072 Thread 0x000002cbfed20240 Uncommon trap: trap_request=0xffffff45 fr.pc=0x000002cb87b40d40 relative=0x0000000000000280
Event: 89.072 Thread 0x000002cbfed20240 Uncommon trap: reason=unstable_if action=reinterpret pc=0x000002cb87b40d40 method=java.util.concurrent.ConcurrentHashMap.get(Ljava/lang/Object;)Ljava/lang/Object; @ 76 c2
Event: 89.072 Thread 0x000002cbfed20240 DEOPT PACKING pc=0x000002cb87b40d40 sp=0x000000f81b6fb480
Event: 89.072 Thread 0x000002cbfed20240 DEOPT UNPACKING pc=0x000002cb87584422 sp=0x000000f81b6fb3e8 mode 2

Classes loaded (20 events):
Event: 89.067 Loading class jdk/internal/vm/annotation/IntrinsicCandidate
Event: 89.067 Loading class jdk/internal/vm/annotation/IntrinsicCandidate done
Event: 89.107 Loading class java/util/stream/MatchOps$MatchKind
Event: 89.108 Loading class java/util/stream/MatchOps$MatchKind done
Event: 89.108 Loading class java/util/stream/MatchOps
Event: 89.108 Loading class java/util/stream/MatchOps done
Event: 89.108 Loading class java/util/stream/MatchOps$MatchOp
Event: 89.109 Loading class java/util/stream/MatchOps$MatchOp done
Event: 89.109 Loading class java/util/stream/MatchOps$BooleanTerminalSink
Event: 89.109 Loading class java/util/stream/MatchOps$BooleanTerminalSink done
Event: 89.110 Loading class java/util/stream/MatchOps$1MatchSink
Event: 89.111 Loading class java/util/stream/MatchOps$1MatchSink done
Event: 89.609 Loading class java/lang/TypeNotPresentException
Event: 89.609 Loading class java/lang/TypeNotPresentException done
Event: 91.696 Loading class java/util/ConcurrentModificationException
Event: 91.696 Loading class java/util/ConcurrentModificationException done
Event: 91.720 Loading class jdk/internal/org/objectweb/asm/ClassReader
Event: 91.721 Loading class jdk/internal/org/objectweb/asm/ClassReader done
Event: 92.194 Loading class sun/reflect/generics/scope/ConstructorScope
Event: 92.194 Loading class sun/reflect/generics/scope/ConstructorScope done

Classes unloaded (0 events):
No events

Classes redefined (0 events):
No events

Internal exceptions (20 events):
Event: 35.727 Thread 0x000002cbf38e03c0 Exception <a 'java/lang/NoSuchMethodError'{0x00000000ee754cc0}: 'java.lang.Object java.lang.invoke.DirectMethodHandle$Holder.invokeStatic(java.lang.Object, java.lang.Object, java.lang.Object, java.lang.Object, java.lang.Object, java.lang.Object, java.lang.Object, java.lang.Object, java.lang.Object, java.lang.Object, java.lang.Object, java.lang.Object, java.lang.Object)'> (0x00000000ee754cc0) 
thrown [s\src\hotspot\share\interpreter\linkResolver.cpp, line 773]
Event: 36.073 Thread 0x000002cbf38e03c0 Exception <a 'java/lang/NoSuchMethodError'{0x00000000ee7742c8}: 'java.lang.Object java.lang.invoke.DirectMethodHandle$Holder.invokeStatic(java.lang.Object, java.lang.Object, java.lang.Object, java.lang.Object, java.lang.Object, java.lang.Object, java.lang.Object, java.lang.Object, java.lang.Object, java.lang.Object, java.lang.Object, java.lang.Object, java.lang.Object, java.lang.Object)'> (0x00000000ee7742c8) 
thrown [s\src\hotspot\share\interpreter\linkResolver.cpp, line 773]
Event: 36.212 Thread 0x000002cbf38e03c0 Exception <a 'java/lang/NoSuchMethodError'{0x00000000ee614d28}: 'java.lang.Object java.lang.invoke.DirectMethodHandle$Holder.invokeStatic(java.lang.Object, java.lang.Object, java.lang.Object, java.lang.Object, java.lang.Object, java.lang.Object, java.lang.Object, java.lang.Object, java.lang.Object, java.lang.Object, java.lang.Object, java.lang.Object, java.lang.Object, java.lang.Object, java.lang.Object)'> (0x00000000ee614d28) 
thrown [s\src\hotspot\share\interpreter\linkResolver.cpp, line 773]
Event: 36.221 Thread 0x000002cbf38e03c0 Exception <a 'java/lang/NoSuchMethodError'{0x00000000ee6379f0}: 'java.lang.Object java.lang.invoke.DirectMethodHandle$Holder.invokeStatic(java.lang.Object, java.lang.Object, java.lang.Object, java.lang.Object, java.lang.Object, java.lang.Object, java.lang.Object, java.lang.Object, java.lang.Object, java.lang.Object, java.lang.Object, java.lang.Object, java.lang.Object, java.lang.Object, java.lang.Object, java.lang.Object)'> (0x00000000ee6379f0) 
thrown [s\src\hotspot\share\interpreter\linkResolver.cpp, lin
Event: 48.001 Thread 0x000002cbf38e03c0 Exception <a 'java/lang/NoSuchMethodError'{0x00000000ede19428}: 'java.lang.Object java.lang.invoke.DirectMethodHandle$Holder.invokeVirtual(java.lang.Object, java.lang.Object, java.lang.Object, java.lang.Object, java.lang.Object, java.lang.Object, java.lang.Object, java.lang.Object, java.lang.Object)'> (0x00000000ede19428) 
thrown [s\src\hotspot\share\interpreter\linkResolver.cpp, line 773]
Event: 50.864 Thread 0x000002cbf38e03c0 Exception <a 'java/lang/NoSuchMethodError'{0x00000000edda7dc0}: 'java.lang.Object java.lang.invoke.DirectMethodHandle$Holder.invokeStaticInit(java.lang.Object, int, int, int, int)'> (0x00000000edda7dc0) 
thrown [s\src\hotspot\share\interpreter\linkResolver.cpp, line 773]
Event: 58.392 Thread 0x000002cbf38e03c0 Exception <a 'java/lang/NoSuchMethodError'{0x00000000edddbc80}: 'java.lang.Object java.lang.invoke.DirectMethodHandle$Holder.invokeStaticInit(java.lang.Object, java.lang.Object, int, int, int, int)'> (0x00000000edddbc80) 
thrown [s\src\hotspot\share\interpreter\linkResolver.cpp, line 773]
Event: 60.947 Thread 0x000002cbf38e03c0 Exception <a 'java/io/IOException'{0x00000000edae7008}> (0x00000000edae7008) 
thrown [s\src\hotspot\share\prims\jni.cpp, line 520]
Event: 61.119 Thread 0x000002cbf38e03c0 Implicit null exception at 0x000002cb87b174a0 to 0x000002cb87b17a68
Event: 61.208 Thread 0x000002cbf38e03c0 Exception <a 'java/lang/NoSuchMethodError'{0x00000000ed963f88}: 'java.lang.Object java.lang.invoke.DirectMethodHandle$Holder.newInvokeSpecial(java.lang.Object, java.lang.Object, java.lang.Object, java.lang.Object, java.lang.Object)'> (0x00000000ed963f88) 
thrown [s\src\hotspot\share\interpreter\linkResolver.cpp, line 773]
Event: 61.322 Thread 0x000002cbf38e03c0 Exception <a 'java/lang/NoSuchMethodError'{0x00000000ed987208}: 'void java.lang.invoke.DirectMethodHandle$Holder.invokeSpecial(java.lang.Object, java.lang.Object, java.lang.Object)'> (0x00000000ed987208) 
thrown [s\src\hotspot\share\interpreter\linkResolver.cpp, line 773]
Event: 73.008 Thread 0x000002cbfecb6490 Implicit null exception at 0x000002cb87b180a0 to 0x000002cb87b18658
Event: 80.598 Thread 0x000002cbfed20240 Exception <a 'java/lang/NoSuchMethodError'{0x00000000ecfe2cd8}: 'java.lang.Object java.lang.invoke.DirectMethodHandle$Holder.invokeVirtual(java.lang.Object, java.lang.Object, java.lang.Object, java.lang.Object, java.lang.Object, java.lang.Object, java.lang.Object)'> (0x00000000ecfe2cd8) 
thrown [s\src\hotspot\share\interpreter\linkResolver.cpp, line 773]
Event: 81.357 Thread 0x000002cbfed20240 Exception <a 'java/lang/NoSuchMethodError'{0x00000000ece681f0}: 'long java.lang.invoke.DirectMethodHandle$Holder.invokeInterface(java.lang.Object, java.lang.Object)'> (0x00000000ece681f0) 
thrown [s\src\hotspot\share\interpreter\linkResolver.cpp, line 773]
Event: 84.461 Thread 0x000002cbfed20240 Exception <a 'java/lang/NoSuchMethodError'{0x00000000ecab85a8}: 'void java.lang.invoke.DirectMethodHandle$Holder.invokeStatic(java.lang.Object, java.lang.Object)'> (0x00000000ecab85a8) 
thrown [s\src\hotspot\share\interpreter\linkResolver.cpp, line 773]
Event: 85.817 Thread 0x000002cbfed20240 Exception <a 'java/lang/NoSuchMethodError'{0x00000000ec90c188}: 'java.lang.Object java.lang.invoke.DirectMethodHandle$Holder.invokeVirtual(java.lang.Object, java.lang.Object, java.lang.Object, java.lang.Object, java.lang.Object, java.lang.Object, java.lang.Object, java.lang.Object, java.lang.Object, java.lang.Object, java.lang.Object, java.lang.Object)'> (0x00000000ec90c188) 
thrown [s\src\hotspot\share\interpreter\linkResolver.cpp, line 773]
Event: 85.820 Thread 0x000002cbfed20240 Exception <a 'java/lang/NoSuchMethodError'{0x00000000ec9111b0}: 'java.lang.Object java.lang.invoke.DirectMethodHandle$Holder.invokeSpecial(java.lang.Object, java.lang.Object, java.lang.Object, java.lang.Object, java.lang.Object, java.lang.Object, java.lang.Object, java.lang.Object, java.lang.Object, java.lang.Object, java.lang.Object, java.lang.Object, java.lang.Object)'> (0x00000000ec9111b0) 
thrown [s\src\hotspot\share\interpreter\linkResolver.cpp, line 773]
Event: 88.205 Thread 0x000002cbfed20240 Exception <a 'java/lang/NoSuchMethodError'{0x00000000ec8ab4d0}: 'void java.lang.invoke.DirectMethodHandle$Holder.invokeStatic(java.lang.Object, java.lang.Object, java.lang.Object, java.lang.Object)'> (0x00000000ec8ab4d0) 
thrown [s\src\hotspot\share\interpreter\linkResolver.cpp, line 773]
Event: 89.122 Thread 0x000002cbfed20240 Exception <a 'java/lang/NoSuchMethodError'{0x00000000ec762268}: 'int java.lang.invoke.DirectMethodHandle$Holder.invokeVirtual(java.lang.Object, java.lang.Object, java.lang.Object)'> (0x00000000ec762268) 
thrown [s\src\hotspot\share\interpreter\linkResolver.cpp, line 773]
Event: 90.670 Thread 0x000002cbfed20240 Exception <a 'java/lang/NoSuchMethodError'{0x00000000ec5c8f60}: 'java.lang.Object java.lang.invoke.DirectMethodHandle$Holder.newInvokeSpecial(java.lang.Object, java.lang.Object, java.lang.Object, java.lang.Object, java.lang.Object, java.lang.Object)'> (0x00000000ec5c8f60) 
thrown [s\src\hotspot\share\interpreter\linkResolver.cpp, line 773]

ZGC Phase Switch (0 events):
No events

VM Operations (20 events):
Event: 79.684 Executing safepoint VM operation: Cleanup
Event: 79.842 Executing safepoint VM operation: Cleanup done
Event: 80.850 Executing safepoint VM operation: Cleanup
Event: 80.866 Executing safepoint VM operation: Cleanup done
Event: 81.869 Executing safepoint VM operation: Cleanup
Event: 82.354 Executing safepoint VM operation: Cleanup done
Event: 83.367 Executing safepoint VM operation: Cleanup
Event: 83.383 Executing safepoint VM operation: Cleanup done
Event: 85.389 Executing safepoint VM operation: Cleanup
Event: 85.421 Executing safepoint VM operation: Cleanup done
Event: 86.429 Executing safepoint VM operation: Cleanup
Event: 86.477 Executing safepoint VM operation: Cleanup done
Event: 88.496 Executing safepoint VM operation: Cleanup
Event: 88.511 Executing safepoint VM operation: Cleanup done
Event: 89.519 Executing safepoint VM operation: Cleanup
Event: 89.583 Executing safepoint VM operation: Cleanup done
Event: 90.591 Executing safepoint VM operation: Cleanup
Event: 90.636 Executing safepoint VM operation: Cleanup done
Event: 91.641 Executing safepoint VM operation: Cleanup
Event: 91.688 Executing safepoint VM operation: Cleanup done

Memory protections (0 events):
No events

Nmethod flushes (0 events):
No events

Events (20 events):
Event: 0.492 Thread 0x000002cbf38e03c0 Thread added: 0x000002cbf99fe710
Event: 0.492 Thread 0x000002cbf38e03c0 Thread added: 0x000002cbf9a00090
Event: 0.493 Thread 0x000002cbf38e03c0 Thread added: 0x000002cbf9a08470
Event: 0.493 Thread 0x000002cbf38e03c0 Thread added: 0x000002cbf9a08ed0
Event: 0.493 Thread 0x000002cbf38e03c0 Thread added: 0x000002cbf9a0a0d0
Event: 0.493 Thread 0x000002cbf38e03c0 Thread added: 0x000002cbf9a0ab30
Event: 0.493 Thread 0x000002cbf38e03c0 Thread added: 0x000002cbf9a0bc50
Event: 0.548 Thread 0x000002cbf38e03c0 Thread added: 0x000002cbf9a1e4f0
Event: 1.580 Thread 0x000002cbf38e03c0 Thread added: 0x000002cbf9c9f670
Event: 2.450 Thread 0x000002cbf38e03c0 Thread added: 0x000002cbf9cdb7a0
Event: 35.241 Thread 0x000002cbf38e03c0 Thread added: 0x000002cbff2191d0
Event: 58.830 Thread 0x000002cbf38e03c0 Thread added: 0x000002cba4490870
Event: 61.329 Thread 0x000002cbf38e03c0 Thread added: 0x000002cbfecb6490
Event: 71.318 Thread 0x000002cba4490870 Thread added: 0x000002cbfe9a48d0
Event: 72.304 Thread 0x000002cbfe9a48d0 Thread added: 0x000002cbfecb1d20
Event: 72.844 Thread 0x000002cbfe9a48d0 Thread added: 0x000002cbfeb745f0
Event: 75.918 Thread 0x000002cbfe9a48d0 Thread added: 0x000002cbfed20240
Event: 76.508 Thread 0x000002cbfed20240 Thread added: 0x000002cbfebe76b0
Event: 77.106 Thread 0x000002cbfed20240 Thread added: 0x000002cbfebe8a60
Event: 77.578 Thread 0x000002cbfed20240 Thread added: 0x000002cbfebe7d40


Dynamic libraries:
0x00007ff758ee0000 - 0x00007ff758eee000 	C:\Users\ACER\.vscode\extensions\redhat.java-1.56.0-win32-x64\jre\21.0.12.1-win32-x86_64\bin\java.exe
0x00007fffdd620000 - 0x00007fffdd887000 	C:\WINDOWS\SYSTEM32\ntdll.dll
0x00007fffdc090000 - 0x00007fffdc15b000 	C:\WINDOWS\System32\KERNEL32.DLL
0x00007fffdab60000 - 0x00007fffdaf62000 	C:\WINDOWS\System32\KERNELBASE.dll
0x00007fffdb1e0000 - 0x00007fffdb32c000 	C:\WINDOWS\System32\ucrtbase.dll
0x00007fffd1a70000 - 0x00007fffd1a88000 	C:\Users\ACER\.vscode\extensions\redhat.java-1.56.0-win32-x64\jre\21.0.12.1-win32-x86_64\bin\jli.dll
0x00007fffdc3e0000 - 0x00007fffdc5af000 	C:\WINDOWS\System32\USER32.dll
0x00007fffda9a0000 - 0x00007fffda9c7000 	C:\WINDOWS\System32\win32u.dll
0x00007fffdc840000 - 0x00007fffdc86b000 	C:\WINDOWS\System32\GDI32.dll
0x00007fffdb000000 - 0x00007fffdb129000 	C:\WINDOWS\System32\gdi32full.dll
0x00007fffdb130000 - 0x00007fffdb1d3000 	C:\WINDOWS\System32\msvcp_win.dll
0x00007fffcd940000 - 0x00007fffcd95e000 	C:\Users\ACER\.vscode\extensions\redhat.java-1.56.0-win32-x64\jre\21.0.12.1-win32-x86_64\bin\VCRUNTIME140.dll
0x00007fffc71f0000 - 0x00007fffc7480000 	C:\WINDOWS\WinSxS\amd64_microsoft.windows.common-controls_6595b64144ccf1df_6.0.26100.9278_none_3e0d1ba8e3303201\COMCTL32.dll
0x00007fffdc210000 - 0x00007fffdc2b9000 	C:\WINDOWS\System32\msvcrt.dll
0x00007fffdb540000 - 0x00007fffdb571000 	C:\WINDOWS\System32\IMM32.DLL
0x00007fffd50a0000 - 0x00007fffd50ac000 	C:\Users\ACER\.vscode\extensions\redhat.java-1.56.0-win32-x64\jre\21.0.12.1-win32-x86_64\bin\vcruntime140_1.dll
0x00007fffc48e0000 - 0x00007fffc496d000 	C:\Users\ACER\.vscode\extensions\redhat.java-1.56.0-win32-x64\jre\21.0.12.1-win32-x86_64\bin\msvcp140.dll
0x00007fff55520000 - 0x00007fff562c2000 	C:\Users\ACER\.vscode\extensions\redhat.java-1.56.0-win32-x64\jre\21.0.12.1-win32-x86_64\bin\server\jvm.dll
0x00007fffdc2c0000 - 0x00007fffdc37c000 	C:\WINDOWS\System32\ADVAPI32.dll
0x00007fffdc160000 - 0x00007fffdc209000 	C:\WINDOWS\System32\sechost.dll
0x00007fffdc720000 - 0x00007fffdc838000 	C:\WINDOWS\System32\RPCRT4.dll
0x00007fffdb340000 - 0x00007fffdb3c0000 	C:\WINDOWS\System32\WS2_32.dll
0x00007fffda680000 - 0x00007fffda6de000 	C:\WINDOWS\SYSTEM32\POWRPROF.dll
0x00007fffc2e80000 - 0x00007fffc2eb6000 	C:\WINDOWS\SYSTEM32\WINMM.dll
0x00007fffcd070000 - 0x00007fffcd07b000 	C:\WINDOWS\SYSTEM32\VERSION.dll
0x00007fffda660000 - 0x00007fffda675000 	C:\WINDOWS\SYSTEM32\UMPDC.dll
0x00007fffd94f0000 - 0x00007fffd950b000 	C:\WINDOWS\SYSTEM32\kernel.appcore.dll
0x00007fffd5060000 - 0x00007fffd506a000 	C:\Users\ACER\.vscode\extensions\redhat.java-1.56.0-win32-x64\jre\21.0.12.1-win32-x86_64\bin\jimage.dll
0x00007fffc2ed0000 - 0x00007fffc311c000 	C:\WINDOWS\SYSTEM32\DBGHELP.DLL
0x00007fffdcab0000 - 0x00007fffdce35000 	C:\WINDOWS\System32\combase.dll
0x00007fffdc890000 - 0x00007fffdc969000 	C:\WINDOWS\System32\OLEAUT32.dll
0x00007fffad620000 - 0x00007fffad65b000 	C:\WINDOWS\SYSTEM32\dbgcore.DLL
0x00007fffda8e0000 - 0x00007fffda98c000 	C:\WINDOWS\System32\bcryptPrimitives.dll
0x00007fffcd900000 - 0x00007fffcd90f000 	C:\Users\ACER\.vscode\extensions\redhat.java-1.56.0-win32-x64\jre\21.0.12.1-win32-x86_64\bin\instrument.dll
0x00007fffcd720000 - 0x00007fffcd740000 	C:\Users\ACER\.vscode\extensions\redhat.java-1.56.0-win32-x64\jre\21.0.12.1-win32-x86_64\bin\java.dll
0x00007fffdce40000 - 0x00007fffdd5d8000 	C:\WINDOWS\System32\SHELL32.dll
0x00007fffd82c0000 - 0x00007fffd8b6e000 	C:\WINDOWS\SYSTEM32\windows.storage.dll
0x00007fffdb440000 - 0x00007fffdb53b000 	C:\WINDOWS\System32\SHCORE.dll
0x00007fffdb3d0000 - 0x00007fffdb436000 	C:\WINDOWS\System32\shlwapi.dll
0x00007fffda740000 - 0x00007fffda769000 	C:\WINDOWS\SYSTEM32\profapi.dll
0x00007fffcd700000 - 0x00007fffcd718000 	C:\Users\ACER\.vscode\extensions\redhat.java-1.56.0-win32-x64\jre\21.0.12.1-win32-x86_64\bin\zip.dll
0x00007fffd4f90000 - 0x00007fffd4fa0000 	C:\Users\ACER\.vscode\extensions\redhat.java-1.56.0-win32-x64\jre\21.0.12.1-win32-x86_64\bin\net.dll
0x00007fffd23d0000 - 0x00007fffd24fa000 	C:\WINDOWS\SYSTEM32\WINHTTP.dll
0x00007fffd9ab0000 - 0x00007fffd9b1c000 	C:\WINDOWS\system32\mswsock.dll
0x00007fffcc360000 - 0x00007fffcc376000 	C:\Users\ACER\.vscode\extensions\redhat.java-1.56.0-win32-x64\jre\21.0.12.1-win32-x86_64\bin\nio.dll
0x00007fffcd930000 - 0x00007fffcd940000 	C:\Users\ACER\.vscode\extensions\redhat.java-1.56.0-win32-x64\jre\21.0.12.1-win32-x86_64\bin\verify.dll
0x00007fffcae80000 - 0x00007fffcaea7000 	C:\Users\ACER\.gradle\native\660c5614fbf4a5f2a75b1949f50a0caf5cd603558e7d8a26e50b933a0cfb79d1\windows-amd64\native-platform.dll
0x00007fffc4860000 - 0x00007fffc48d7000 	C:\Users\ACER\.gradle\native\0.2.8\x86_64-windows-gnu\gradle-fileevents.dll
0x00007fffcd680000 - 0x00007fffcd68a000 	C:\Users\ACER\.vscode\extensions\redhat.java-1.56.0-win32-x64\jre\21.0.12.1-win32-x86_64\bin\management.dll
0x00007fffcbf80000 - 0x00007fffcbf8c000 	C:\Users\ACER\.vscode\extensions\redhat.java-1.56.0-win32-x64\jre\21.0.12.1-win32-x86_64\bin\management_ext.dll
0x00007fffdbb30000 - 0x00007fffdbb38000 	C:\WINDOWS\System32\PSAPI.DLL
0x00007fffd8ec0000 - 0x00007fffd8ef3000 	C:\WINDOWS\SYSTEM32\IPHLPAPI.DLL
0x00007fffdc9a0000 - 0x00007fffdc9aa000 	C:\WINDOWS\System32\NSI.dll
0x00007fffcd7a0000 - 0x00007fffcd7a9000 	C:\Users\ACER\.vscode\extensions\redhat.java-1.56.0-win32-x64\jre\21.0.12.1-win32-x86_64\bin\extnet.dll
0x00007fffd9da0000 - 0x00007fffd9dbb000 	C:\WINDOWS\SYSTEM32\CRYPTSP.dll
0x00007fffd9450000 - 0x00007fffd9489000 	C:\WINDOWS\system32\rsaenh.dll
0x00007fffd9b60000 - 0x00007fffd9b94000 	C:\WINDOWS\SYSTEM32\USERENV.dll
0x00007fffda710000 - 0x00007fffda73a000 	C:\WINDOWS\SYSTEM32\bcrypt.dll
0x00007fffd9dc0000 - 0x00007fffd9dcc000 	C:\WINDOWS\SYSTEM32\CRYPTBASE.dll
0x00007fffcbf70000 - 0x00007fffcbf7e000 	C:\Users\ACER\.vscode\extensions\redhat.java-1.56.0-win32-x64\jre\21.0.12.1-win32-x86_64\bin\sunmscapi.dll
0x00007fffda9d0000 - 0x00007fffdab4e000 	C:\WINDOWS\System32\CRYPT32.dll
0x00007fffd9fe0000 - 0x00007fffda010000 	C:\WINDOWS\SYSTEM32\ncrypt.dll
0x00007fffd9f90000 - 0x00007fffd9fcf000 	C:\WINDOWS\SYSTEM32\NTASN1.dll
0x00007fffcb7f0000 - 0x00007fffcb7f8000 	C:\WINDOWS\system32\wshunix.dll

JVMTI agents:
C:\Users\ACER\.gradle\wrapper\dists\gradle-9.7.1-bin\1w1c7tv4s851m17nbqdsro2tv\gradle-9.7.1\lib\agents\gradle-instrumentation-agent-9.7.1.jar path:C:\Users\ACER\.vscode\extensions\redhat.java-1.56.0-win32-x64\jre\21.0.12.1-win32-x86_64\bin\instrument.dll, loaded, initialized, instrumentlib options:none

dbghelp: loaded successfully - version: 4.0.5 - missing functions: none
symbol engine: initialized successfully - sym options: 0x614 - pdb path: .;C:\Users\ACER\.vscode\extensions\redhat.java-1.56.0-win32-x64\jre\21.0.12.1-win32-x86_64\bin;C:\WINDOWS\SYSTEM32;C:\WINDOWS\WinSxS\amd64_microsoft.windows.common-controls_6595b64144ccf1df_6.0.26100.9278_none_3e0d1ba8e3303201;C:\Users\ACER\.vscode\extensions\redhat.java-1.56.0-win32-x64\jre\21.0.12.1-win32-x86_64\bin\server;C:\Users\ACER\.gradle\native\660c5614fbf4a5f2a75b1949f50a0caf5cd603558e7d8a26e50b933a0cfb79d1\windows-amd64;C:\Users\ACER\.gradle\native\0.2.8\x86_64-windows-gnu

VM Arguments:
jvm_args: --add-opens=java.base/java.lang=ALL-UNNAMED --add-opens=java.base/java.lang.invoke=ALL-UNNAMED --add-opens=java.base/java.util=ALL-UNNAMED --add-opens=java.prefs/java.util.prefs=ALL-UNNAMED --add-exports=jdk.compiler/com.sun.tools.javac.api=ALL-UNNAMED --add-exports=jdk.compiler/com.sun.tools.javac.util=ALL-UNNAMED --add-opens=java.base/java.nio.charset=ALL-UNNAMED --add-opens=java.base/java.net=ALL-UNNAMED --add-opens=java.base/java.util.concurrent=ALL-UNNAMED --add-opens=java.base/java.util.concurrent.atomic=ALL-UNNAMED --add-opens=java.xml/javax.xml.namespace=ALL-UNNAMED --add-opens=java.base/java.time=ALL-UNNAMED -XX:MaxMetaspaceSize=384m -XX:+HeapDumpOnOutOfMemoryError -Xms256m -Xmx512m -Dfile.encoding=UTF-8 -Duser.country=CO -Duser.language=es -Duser.variant -javaagent:C:\Users\ACER\.gradle\wrapper\dists\gradle-9.7.1-bin\1w1c7tv4s851m17nbqdsro2tv\gradle-9.7.1\lib\agents\gradle-instrumentation-agent-9.7.1.jar 
java_command: org.gradle.launcher.daemon.bootstrap.GradleDaemon 9.7.1
java_class_path (initial): C:\Users\ACER\.gradle\wrapper\dists\gradle-9.7.1-bin\1w1c7tv4s851m17nbqdsro2tv\gradle-9.7.1\lib\gradle-daemon-main-9.7.1.jar
Launcher Type: SUN_STANDARD

[Global flags]
     intx CICompilerCount                          = 3                                         {product} {ergonomic}
   size_t CompressedClassSpaceSize                 = 335544320                                 {product} {ergonomic}
     uint ConcGCThreads                            = 1                                         {product} {ergonomic}
     uint G1ConcRefinementThreads                  = 4                                         {product} {ergonomic}
   size_t G1HeapRegionSize                         = 1048576                                   {product} {ergonomic}
    uintx GCDrainStackTargetSize                   = 64                                        {product} {ergonomic}
     bool HeapDumpOnOutOfMemoryError               = true                                   {manageable} {command line}
   size_t InitialHeapSize                          = 268435456                                 {product} {command line}
   size_t MarkStackSize                            = 4194304                                   {product} {ergonomic}
   size_t MaxHeapSize                              = 536870912                                 {product} {command line}
   size_t MaxMetaspaceSize                         = 402653184                                 {product} {command line}
   size_t MaxNewSize                               = 321912832                                 {product} {ergonomic}
   size_t MinHeapDeltaBytes                        = 1048576                                   {product} {ergonomic}
   size_t MinHeapSize                              = 268435456                                 {product} {command line}
    uintx NonNMethodCodeHeapSize                   = 5832780                                {pd product} {ergonomic}
    uintx NonProfiledCodeHeapSize                  = 122912730                              {pd product} {ergonomic}
    uintx ProfiledCodeHeapSize                     = 122912730                              {pd product} {ergonomic}
    uintx ReservedCodeCacheSize                    = 251658240                              {pd product} {ergonomic}
     bool SegmentedCodeCache                       = true                                      {product} {ergonomic}
   size_t SoftMaxHeapSize                          = 536870912                              {manageable} {ergonomic}
     bool UseCompressedOops                        = true                           {product lp64_product} {ergonomic}
     bool UseG1GC                                  = true                                      {product} {ergonomic}
     bool UseLargePagesIndividualAllocation        = false                                  {pd product} {ergonomic}

Logging:
Log output configuration:
 #0: stdout all=warning uptime,level,tags foldmultilines=false
 #1: stderr all=off uptime,level,tags foldmultilines=false

Release file:
JAVA_VERSION="21.0.12.1" 
MODULES="java.base java.compiler java.datatransfer java.xml java.prefs java.desktop java.instrument java.logging java.management java.security.sasl java.naming java.rmi java.management.rmi java.net.http java.scripting java.security.jgss java.transaction.xa java.sql java.sql.rowset java.xml.crypto java.se java.smartcardio jdk.accessibility jdk.internal.jvmstat jdk.attach jdk.charsets jdk.internal.opt jdk.zipfs jdk.compiler jdk.crypto.ec jdk.crypto.cryptoki jdk.crypto.mscapi jdk.dynalink jdk.internal.ed jdk.editpad jdk.hotspot.agent jdk.httpserver jdk.internal.le jdk.internal.vm.ci jdk.internal.vm.compiler jdk.internal.vm.compiler.management jdk.jartool jdk.javadoc jdk.jcmd jdk.management jdk.management.agent jdk.jconsole jdk.jdeps jdk.jdwp.agent jdk.jdi jdk.jfr jdk.jshell jdk.jsobject jdk.jstatd jdk.localedata jdk.management.jfr jdk.naming.dns jdk.naming.rmi jdk.net jdk.nio.mapmode jdk.random jdk.sctp jdk.security.auth jdk.security.jgss jdk.unsupported jdk.unsupported.desktop jdk.xml.dom" 

Environment Variables:
JAVA_HOME=C:\Program Files\Java\jdk-23
PATH=C:\wamp64\bin\php\php8.2.29;C:\Program Files\Common Files\Oracle\Java\javapath;C:\Program Files (x86)\Intel\iCLS Client\;C:\Program Files\Intel\iCLS Client\;C:\WINDOWS\system32;C:\WINDOWS;C:\WINDOWS\System32\Wbem;C:\WINDOWS\System32\WindowsPowerShell\v1.0\;C:\WINDOWS\System32\OpenSSH\;C:\Program Files (x86)\Intel\Intel(R) Management Engine Components\DAL;C:\Program Files\Intel\Intel(R) Management Engine Components\DAL;C:\Program Files (x86)\Intel\Intel(R) Management Engine Components\IPT;C:\Program Files\Intel\Intel(R) Management Engine Components\IPT;C:\ProgramData\ComposerSetup\bin;C:\Program Files\nodejs\;C:\Program Files\Git\cmd;C:\Users\ACER\.config\herd-lite\bin;C:\Users\ACER\AppData\Local\Programs\Python\Python313\Scripts\;C:\Users\ACER\AppData\Local\Programs\Python\Python313\;C:\Users\ACER\AppData\Local\Programs\Python\Launcher\;C:\Users\ACER\AppData\Local\Microsoft\WindowsApps;C:\Users\ACER\AppData\Local\Programs\Microsoft VS Code\bin;C:\Users\ACER\AppData\Roaming\Composer\vendor\bin;C:\wamp64\bin\php\php8.2.29;C:\Users\ACER\AppData\Roaming\npm;C:\Users\ACER\AppData\Local\Microsoft\WindowsApps;C:\Program Files\Java\jdk-23\bin;
USERNAME=ACER
OS=Windows_NT
PROCESSOR_IDENTIFIER=Intel64 Family 6 Model 142 Stepping 10, GenuineIntel
TMP=C:\Users\ACER\AppData\Local\Temp
TEMP=C:\Users\ACER\AppData\Local\Temp




Periodic native trim disabled

---------------  S Y S T E M  ---------------

OS:
 Windows 11 , 64 bit Build 26100 (10.0.26100.9444)
OS uptime: 0 days 1:20 hours

CPU: total 4 (initial active 4) (2 cores per cpu, 2 threads per core) family 6 model 142 stepping 10 microcode 0xe0, cx8, cmov, fxsr, ht, mmx, 3dnowpref, sse, sse2, sse3, ssse3, sse4.1, sse4.2, popcnt, lzcnt, tsc, tscinvbit, avx, avx2, aes, erms, clmul, bmi1, bmi2, adx, fma, vzeroupper, clflush, clflushopt, rdtscp, f16c
Processor Information for the first 4 processors :
  Max Mhz: 2208, Current Mhz: 2208, Mhz Limit: 2208

Memory: 4k page, system-wide physical 3973M (22M free)
TotalPageFile size 16261M (AvailPageFile size 1127M)
current process WorkingSet (physical memory assigned to process): 50M, peak: 100M
current process commit charge ("private bytes"): 384M, peak: 384M

vm_info: OpenJDK 64-Bit Server VM (21.0.12.1+1-LTS) for windows-amd64 JRE (21.0.12.1+1-LTS), built on 2026-08-18T00:00:00Z by "admin" with MS VC++ 17.12 (VS2022)

END.
