#
# There is insufficient memory for the Java Runtime Environment to continue.
# Native memory allocation (mmap) failed to map 65536 bytes. Error detail: Failed to commit metaspace.
# Possible reasons:
#   The system is out of physical RAM or swap space
#   This process is running with CompressedOops enabled, and the Java Heap may be blocking the growth of the native heap
# Possible solutions:
#   Reduce memory load on the system
#   Increase physical memory or swap space
#   Check if swap backing store is full
#   Decrease Java heap size (-Xmx/-Xms)
#   Decrease number of Java threads
#   Decrease Java thread stack sizes (-Xss)
#   Set larger code cache with -XX:ReservedCodeCacheSize=
#   JVM is running with Unscaled Compressed Oops mode in which the Java heap is
#     placed in the first 4GB address space. The Java Heap base address is the
#     maximum limit for the native heap growth. Please use -XX:HeapBaseMinAddress
#     to set the Java Heap base and to place the Java Heap above 4GB virtual address.
# This output file may be truncated or incomplete.
#
#  Out of Memory Error (virtualSpaceNode.cpp:113), pid=2628, tid=18616
#
# JRE version: OpenJDK Runtime Environment Temurin-21.0.12.1+1 (21.0.12.1+1) (build 21.0.12.1+1-LTS)
# Java VM: OpenJDK 64-Bit Server VM Temurin-21.0.12.1+1 (21.0.12.1+1-LTS, mixed mode, sharing, tiered, compressed oops, compressed class ptrs, g1 gc, windows-amd64)
# No core dump will be written. Minidumps are not enabled by default on client versions of Windows
#

---------------  S U M M A R Y ------------

Command Line: --add-opens=java.base/java.lang=ALL-UNNAMED --add-opens=java.base/java.lang.invoke=ALL-UNNAMED --add-opens=java.base/java.util=ALL-UNNAMED --add-opens=java.prefs/java.util.prefs=ALL-UNNAMED --add-exports=jdk.compiler/com.sun.tools.javac.api=ALL-UNNAMED --add-exports=jdk.compiler/com.sun.tools.javac.util=ALL-UNNAMED --add-opens=java.base/java.nio.charset=ALL-UNNAMED --add-opens=java.base/java.net=ALL-UNNAMED --add-opens=java.base/java.util.concurrent=ALL-UNNAMED --add-opens=java.base/java.util.concurrent.atomic=ALL-UNNAMED --add-opens=java.xml/javax.xml.namespace=ALL-UNNAMED --add-opens=java.base/java.time=ALL-UNNAMED -XX:MaxMetaspaceSize=384m -XX:+HeapDumpOnOutOfMemoryError -Xms256m -Xmx512m -Dfile.encoding=UTF-8 -Duser.country=CO -Duser.language=es -Duser.variant -javaagent:C:\Users\ACER\.gradle\wrapper\dists\gradle-9.7.1-bin\1w1c7tv4s851m17nbqdsro2tv\gradle-9.7.1\lib\agents\gradle-instrumentation-agent-9.7.1.jar org.gradle.launcher.daemon.bootstrap.GradleDaemon 9.7.1

Host: Intel(R) Core(TM) i3-8130U CPU @ 2.20GHz, 4 cores, 3G,  Windows 11 , 64 bit Build 26100 (10.0.26100.9444)
Time: Wed Sep 23 06:50:47 2026 Hora est. Pacífico, Sudamérica elapsed time: 153.932880 seconds (0d 0h 2m 33s)

---------------  T H R E A D  ---------------

Current thread (0x0000012cdf635ef0):  JavaThread "VFS cleanup"        [_thread_in_vm, id=18616, stack(0x0000000356d00000,0x0000000356e00000) (1024K)]

Stack: [0x0000000356d00000,0x0000000356e00000]
Native frames: (J=compiled Java code, j=interpreted, Vv=VM code, C=native code)
V  [jvm.dll+0x6d83e9]
V  [jvm.dll+0x8b5736]
V  [jvm.dll+0x8b7cee]
V  [jvm.dll+0x8b83d3]
V  [jvm.dll+0x284596]
V  [jvm.dll+0x8b147e]
V  [jvm.dll+0x679ad4]
V  [jvm.dll+0x1e849b]
V  [jvm.dll+0x1e825e]
V  [jvm.dll+0x67c3d2]
V  [jvm.dll+0x67c202]
V  [jvm.dll+0x67a4ae]
V  [jvm.dll+0x281467]
V  [jvm.dll+0x72e6df]
V  [jvm.dll+0x72f21f]
V  [jvm.dll+0x3ccb91]
V  [jvm.dll+0x3cb967]
V  [jvm.dll+0x3cb908]
V  [jvm.dll+0x3dd3aa]
C  0x0000012cb98da234

The last pc belongs to new (printed below).
Java frames: (J=compiled Java code, j=interpreted, Vv=VM code)
j  org.gradle.cache.internal.DefaultCacheCoordinator.<init>(Ljava/lang/String;Ljava/io/File;Lorg/gradle/cache/LockOptions;Ljava/io/File;Lorg/gradle/cache/FileLockManager;Lorg/gradle/cache/internal/CacheInitializationAction;Lorg/gradle/cache/internal/CacheCleanupExecutor;Lorg/gradle/internal/concurrent/ExecutorFactory;)V+213
j  org.gradle.cache.internal.DefaultPersistentDirectoryStore.createCacheAccess()Lorg/gradle/cache/internal/DefaultCacheCoordinator;+36
j  org.gradle.cache.internal.DefaultPersistentDirectoryStore.open()Lorg/gradle/cache/internal/DefaultPersistentDirectoryStore;+9
j  org.gradle.cache.internal.DefaultPersistentDirectoryStore.open()Lorg/gradle/cache/internal/ReferencablePersistentCache;+1
j  org.gradle.cache.internal.DefaultCacheFactory.openPersistentCache(Ljava/io/File;Ljava/lang/String;Ljava/util/Map;Lorg/gradle/cache/LockOptions;Ljava/util/function/Consumer;Lorg/gradle/cache/CacheCleanupStrategy;)Lorg/gradle/cache/PersistentCache;+85
j  org.gradle.cache.internal.DefaultCacheFactory.lambda$open$0(Ljava/io/File;Ljava/lang/String;Ljava/util/Map;Lorg/gradle/cache/LockOptions;Ljava/util/function/Consumer;Lorg/gradle/cache/CacheCleanupStrategy;)Lorg/gradle/cache/PersistentCache;+10
j  org.gradle.cache.internal.DefaultCacheFactory$$Lambda+0x0000012cc623f980.get()Ljava/lang/Object;+28
j  org.gradle.cache.internal.DefaultCacheFactory.openDirCacheReference(Ljava/lang/Class;Ljava/io/File;Ljava/util/Map;Lorg/gradle/cache/LockOptions;Ljava/util/function/Supplier;)Lorg/gradle/cache/internal/DefaultCacheFactory$DirCacheReference;+22
j  org.gradle.cache.internal.DefaultCacheFactory.open(Ljava/io/File;Ljava/lang/String;Ljava/util/Map;Lorg/gradle/cache/LockOptions;Ljava/util/function/Consumer;Lorg/gradle/cache/CacheCleanupStrategy;)Lorg/gradle/cache/PersistentCache;+31
j  org.gradle.cache.internal.DefaultCacheBuilder.open()Lorg/gradle/cache/PersistentCache;+28
j  org.gradle.cache.internal.DefaultGeneratedGradleJarCache.<init>(Lorg/gradle/cache/scopes/GlobalScopedCacheBuilderFactory;Ljava/lang/String;)V+28
j  org.gradle.internal.service.scopes.GradleUserHomeScopeServices.createGeneratedGradleJarCache(Lorg/gradle/cache/scopes/GlobalScopedCacheBuilderFactory;)Lorg/gradle/cache/internal/DefaultGeneratedGradleJarCache;+13
j  java.lang.invoke.LambdaForm$DMH+0x0000012cc603e400.invokeVirtual(Ljava/lang/Object;Ljava/lang/Object;Ljava/lang/Object;)Ljava/lang/Object;+11 java.base@21.0.12.1
j  java.lang.invoke.LambdaForm$MH+0x0000012cc603f000.invoke(Ljava/lang/Object;Ljava/lang/Object;Ljava/lang/Object;)Ljava/lang/Object;+52 java.base@21.0.12.1
J 2502 c1 jdk.internal.reflect.DirectMethodHandleAccessor.invoke(Ljava/lang/Object;[Ljava/lang/Object;)Ljava/lang/Object; java.base@21.0.12.1 (92 bytes) @ 0x0000012cb284923c [0x0000012cb2847a40+0x00000000000017fc]
j  java.lang.reflect.Method.invoke(Ljava/lang/Object;[Ljava/lang/Object;)Ljava/lang/Object;+102 java.base@21.0.12.1
j  org.gradle.internal.reflect.JavaMethod.invoke(Ljava/lang/Object;[Ljava/lang/Object;)Ljava/lang/Object;+6
j  org.gradle.internal.service.ReflectionBasedServiceMethod.invoke(Ljava/lang/Object;[Ljava/lang/Object;)Ljava/lang/Object;+6
j  org.gradle.internal.service.DefaultServiceRegistry$FactoryMethodService.invokeMethod([Ljava/lang/Object;)Ljava/lang/Object;+28
j  org.gradle.internal.service.DefaultServiceRegistry$FactoryService.createServiceInstance()Ljava/lang/Object;+7
j  org.gradle.internal.service.DefaultServiceRegistry$FactoryMethodService.createServiceInstance()Ljava/lang/Object;+1
J 2692 c1 org.gradle.internal.service.DefaultServiceRegistry$ManagedObjectServiceProvider.getInstance()Ljava/lang/Object; (44 bytes) @ 0x0000012cb28b3f0c [0x0000012cb28b3d60+0x00000000000001ac]
J 2691 c1 org.gradle.internal.service.DefaultServiceRegistry$SingletonService.get()Ljava/lang/Object; (5 bytes) @ 0x0000012cb28b3a3c [0x0000012cb28b39c0+0x000000000000007c]
j  org.gradle.internal.service.DefaultServiceRegistry.getCollectionService(Ljava/lang/Class;Lorg/gradle/internal/service/ServiceAccessToken;Lorg/gradle/internal/service/ServiceProvider;)Lorg/gradle/internal/service/Service;+79
j  org.gradle.internal.service.DefaultServiceRegistry.getCollectionService(Ljava/lang/reflect/Type;Lorg/gradle/internal/service/ServiceAccessToken;Lorg/gradle/internal/service/ServiceProvider;)Lorg/gradle/internal/service/Service;+15
j  org.gradle.internal.service.DefaultServiceRegistry.find(Ljava/lang/reflect/Type;Lorg/gradle/internal/service/ServiceAccessToken;Lorg/gradle/internal/service/ServiceProvider;)Lorg/gradle/internal/service/Service;+55
j  org.gradle.internal.service.DefaultServiceRegistry.access$2300(Ljava/lang/reflect/Type;Lorg/gradle/internal/service/ServiceAccessToken;Lorg/gradle/internal/service/ServiceProvider;)Lorg/gradle/internal/service/Service;+3
j  org.gradle.internal.service.DefaultServiceRegistry$FactoryService.bind()V+214
J 2690 c1 org.gradle.internal.service.DefaultServiceRegistry$SingletonService.prepare()Lorg/gradle/internal/service/Service; (111 bytes) @ 0x0000012cb28b2984 [0x0000012cb28b2740+0x0000000000000244]
j  org.gradle.internal.service.DefaultServiceRegistry$SingletonService.getService(Ljava/lang/reflect/Type;Lorg/gradle/internal/service/ServiceAccessToken;)Lorg/gradle/internal/service/Service;+29
j  org.gradle.internal.service.DefaultServiceRegistry$OwnServices.getService(Ljava/lang/reflect/Type;Lorg/gradle/internal/service/ServiceAccessToken;)Lorg/gradle/internal/service/Service;+42
j  org.gradle.internal.service.DefaultServiceRegistry$CompositeServiceProvider.getService(Ljava/lang/reflect/Type;Lorg/gradle/internal/service/ServiceAccessToken;)Lorg/gradle/internal/service/Service;+29
j  org.gradle.internal.service.DefaultServiceRegistry.find(Ljava/lang/reflect/Type;Lorg/gradle/internal/service/ServiceAccessToken;Lorg/gradle/internal/service/ServiceProvider;)Lorg/gradle/internal/service/Service;+93
j  org.gradle.internal.service.DefaultServiceRegistry.access$2300(Ljava/lang/reflect/Type;Lorg/gradle/internal/service/ServiceAccessToken;Lorg/gradle/internal/service/ServiceProvider;)Lorg/gradle/internal/service/Service;+3
j  org.gradle.internal.service.DefaultServiceRegistry$FactoryService.bind()V+214
J 2690 c1 org.gradle.internal.service.DefaultServiceRegistry$SingletonService.prepare()Lorg/gradle/internal/service/Service; (111 bytes) @ 0x0000012cb28b2984 [0x0000012cb28b2740+0x0000000000000244]
j  org.gradle.internal.service.DefaultServiceRegistry$SingletonService.getService(Ljava/lang/reflect/Type;Lorg/gradle/internal/service/ServiceAccessToken;)Lorg/gradle/internal/service/Service;+29
j  org.gradle.internal.service.DefaultServiceRegistry$OwnServices.getService(Ljava/lang/reflect/Type;Lorg/gradle/internal/service/ServiceAccessToken;)Lorg/gradle/internal/service/Service;+42
j  org.gradle.internal.service.DefaultServiceRegistry$CompositeServiceProvider.getService(Ljava/lang/reflect/Type;Lorg/gradle/internal/service/ServiceAccessToken;)Lorg/gradle/internal/service/Service;+29
j  org.gradle.internal.service.DefaultServiceRegistry.find(Ljava/lang/reflect/Type;Lorg/gradle/internal/service/ServiceAccessToken;Lorg/gradle/internal/service/ServiceProvider;)Lorg/gradle/internal/service/Service;+93
j  org.gradle.internal.service.DefaultServiceRegistry.access$2300(Ljava/lang/reflect/Type;Lorg/gradle/internal/service/ServiceAccessToken;Lorg/gradle/internal/service/ServiceProvider;)Lorg/gradle/internal/service/Service;+3
j  org.gradle.internal.service.DefaultServiceRegistry$FactoryService.bind()V+214
J 2690 c1 org.gradle.internal.service.DefaultServiceRegistry$SingletonService.prepare()Lorg/gradle/internal/service/Service; (111 bytes) @ 0x0000012cb28b2984 [0x0000012cb28b2740+0x0000000000000244]
j  org.gradle.internal.service.DefaultServiceRegistry$SingletonService.getService(Ljava/lang/reflect/Type;Lorg/gradle/internal/service/ServiceAccessToken;)Lorg/gradle/internal/service/Service;+29
j  org.gradle.internal.service.DefaultServiceRegistry$OwnServices.getService(Ljava/lang/reflect/Type;Lorg/gradle/internal/service/ServiceAccessToken;)Lorg/gradle/internal/service/Service;+42
j  org.gradle.internal.service.DefaultServiceRegistry$CompositeServiceProvider.getService(Ljava/lang/reflect/Type;Lorg/gradle/internal/service/ServiceAccessToken;)Lorg/gradle/internal/service/Service;+29
j  org.gradle.internal.service.DefaultServiceRegistry.find(Ljava/lang/reflect/Type;Lorg/gradle/internal/service/ServiceAccessToken;Lorg/gradle/internal/service/ServiceProvider;)Lorg/gradle/internal/service/Service;+93
j  org.gradle.internal.service.DefaultServiceRegistry.getService(Ljava/lang/reflect/Type;)Lorg/gradle/internal/service/Service;+10
j  org.gradle.internal.service.DefaultServiceRegistry.find(Ljava/lang/reflect/Type;)Ljava/lang/Object;+9
j  org.gradle.internal.service.DefaultServiceRegistry.get(Ljava/lang/reflect/Type;)Ljava/lang/Object;+2
j  org.gradle.internal.service.DefaultServiceRegistry.get(Ljava/lang/Class;)Ljava/lang/Object;+3
j  org.gradle.launcher.daemon.server.exec.CleanUpVirtualFileSystemAfterBuild.lambda$startAsyncCleanupAfterBuild$1(Lorg/gradle/internal/service/ServiceRegistry;)V+13
j  org.gradle.launcher.daemon.server.exec.CleanUpVirtualFileSystemAfterBuild$$Lambda+0x0000012cc6233890.run()V+4
j  java.util.concurrent.CompletableFuture$AsyncRun.run()V+36 java.base@21.0.12.1
j  org.gradle.internal.concurrent.ExecutorPolicy$CatchAndRecordFailures.onExecute(Ljava/lang/Runnable;)V+1
j  org.gradle.internal.concurrent.AbstractManagedExecutor$1.run()V+25
j  java.util.concurrent.ThreadPoolExecutor.runWorker(Ljava/util/concurrent/ThreadPoolExecutor$Worker;)V+92 java.base@21.0.12.1
j  java.util.concurrent.ThreadPoolExecutor$Worker.run()V+5 java.base@21.0.12.1
j  java.lang.Thread.runWith(Ljava/lang/Object;Ljava/lang/Runnable;)V+5 java.base@21.0.12.1
j  java.lang.Thread.run()V+19 java.base@21.0.12.1
v  ~StubRoutines::call_stub 0x0000012cb98c100d
new  187 new  [0x0000012cb98da0a0, 0x0000012cb98da2a8]  520 bytes
[MachCode]
  0x0000012cb98da0a0: 4883 ec08 | c5fa 1104 | 24eb 1f48 | 83ec 10c5 | fb11 0424 | eb14 4883 | ec10 4889 | 0424 48c7 
  0x0000012cb98da0c0: 4424 0800 | 0000 00eb | 0150 410f | b755 010f | cac1 ea10 | 488b 4de8 | 488b 4908 | 488b 4908 
  0x0000012cb98da0e0: 488b 4108 | 807c 1004 | 070f 85d3 | 0000 0066 | 8b54 d148 | 488b 4928 | 488b 4cd1 | 0851 80b9 
  0x0000012cb98da100: 3101 0000 | 040f 85b6 | 0000 008b | 5108 f6c2 | 010f 85aa | 0000 0049 | 8b87 b801 | 0000 488d 
  0x0000012cb98da120: 1c10 493b | 9fc8 0100 | 000f 8792 | 0000 0049 | 899f b801 | 0000 4883 | ea10 0f84 | 0f00 0000 
  0x0000012cb98da140: 33c9 c1ea | 0348 894c | d008 48ff | ca75 f648 | c700 0100 | 0000 5933 | f689 700c | 49ba 0000 
  0x0000012cb98da160: 00c5 2c01 | 0000 492b | ca89 4808 | 49ba 076d | 1c49 fc7f | 0000 4180 | 3a00 0f84 | 3c00 0000 
  0x0000012cb98da180: 5048 8bc8 | 4883 ec20 | 40f6 c40f | 0f84 1900 | 0000 4883 | ec08 48b8 | 20eb c548 | fc7f 0000 
  0x0000012cb98da1a0: ffd0 4883 | c408 e90c | 0000 0048 | b820 ebc5 | 48fc 7f00 | 00ff d048 | 83c4 2058 | e9cb 0000 
  0x0000012cb98da1c0: 0059 488b | 55e8 488b | 5208 488b | 5208 450f | b745 0141 | 0fc8 41c1 | e810 e805 | 0000 00e9 
  0x0000012cb98da1e0: a800 0000 | 488d 4424 | 084c 896d | c049 8bcf | c5f8 7749 | 89af b003 | 0000 4989 | 87a0 0300 
  0x0000012cb98da200: 0048 83ec | 2040 f6c4 | 0f0f 8419 | 0000 0048 | 83ec 0848 | b820 d38f | 48fc 7f00 | 00ff d048 
  0x0000012cb98da220: 83c4 08e9 | 0c00 0000 | 48b8 20d3 | 8f48 fc7f | 0000 ffd0 | 4883 c420 | 49c7 87a0 | 0300 0000 
  0x0000012cb98da240: 0000 0049 | c787 b003 | 0000 0000 | 0000 49c7 | 87a8 0300 | 0000 0000 | 00c5 f877 | 4983 7f08 
  0x0000012cb98da260: 000f 8405 | 0000 00e9 | 946c feff | 498b 87f8 | 0300 0049 | c787 f803 | 0000 0000 | 0000 4c8b 
  0x0000012cb98da280: 6dc0 4c8b | 75c8 4e8d | 74f5 00c3 | 410f b65d | 0349 83c5 | 0349 ba50 | 351f 49fc | 7f00 0041 
  0x0000012cb98da2a0: ff24 da0f | 1f44 0000 
[/MachCode]

Compiled method (c1) 154048 2502   !   3       jdk.internal.reflect.DirectMethodHandleAccessor::invoke (92 bytes)
 total in heap  [0x0000012cb2847510,0x0000012cb284baa0] = 17808
 relocation     [0x0000012cb2847670,0x0000012cb2847a28] = 952
 main code      [0x0000012cb2847a40,0x0000012cb284a340] = 10496
 stub code      [0x0000012cb284a340,0x0000012cb284a470] = 304
 oops           [0x0000012cb284a470,0x0000012cb284a4a8] = 56
 metadata       [0x0000012cb284a4a8,0x0000012cb284a520] = 120
 scopes data    [0x0000012cb284a520,0x0000012cb284aa90] = 1392
 scopes pcs     [0x0000012cb284aa90,0x0000012cb284b0f0] = 1632
 dependencies   [0x0000012cb284b0f0,0x0000012cb284b0f8] = 8
 handler table  [0x0000012cb284b0f8,0x0000012cb284b9c8] = 2256
 nul chk table  [0x0000012cb284b9c8,0x0000012cb284baa0] = 216

[Constant Pool (empty)]

[MachCode]
[Entry Point]
  # {method} {0x0000012cc519cf00} 'invoke' '(Ljava/lang/Object;[Ljava/lang/Object;)Ljava/lang/Object;' in 'jdk/internal/reflect/DirectMethodHandleAccessor'
  # this:     rdx:rdx   = 'jdk/internal/reflect/DirectMethodHandleAccessor'
  # parm0:    r8:r8     = 'java/lang/Object'
  # parm1:    r9:r9     = '[Ljava/lang/Object;'
  #           [sp+0x180]  (sp of caller)
  0x0000012cb2847a40: 448b 5208 | 49bb 0000 | 00c5 2c01 | 0000 4d03 | d34c 3bd0 

  0x0000012cb2847a54: ;   {runtime_call ic_miss_stub}
  0x0000012cb2847a54: 0f85 266d | 0c07 660f | 1f44 0000 
[Verified Entry Point]
  0x0000012cb2847a60: 8984 2400 | 80ff ff55 | 4881 ec70 | 0100 0090 | 4181 7f20 | 0100 0000 

  0x0000012cb2847a78: ;   {runtime_call StubRoutines (final stubs)}
  0x0000012cb2847a78: 7405 e821 | ea0a 0748 | 8994 24b0 | 0000 004c | 8984 24c0 | 0000 004c | 898c 24b8 

  0x0000012cb2847a94: ;   {metadata(method data for {method} {0x0000012cc519cf00} 'invoke' '(Ljava/lang/Object;[Ljava/lang/Object;)Ljava/lang/Object;' in 'jdk/internal/reflect/DirectMethodHandleAccessor')}
  0x0000012cb2847a94: 0000 0048 | bec8 5a9a | da2c 0100 | 008b becc | 0000 0083 | c702 89be | cc00 0000 | 81e7 fe07 
  0x0000012cb2847ab4: 0000 85ff | 0f84 bb22 | 0000 488b 

  0x0000012cb2847ac0: ;   {metadata(method data for {method} {0x0000012cc519cf00} 'invoke' '(Ljava/lang/Object;[Ljava/lang/Object;)Ljava/lang/Object;' in 'jdk/internal/reflect/DirectMethodHandleAccessor')}
  0x0000012cb2847ac0: f248 bfc8 | 5a9a da2c | 0100 0048 | 8387 1001 

  0x0000012cb2847ad0: ;   {metadata(method data for {method} {0x0000012cc53c8780} 'isStatic' '()Z' in 'jdk/internal/reflect/DirectMethodHandleAccessor')}
  0x0000012cb2847ad0: 0000 0148 | be00 5e9a | da2c 0100 | 008b becc | 0000 0083 | c702 89be | cc00 0000 | 81e7 feff 
  0x0000012cb2847af0: 1f00 85ff | 0f84 a022 | 0000 8b72 | 1081 e600 | 0200 0081 | fe00 0200 

  0x0000012cb2847b08: ;   {metadata(method data for {method} {0x0000012cc53c8780} 'isStatic' '()Z' in 'jdk/internal/reflect/DirectMethodHandleAccessor')}
  0x0000012cb2847b08: 0048 be00 | 5e9a da2c | 0100 0048 | c7c7 1001 | 0000 7507 | 48c7 c720 | 0100 0048 | 8b1c 3e48 
  0x0000012cb2847b28: 8d5b 0148 | 891c 3e0f | 851a 0000 

  0x0000012cb2847b34: ;   {metadata(method data for {method} {0x0000012cc53c8780} 'isStatic' '()Z' in 'jdk/internal/reflect/DirectMethodHandleAccessor')}
  0x0000012cb2847b34: 0048 be00 | 5e9a da2c | 0100 00ff | 8630 0100 | 00be 0100 | 0000 e905 | 0000 00be | 0000 0000 
  0x0000012cb2847b54: 83e6 0185 

  0x0000012cb2847b58: ;   {metadata(method data for {method} {0x0000012cc519cf00} 'invoke' '(Ljava/lang/Object;[Ljava/lang/Object;)Ljava/lang/Object;' in 'jdk/internal/reflect/DirectMethodHandleAccessor')}
  0x0000012cb2847b58: f648 bec8 | 5a9a da2c | 0100 0048 | c7c7 4801 | 0000 7507 | 48c7 c758 | 0100 0048 | 8b1c 3e48 
  0x0000012cb2847b78: 8d5b 0148 | 891c 3e0f | 85d5 0000 | 0048 8bf2 

  0x0000012cb2847b88: ;   {metadata(method data for {method} {0x0000012cc519cf00} 'invoke' '(Ljava/lang/Object;[Ljava/lang/Object;)Ljava/lang/Object;' in 'jdk/internal/reflect/DirectMethodHandleAccessor')}
  0x0000012cb2847b88: 48bf c85a | 9ada 2c01 | 0000 4883 | 8768 0100 

  0x0000012cb2847b98: ;   {metadata(method data for {method} {0x0000012cc53c86d0} 'checkReceiver' '(Ljava/lang/Object;)V' in 'jdk/internal/reflect/DirectMethodHandleAccessor')}
  0x0000012cb2847b98: 0001 48be | 6890 36da | 2c01 0000 | 8bbe cc00 | 0000 83c7 | 0289 becc | 0000 0081 | e7fe ff1f 
  0x0000012cb2847bb8: 0085 ff0f | 84fa 2100 | 008b 7214 

  0x0000012cb2847bc4: ; implicit exception: dispatches to 0x0000012cb2849ddc
  0x0000012cb2847bc4: 493b 0049 

  0x0000012cb2847bc8: ;   {metadata(method data for {method} {0x0000012cc53c86d0} 'checkReceiver' '(Ljava/lang/Object;)V' in 'jdk/internal/reflect/DirectMethodHandleAccessor')}
  0x0000012cb2847bc8: 8bf8 48bb | 6890 36da | 2c01 0000 | 4883 8310 | 0100 0001 | 418b 7808 | 49ba 0000 | 00c5 2c01 
  0x0000012cb2847be8: 0000 4903 | fa48 8b7f | 7048 8b3f 

  0x0000012cb2847bf4: ; implicit exception: dispatches to 0x0000012cb2849de1
  0x0000012cb2847bf4: 483b 0648 

  0x0000012cb2847bf8: ;   {metadata(method data for {method} {0x0000012cc53c86d0} 'checkReceiver' '(Ljava/lang/Object;)V' in 'jdk/internal/reflect/DirectMethodHandleAccessor')}
  0x0000012cb2847bf8: 8bde 48b8 | 6890 36da | 2c01 0000 | 4883 8048 | 0100 0001 | 4c8b c748 | 8bd6 0f1f 

  0x0000012cb2847c14: ;   {optimized virtual_call}
  0x0000012cb2847c14: 4400 00e8 

  0x0000012cb2847c18: ; ImmutableOopMap {[176]=Oop [184]=Oop [192]=Oop }
                      ;*invokevirtual isAssignableFrom {reexecute=0 rethrow=0 return_oop=0}
                      ; - jdk.internal.reflect.DirectMethodHandleAccessor::checkReceiver@8
                      ; - jdk.internal.reflect.DirectMethodHandleAccessor::invoke@9
  0x0000012cb2847c18: a4c4 6207 

  0x0000012cb2847c1c: ;   {other}
  0x0000012cb2847c1c: 0f1f 8400 | 0c07 0000 

  0x0000012cb2847c24: ;   {metadata(method data for {method} {0x0000012cc53c86d0} 'checkReceiver' '(Ljava/lang/Object;)V' in 'jdk/internal/reflect/DirectMethodHandleAccessor')}
  0x0000012cb2847c24: 85c0 48ba | 6890 36da | 2c01 0000 | 49c7 c090 | 0100 0074 | 0749 c7c0 | 8001 0000 | 4a8b 3402 
  0x0000012cb2847c44: 488d 7601 | 4a89 3402 | 0f84 bf1f | 0000 488b | 9424 b000 | 0000 448b 

  0x0000012cb2847c5c: ;   {metadata(method data for {method} {0x0000012cc519cf00} 'invoke' '(Ljava/lang/Object;[Ljava/lang/Object;)Ljava/lang/Object;' in 'jdk/internal/reflect/DirectMethodHandleAccessor')}
  0x0000012cb2847c5c: 420c 48be | c85a 9ada | 2c01 0000 | 4883 86a0 | 0100 0001 | 498b d04c | 8b84 24b8 | 0000 000f 
  0x0000012cb2847c7c: ;   {static_call}
  0x0000012cb2847c7c: 1f40 00e8 

  0x0000012cb2847c80: ; ImmutableOopMap {[176]=Oop [184]=Oop [192]=Oop }
                      ;*invokestatic checkArgumentCount {reexecute=0 rethrow=0 return_oop=0}
                      ; - jdk.internal.reflect.DirectMethodHandleAccessor::invoke@17
  0x0000012cb2847c80: 7c55 0000 

  0x0000012cb2847c84: ;   {other}
  0x0000012cb2847c84: 0f1f 8400 | 7407 0001 | 488b 9424 | b000 0000 

  0x0000012cb2847c94: ;   {metadata(method data for {method} {0x0000012cc519cf00} 'invoke' '(Ljava/lang/Object;[Ljava/lang/Object;)Ljava/lang/Object;' in 'jdk/internal/reflect/DirectMethodHandleAccessor')}
  0x0000012cb2847c94: 488b f248 | bfc8 5a9a | da2c 0100 | 0048 8387 | b001 0000 

  0x0000012cb2847ca8: ;   {metadata(method data for {method} {0x0000012cc53c8518} 'invokeImpl' '(Ljava/lang/Object;[Ljava/lang/Object;)Ljava/lang/Object;' in 'jdk/internal/reflect/DirectMethodHandleAccessor')}
  0x0000012cb2847ca8: 0148 be58 | 629a da2c | 0100 008b | becc 0000 | 0083 c702 | 89be cc00 | 0000 81e7 | feff 1f00 
  0x0000012cb2847cc8: 85ff 0f84 | 1621 0000 

  0x0000012cb2847cd0: ;   {metadata(method data for {method} {0x0000012cc53c8518} 'invokeImpl' '(Ljava/lang/Object;[Ljava/lang/Object;)Ljava/lang/Object;' in 'jdk/internal/reflect/DirectMethodHandleAccessor')}
  0x0000012cb2847cd0: 8b72 0c48 | bf58 629a | da2c 0100 | 0048 c7c3 | 1801 0000 | 85f6 488b | c348 c7c3 | 2801 0000 
  0x0000012cb2847cf0: 480f 45d8 | 83fe 0148 | 8bc3 48c7 | c338 0100 | 0048 0f45 | d883 fe02 | 488b c348 | c7c3 4801 
  0x0000012cb2847d10: 0000 480f | 45d8 83fe | 0348 8bc3 | 48c7 c358 | 0100 0048 | 0f45 d848 | 8b04 1f49 | c7c2 0100 
  0x0000012cb2847d30: 0000 4903 | c248 8904 | 1f85 f60f | 8491 1500 | 0083 fe01 | 0f84 6011 | 0000 83fe | 020f 84cf 
  0x0000012cb2847d50: 0a00 0083 | fe03 0f84 | fe03 0000 | 4c8b 8424 | c000 0000 | 8b72 1848 | 89b4 24c8 

  0x0000012cb2847d6c: ;   {metadata(method data for {method} {0x0000012cc53c8518} 'invokeImpl' '(Ljava/lang/Object;[Ljava/lang/Object;)Ljava/lang/Object;' in 'jdk/internal/reflect/DirectMethodHandleAccessor')}
  0x0000012cb2847d6c: 0000 0048 | bf58 629a | da2c 0100 | 0048 8dbf | 9803 0000 | 4d85 c075 | 0ef6 4708 | 0175 53f0 
  0x0000012cb2847d8c: 4883 4f08 | 01eb 4b41 | 8b58 0849 | ba00 0000 | c52c 0100 | 0049 03da | 4c8b d348 | 335f 0848 
  0x0000012cb2847dac: f7c3 fcff | ffff 742a | f6c3 0275 | 2548 f747 | 08fe ffff | ff74 1749 | 8bda 4833 | 5f08 48f7 
  0x0000012cb2847dcc: c3fc ffff | ff74 0b48 | 834f 0802 | eb04 4889 

  0x0000012cb2847ddc: ;   {metadata(method data for {method} {0x0000012cc50ae518} 'invokeExact_MT' '(Ljava/lang/Object;Ljava/lang/Object;Ljava/lang/Object;Ljava/lang/Object;)Ljava/lang/Object;' in 'java/lang/invoke/Invokers$Holder')}
  0x0000012cb2847ddc: 5f08 48bf | 704e 91da | 2c01 0000 | 488d bfb8 | 0200 0048 | 85f6 750a | f607 0175 | 05f0 4883 
  0x0000012cb2847dfc: 0f01 4d85 | c075 0cf6 | 4710 0175 | 06f0 4883 

  0x0000012cb2847e0c: ;   {metadata(method data for {method} {0x0000012cc53c8518} 'invokeImpl' '(Ljava/lang/Object;[Ljava/lang/Object;)Ljava/lang/Object;' in 'jdk/internal/reflect/DirectMethodHandleAccessor')}
  0x0000012cb2847e0c: 4f10 0148 | bf58 629a | da2c 0100 | 0048 8387 | 6003 0000 

  0x0000012cb2847e20: ;   {metadata(method data for {method} {0x0000012cc50ae518} 'invokeExact_MT' '(Ljava/lang/Object;Ljava/lang/Object;Ljava/lang/Object;Ljava/lang/Object;)Ljava/lang/Object;' in 'java/lang/invoke/Invokers$Holder')}
  0x0000012cb2847e20: 0148 bf70 | 4e91 da2c | 0100 008b | 9fcc 0000 | 0083 c302 | 899f cc00 | 0000 81e3 | feff 1f00 
  0x0000012cb2847e40: 85db 0f84 | bf1f 0000 

  0x0000012cb2847e48: ;   {metadata(method data for {method} {0x0000012cc50ae518} 'invokeExact_MT' '(Ljava/lang/Object;Ljava/lang/Object;Ljava/lang/Object;Ljava/lang/Object;)Ljava/lang/Object;' in 'java/lang/invoke/Invokers$Holder')}
  0x0000012cb2847e48: 48bf 704e | 91da 2c01 | 0000 488d | bf90 0100 | 0048 85f6 | 750c f647 | 0801 7506 | f048 834f 
  0x0000012cb2847e68: ;   {oop(a 'java/lang/invoke/MethodType'{0x00000000ead41388} = (Ljava/lang/Object;[Ljava/lang/Object;)Ljava/lang/Object;)}
  0x0000012cb2847e68: 0801 48bb | 8813 d4ea | 0000 0000 | 4885 db75 | 0cf6 4718 | 0175 06f0 | 4883 4f18 

  0x0000012cb2847e84: ;   {metadata(method data for {method} {0x0000012cc50ae518} 'invokeExact_MT' '(Ljava/lang/Object;Ljava/lang/Object;Ljava/lang/Object;Ljava/lang/Object;)Ljava/lang/Object;' in 'java/lang/invoke/Invokers$Holder')}
  0x0000012cb2847e84: 0148 bf70 | 4e91 da2c | 0100 0048 | 8387 8001 

  0x0000012cb2847e94: ;   {metadata(method data for {method} {0x0000012cc53dc408} 'checkExactType' '(Ljava/lang/invoke/MethodHandle;Ljava/lang/invoke/MethodType;)V' in 'java/lang/invoke/Invokers')}
  0x0000012cb2847e94: 0000 0148 | bf48 ba19 | da2c 0100 | 008b 87cc | 0000 0083 | c002 8987 | cc00 0000 | 25fe ff1f 
  0x0000012cb2847eb4: 0085 c00f | 846b 1f00 | 0048 3b06 

  0x0000012cb2847ec0: ;   {metadata(method data for {method} {0x0000012cc53dc408} 'checkExactType' '(Ljava/lang/invoke/MethodHandle;Ljava/lang/invoke/MethodType;)V' in 'java/lang/invoke/Invokers')}
  0x0000012cb2847ec0: 488b fe48 | b848 ba19 | da2c 0100 | 008b 7f08 | 49ba 0000 | 00c5 2c01 | 0000 4903 | fa48 3bb8 
  0x0000012cb2847ee0: 2001 0000 | 750d 4883 | 8028 0100 | 0001 e960 | 0000 0048 | 3bb8 3001 | 0000 750d | 4883 8038 
  0x0000012cb2847f00: 0100 0001 | e94a 0000 | 0048 83b8 | 2001 0000 | 0075 1748 | 89b8 2001 | 0000 48c7 | 8028 0100 
  0x0000012cb2847f20: 0001 0000 | 00e9 2900 | 0000 4883 | b830 0100 | 0000 7517 | 4889 b830 | 0100 0048 | c780 3801 
  0x0000012cb2847f40: 0000 0100 | 0000 e908 | 0000 0048 | 8380 1001 | 0000 018b | 7e10 483b 

  0x0000012cb2847f58: ;   {metadata(method data for {method} {0x0000012cc53dc408} 'checkExactType' '(Ljava/lang/invoke/MethodHandle;Ljava/lang/invoke/MethodType;)V' in 'java/lang/invoke/Invokers')}
  0x0000012cb2847f58: fb48 bb48 | ba19 da2c | 0100 0048 | c7c0 5801 | 0000 7507 | 48c7 c048 | 0100 0048 | 8b0c 0348 
  0x0000012cb2847f78: 8d49 0148 | 890c 030f | 852a 1800 

  0x0000012cb2847f84: ;   {metadata(method data for {method} {0x0000012cc50ae518} 'invokeExact_MT' '(Ljava/lang/Object;Ljava/lang/Object;Ljava/lang/Object;Ljava/lang/Object;)Ljava/lang/Object;' in 'java/lang/invoke/Invokers$Holder')}
  0x0000012cb2847f84: 0048 bf70 | 4e91 da2c | 0100 0048 | 8387 b801 

  0x0000012cb2847f94: ;   {metadata(method data for {method} {0x0000012cc53dc300} 'checkCustomized' '(Ljava/lang/invoke/MethodHandle;)V' in 'java/lang/invoke/Invokers')}
  0x0000012cb2847f94: 0000 0148 | bfa8 d01f | da2c 0100 | 008b 9fcc | 0000 0083 | c302 899f | cc00 0000 | 81e3 feff 
  0x0000012cb2847fb4: 1f00 85db | 0f84 901e 

  0x0000012cb2847fbc: ;   {metadata(method data for {method} {0x0000012cc53dc300} 'checkCustomized' '(Ljava/lang/invoke/MethodHandle;)V' in 'java/lang/invoke/Invokers')}
  0x0000012cb2847fbc: 0000 48bf | a8d0 1fda | 2c01 0000 | 4883 8710 | 0100 0001 

  0x0000012cb2847fd0: ;   {metadata(method data for {method} {0x0000012cc50944d8} 'isCompileConstant' '(Ljava/lang/Object;)Z' in 'java/lang/invoke/MethodHandleImpl')}
  0x0000012cb2847fd0: 48bf 58d2 | 1fda 2c01 | 0000 8b9f | cc00 0000 | 83c3 0289 | 9fcc 0000 | 0081 e3fe | ff1f 0085 
  0x0000012cb2847ff0: db0f 8478 

  0x0000012cb2847ff4: ;   {metadata(method data for {method} {0x0000012cc53dc300} 'checkCustomized' '(Ljava/lang/invoke/MethodHandle;)V' in 'java/lang/invoke/Invokers')}
  0x0000012cb2847ff4: 1e00 0048 | bfa8 d01f | da2c 0100 | 00ff 8720 | 0100 008b | 7e14 8b7f | 1c48 85ff 

  0x0000012cb2848010: ;   {metadata(method data for {method} {0x0000012cc53dc300} 'checkCustomized' '(Ljava/lang/invoke/MethodHandle;)V' in 'java/lang/invoke/Invokers')}
  0x0000012cb2848010: 48bf a8d0 | 1fda 2c01 | 0000 48c7 | c340 0100 | 0075 0748 | c7c3 5001 | 0000 488b | 041f 488d 
  0x0000012cb2848030: 4001 4889 | 041f 0f85 | 2800 0000 

  0x0000012cb284803c: ;   {metadata(method data for {method} {0x0000012cc53dc300} 'checkCustomized' '(Ljava/lang/invoke/MethodHandle;)V' in 'java/lang/invoke/Invokers')}
  0x0000012cb284803c: 48bf a8d0 | 1fda 2c01 | 0000 4883 | 8760 0100 | 0001 488b | d666 0f1f 

  0x0000012cb2848054: ;   {static_call}
  0x0000012cb2848054: 4400 00e8 

  0x0000012cb2848058: ; ImmutableOopMap {[176]=Oop [184]=Oop [192]=Oop [200]=Oop }
                      ;*invokestatic maybeCustomize {reexecute=0 rethrow=0 return_oop=0}
                      ; - java.lang.invoke.Invokers::checkCustomized@19
                      ; - java.lang.invoke.Invokers$Holder::invokeExact_MT@14
                      ; - jdk.internal.reflect.DirectMethodHandleAccessor::invokeImpl@104
                      ; - jdk.internal.reflect.DirectMethodHandleAccessor::invoke@23
  0x0000012cb2848058: e42d e2ff 

  0x0000012cb284805c: ;   {other}
  0x0000012cb284805c: 0f1f 8400 | 4c0b 0002 | 4c8b 8c24 | b800 0000 | 4c8b 8424 | c000 0000 

  0x0000012cb2848074: ;   {metadata(method data for {method} {0x0000012cc50ae518} 'invokeExact_MT' '(Ljava/lang/Object;Ljava/lang/Object;Ljava/lang/Object;Ljava/lang/Object;)Ljava/lang/Object;' in 'java/lang/invoke/Invokers$Holder')}
  0x0000012cb2848074: 48ba 704e | 91da 2c01 | 0000 488d | 9218 0200 | 004d 85c0 | 750c f642 | 0801 7506 | f048 834a 
  0x0000012cb2848094: 0801 4d85 | c975 0cf6 | 4218 0175 | 06f0 4883 | 4a18 0148 | 8bb4 24c8 

  0x0000012cb28480ac: ;   {metadata(method data for {method} {0x0000012cc50ae518} 'invokeExact_MT' '(Ljava/lang/Object;Ljava/lang/Object;Ljava/lang/Object;Ljava/lang/Object;)Ljava/lang/Object;' in 'java/lang/invoke/Invokers$Holder')}
  0x0000012cb28480ac: 0000 0048 | ba70 4e91 | da2c 0100 | 0048 8382 | e001 0000 | 0148 8b94 | 24c8 0000 | 0066 0f1f 
  0x0000012cb28480cc: ;   {optimized virtual_call}
  0x0000012cb28480cc: 4400 00e8 

  0x0000012cb28480d0: ; ImmutableOopMap {[176]=Oop }
                      ;*invokevirtual invokeBasic {reexecute=0 rethrow=0 return_oop=0}
                      ; - java.lang.invoke.Invokers$Holder::invokeExact_MT@20
                      ; - jdk.internal.reflect.DirectMethodHandleAccessor::invokeImpl@104
                      ; - jdk.internal.reflect.DirectMethodHandleAccessor::invoke@23
  0x0000012cb28480d0: 2ca4 6207 

  0x0000012cb28480d4: ;   {other}
  0x0000012cb28480d4: 0f1f 8400 | c40b 0003 

  0x0000012cb28480dc: ;   {metadata(method data for {method} {0x0000012cc53c8518} 'invokeImpl' '(Ljava/lang/Object;[Ljava/lang/Object;)Ljava/lang/Object;' in 'jdk/internal/reflect/DirectMethodHandleAccessor')}
  0x0000012cb28480dc: 48ba 5862 | 9ada 2c01 | 0000 488d | 92b8 0300 | 0048 85c0 | 750c f602 | 0175 4df0 | 4883 0a01 
  0x0000012cb28480fc: eb46 8b70 | 0849 ba00 | 0000 c52c | 0100 0049 | 03f2 4c8b | d648 3332 | 48f7 c6fc | ffff ff74 
  0x0000012cb284811c: 2740 f6c6 | 0275 2148 | f702 feff | ffff 7415 | 498b f248 | 3332 48f7 | c6fc ffff | ff74 0948 
  0x0000012cb284813c: 830a 02eb | 0348 8932 | 4881 c470 | 0100 005d 

  0x0000012cb284814c: ;   {poll_return}
  0x0000012cb284814c: 493b a750 | 0400 000f | 873c 1d00 | 00c3 4c8b | 8c24 b800 | 0000 4c8b | 8424 c000 | 0000 8b72 
  0x0000012cb284816c: 1848 89b4 | 24d8 0000 | 0041 8379 | 0c00 0f86 | 351d 0000 | 418b 7910 | 4889 bc24 | d000 0000 
  0x0000012cb284818c: 4183 790c | 010f 8630 | 1d00 0041 | 8b59 1448 | 899c 24e0 | 0000 0041 | 8379 0c02 | 0f86 2b1d 
  0x0000012cb28481ac: 0000 418b | 4118 4889 | 8424 e800 

  0x0000012cb28481b8: ;   {metadata(method data for {method} {0x0000012cc53c8518} 'invokeImpl' '(Ljava/lang/Object;[Ljava/lang/Object;)Ljava/lang/Object;' in 'jdk/internal/reflect/DirectMethodHandleAccessor')}
  0x0000012cb28481b8: 0000 48b9 | 5862 9ada | 2c01 0000 | 488d 8918 | 0300 004d | 85c0 750e | f641 0801 | 7554 f048 
  0x0000012cb28481d8: 8349 0801 | eb4c 458b | 4808 49ba | 0000 00c5 | 2c01 0000 | 4d03 ca4d | 8bd1 4c33 | 4908 49f7 
  0x0000012cb28481f8: c1fc ffff | ff74 2b41 | f6c1 0275 | 2548 f741 | 08fe ffff | ff74 174d | 8bca 4c33 | 4908 49f7 
  0x0000012cb2848218: c1fc ffff | ff74 0b48 | 8349 0802 | eb04 4c89 

  0x0000012cb2848228: ;   {metadata(method data for {method} {0x0000012cda7122b8} 'invokeExact_MT' '(Ljava/lang/Object;Ljava/lang/Object;Ljava/lang/Object;Ljava/lang/Object;Ljava/lang/Object;Ljava/lang/Object;)Ljava/lang/Object;' in 'java/lang/invoke/LambdaForm$MH+0x0000012cc60f1000')}
  0x0000012cb2848228: 4908 48b9 | 1825 71da | 2c01 0000 | 488d 89c8 | 0200 0048 | 85f6 750c | f601 0175 | 4ef0 4883 
  0x0000012cb2848248: 0901 eb47 | 448b 4e08 | 49ba 0000 | 00c5 2c01 | 0000 4d03 | ca4d 8bd1 | 4c33 0949 | f7c1 fcff 
  0x0000012cb2848268: ffff 7427 | 41f6 c102 | 7521 48f7 | 01fe ffff | ff74 154d | 8bca 4c33 | 0949 f7c1 | fcff ffff 
  0x0000012cb2848288: 7409 4883 | 0902 eb03 | 4c89 094d | 85c0 750e | f641 1001 | 7554 f048 | 8349 1001 | eb4c 458b 
  0x0000012cb28482a8: 4808 49ba | 0000 00c5 | 2c01 0000 | 4d03 ca4d | 8bd1 4c33 | 4910 49f7 | c1fc ffff | ff74 2b41 
  0x0000012cb28482c8: f6c1 0275 | 2548 f741 | 10fe ffff | ff74 174d | 8bca 4c33 | 4910 49f7 | c1fc ffff | ff74 0b48 
  0x0000012cb28482e8: 8349 1002 | eb04 4c89 

  0x0000012cb28482f0: ;   {metadata(method data for {method} {0x0000012cc53c8518} 'invokeImpl' '(Ljava/lang/Object;[Ljava/lang/Object;)Ljava/lang/Object;' in 'jdk/internal/reflect/DirectMethodHandleAccessor')}
  0x0000012cb28482f0: 4910 48b9 | 5862 9ada | 2c01 0000 | 4883 81e0 | 0200 0001 

  0x0000012cb2848304: ;   {metadata(method data for {method} {0x0000012cda7122b8} 'invokeExact_MT' '(Ljava/lang/Object;Ljava/lang/Object;Ljava/lang/Object;Ljava/lang/Object;Ljava/lang/Object;Ljava/lang/Object;)Ljava/lang/Object;' in 'java/lang/invoke/LambdaForm$MH+0x0000012cc60f1000')}
  0x0000012cb2848304: 48b9 1825 | 71da 2c01 | 0000 448b | 89cc 0000 | 0041 83c1 | 0244 8989 | cc00 0000 | 4181 e1fe 
  0x0000012cb2848324: ff1f 0045 | 85c9 0f84 | bb1b 0000 

  0x0000012cb2848330: ;   {metadata(method data for {method} {0x0000012cda7122b8} 'invokeExact_MT' '(Ljava/lang/Object;Ljava/lang/Object;Ljava/lang/Object;Ljava/lang/Object;Ljava/lang/Object;Ljava/lang/Object;)Ljava/lang/Object;' in 'java/lang/invoke/LambdaForm$MH+0x0000012cc60f1000')}
  0x0000012cb2848330: 48b9 1825 | 71da 2c01 | 0000 488d | 8990 0100 | 0048 85f6 | 750e f641 | 0801 7554 | f048 8349 
  0x0000012cb2848350: 0801 eb4c | 448b 4e08 | 49ba 0000 | 00c5 2c01 | 0000 4d03 | ca4d 8bd1 | 4c33 4908 | 49f7 c1fc 
  0x0000012cb2848370: ffff ff74 | 2b41 f6c1 | 0275 2548 | f741 08fe | ffff ff74 | 174d 8bca | 4c33 4908 | 49f7 c1fc 
  0x0000012cb2848390: ffff ff74 | 0b48 8349 | 0802 eb04 | 4c89 4908 

  0x0000012cb28483a0: ;   {oop(a 'java/lang/invoke/MethodType'{0x00000000e009afc8} = (Ljava/lang/Object;Ljava/lang/Object;Ljava/lang/Object;Ljava/lang/Object;)Ljava/lang/Object;)}
  0x0000012cb28483a0: 49b9 c8af | 09e0 0000 | 0000 4d85 | c975 0cf6 | 4118 0175 | 06f0 4883 

  0x0000012cb28483b8: ;   {metadata(method data for {method} {0x0000012cda7122b8} 'invokeExact_MT' '(Ljava/lang/Object;Ljava/lang/Object;Ljava/lang/Object;Ljava/lang/Object;Ljava/lang/Object;Ljava/lang/Object;)Ljava/lang/Object;' in 'java/lang/invoke/LambdaForm$MH+0x0000012cc60f1000')}
  0x0000012cb28483b8: 4918 0148 | b918 2571 | da2c 0100 | 0048 8381 | 8001 0000 

  0x0000012cb28483cc: ;   {metadata(method data for {method} {0x0000012cc53dc408} 'checkExactType' '(Ljava/lang/invoke/MethodHandle;Ljava/lang/invoke/MethodType;)V' in 'java/lang/invoke/Invokers')}
  0x0000012cb28483cc: 0148 b948 | ba19 da2c | 0100 0044 | 8b99 cc00 | 0000 4183 | c302 4489 | 99cc 0000 | 0041 81e3 
  0x0000012cb28483ec: feff 1f00 | 4585 db0f | 8413 1b00 | 0048 3b06 

  0x0000012cb28483fc: ;   {metadata(method data for {method} {0x0000012cc53dc408} 'checkExactType' '(Ljava/lang/invoke/MethodHandle;Ljava/lang/invoke/MethodType;)V' in 'java/lang/invoke/Invokers')}
  0x0000012cb28483fc: 488b ce49 | bb48 ba19 | da2c 0100 | 008b 4908 | 49ba 0000 | 00c5 2c01 | 0000 4903 | ca49 3b8b 
  0x0000012cb284841c: 2001 0000 | 750d 4983 | 8328 0100 | 0001 e960 | 0000 0049 | 3b8b 3001 | 0000 750d | 4983 8338 
  0x0000012cb284843c: 0100 0001 | e94a 0000 | 0049 83bb | 2001 0000 | 0075 1749 | 898b 2001 | 0000 49c7 | 8328 0100 
  0x0000012cb284845c: 0001 0000 | 00e9 2900 | 0000 4983 | bb30 0100 | 0000 7517 | 4989 8b30 | 0100 0049 | c783 3801 
  0x0000012cb284847c: 0000 0100 | 0000 e908 | 0000 0049 | 8383 1001 | 0000 018b | 4e10 493b 

  0x0000012cb2848494: ;   {metadata(method data for {method} {0x0000012cc53dc408} 'checkExactType' '(Ljava/lang/invoke/MethodHandle;Ljava/lang/invoke/MethodType;)V' in 'java/lang/invoke/Invokers')}
  0x0000012cb2848494: c949 b948 | ba19 da2c | 0100 0049 | c7c3 5801 | 0000 7507 | 49c7 c348 | 0100 004f | 8b2c 194d 
  0x0000012cb28484b4: 8d6d 014f | 892c 190f | 85ae 1200 

  0x0000012cb28484c0: ;   {metadata(method data for {method} {0x0000012cda7122b8} 'invokeExact_MT' '(Ljava/lang/Object;Ljava/lang/Object;Ljava/lang/Object;Ljava/lang/Object;Ljava/lang/Object;Ljava/lang/Object;)Ljava/lang/Object;' in 'java/lang/invoke/LambdaForm$MH+0x0000012cc60f1000')}
  0x0000012cb28484c0: 0048 b918 | 2571 da2c | 0100 0048 | 8d89 c801 | 0000 448b | 4e08 49ba | 0000 00c5 | 2c01 0000 
  0x0000012cb28484e0: 4d03 ca4d | 8bd1 4c33 | 4908 49f7 | c1fc ffff | ff74 2b41 | f6c1 0275 | 2548 f741 | 08fe ffff 
  0x0000012cb2848500: ff74 174d | 8bca 4c33 | 4908 49f7 | c1fc ffff | ff74 0b48 | 8349 0802 | eb04 4c89 

  0x0000012cb284851c: ;   {metadata(method data for {method} {0x0000012cda7122b8} 'invokeExact_MT' '(Ljava/lang/Object;Ljava/lang/Object;Ljava/lang/Object;Ljava/lang/Object;Ljava/lang/Object;Ljava/lang/Object;)Ljava/lang/Object;' in 'java/lang/invoke/LambdaForm$MH+0x0000012cc60f1000')}
  0x0000012cb284851c: 4908 48b9 | 1825 71da | 2c01 0000 | 4883 81b8 | 0100 0001 

  0x0000012cb2848530: ;   {metadata(method data for {method} {0x0000012cc53dc300} 'checkCustomized' '(Ljava/lang/invoke/MethodHandle;)V' in 'java/lang/invoke/Invokers')}
  0x0000012cb2848530: 48b9 a8d0 | 1fda 2c01 | 0000 448b | 89cc 0000 | 0041 83c1 | 0244 8989 | cc00 0000 | 4181 e1fe 
  0x0000012cb2848550: ff1f 0045 | 85c9 0f84 | d619 0000 

  0x0000012cb284855c: ;   {metadata(method data for {method} {0x0000012cc53dc300} 'checkCustomized' '(Ljava/lang/invoke/MethodHandle;)V' in 'java/lang/invoke/Invokers')}
  0x0000012cb284855c: 48b9 a8d0 | 1fda 2c01 | 0000 4883 | 8110 0100 

  0x0000012cb284856c: ;   {metadata(method data for {method} {0x0000012cc50944d8} 'isCompileConstant' '(Ljava/lang/Object;)Z' in 'java/lang/invoke/MethodHandleImpl')}
  0x0000012cb284856c: 0001 48b9 | 58d2 1fda | 2c01 0000 | 448b 89cc | 0000 0041 | 83c1 0244 | 8989 cc00 | 0000 4181 
  0x0000012cb284858c: e1fe ff1f | 0045 85c9 | 0f84 b919 

  0x0000012cb2848598: ;   {metadata(method data for {method} {0x0000012cc53dc300} 'checkCustomized' '(Ljava/lang/invoke/MethodHandle;)V' in 'java/lang/invoke/Invokers')}
  0x0000012cb2848598: 0000 48b9 | a8d0 1fda | 2c01 0000 | ff81 2001 | 0000 8b4e | 148b 491c 

  0x0000012cb28485b0: ;   {metadata(method data for {method} {0x0000012cc53dc300} 'checkCustomized' '(Ljava/lang/invoke/MethodHandle;)V' in 'java/lang/invoke/Invokers')}
  0x0000012cb28485b0: 4885 c948 | b9a8 d01f | da2c 0100 | 0049 c7c1 | 4001 0000 | 7507 49c7 | c150 0100 | 004e 8b1c 
  0x0000012cb28485d0: 094d 8d5b | 014e 891c | 090f 8525 

  0x0000012cb28485dc: ;   {metadata(method data for {method} {0x0000012cc53dc300} 'checkCustomized' '(Ljava/lang/invoke/MethodHandle;)V' in 'java/lang/invoke/Invokers')}
  0x0000012cb28485dc: 0000 0048 | b9a8 d01f | da2c 0100 | 0048 8381 | 6001 0000 | 0148 8bd6 

  0x0000012cb28485f4: ;   {static_call}
  0x0000012cb28485f4: 6666 90e8 

  0x0000012cb28485f8: ; ImmutableOopMap {[176]=Oop [192]=Oop [208]=Oop [216]=Oop [224]=Oop [232]=Oop }
                      ;*invokestatic maybeCustomize {reexecute=0 rethrow=0 return_oop=0}
                      ; - java.lang.invoke.Invokers::checkCustomized@19
                      ; - java.lang.invoke.LambdaForm$MH/0x0000012cc60f1000::invokeExact_MT@15
                      ; - jdk.internal.reflect.DirectMethodHandleAccessor::invokeImpl@92
                      ; - jdk.internal.reflect.DirectMethodHandleAccessor::invoke@23
  0x0000012cb28485f8: 4428 e2ff 

  0x0000012cb28485fc: ;   {other}
  0x0000012cb28485fc: 0f1f 8400 | ec10 0004 | 488b bc24 | d000 0000 | 4c8b 8424 | c000 0000 

  0x0000012cb2848614: ;   {metadata(method data for {method} {0x0000012cda7122b8} 'invokeExact_MT' '(Ljava/lang/Object;Ljava/lang/Object;Ljava/lang/Object;Ljava/lang/Object;Ljava/lang/Object;Ljava/lang/Object;)Ljava/lang/Object;' in 'java/lang/invoke/LambdaForm$MH+0x0000012cc60f1000')}
  0x0000012cb2848614: 49b9 1825 | 71da 2c01 | 0000 4d8d | 8918 0200 | 004d 85c0 | 750f 41f6 | 4108 0175 | 54f0 4983 
  0x0000012cb2848634: 4908 01eb | 4c41 8b70 | 0849 ba00 | 0000 c52c | 0100 0049 | 03f2 4c8b | d649 3371 | 0848 f7c6 
  0x0000012cb2848654: fcff ffff | 742b 40f6 | c602 7525 | 49f7 4108 | feff ffff | 7417 498b | f249 3371 | 0848 f7c6 
  0x0000012cb2848674: fcff ffff | 740b 4983 | 4908 02eb | 0449 8971 | 0848 85ff | 750f 41f6 | 4118 0175 | 53f0 4983 
  0x0000012cb2848694: 4918 01eb | 4b8b 7708 | 49ba 0000 | 00c5 2c01 | 0000 4903 | f24c 8bd6 | 4933 7118 | 48f7 c6fc 
  0x0000012cb28486b4: ffff ff74 | 2b40 f6c6 | 0275 2549 | f741 18fe | ffff ff74 | 1749 8bf2 | 4933 7118 | 48f7 c6fc 
  0x0000012cb28486d4: ffff ff74 | 0b49 8349 | 1802 eb04 | 4989 7118 | 488b b424 | d800 0000 

  0x0000012cb28486ec: ;   {metadata(method data for {method} {0x0000012cda7122b8} 'invokeExact_MT' '(Ljava/lang/Object;Ljava/lang/Object;Ljava/lang/Object;Ljava/lang/Object;Ljava/lang/Object;Ljava/lang/Object;)Ljava/lang/Object;' in 'java/lang/invoke/LambdaForm$MH+0x0000012cc60f1000')}
  0x0000012cb28486ec: 49b9 1825 | 71da 2c01 | 0000 4983 | 81e0 0100 | 0001 4c8b | cf48 8bbc | 24e0 0000 | 0048 8bb4 
  0x0000012cb284870c: 24e8 0000 | 0048 8b94 | 24d8 0000 | 0066 0f1f 

  0x0000012cb284871c: ;   {optimized virtual_call}
  0x0000012cb284871c: 4400 00e8 

  0x0000012cb2848720: ; ImmutableOopMap {[176]=Oop }
                      ;*invokevirtual invokeBasic {reexecute=0 rethrow=0 return_oop=0}
                      ; - java.lang.invoke.LambdaForm$MH/0x0000012cc60f1000::invokeExact_MT@24
                      ; - jdk.internal.reflect.DirectMethodHandleAccessor::invokeImpl@92
                      ; - jdk.internal.reflect.DirectMethodHandleAccessor::invoke@23
  0x0000012cb2848720: 5cac 6207 

  0x0000012cb2848724: ;   {other}
  0x0000012cb2848724: 0f1f 8400 | 1412 0005 

  0x0000012cb284872c: ;   {metadata(method data for {method} {0x0000012cda7122b8} 'invokeExact_MT' '(Ljava/lang/Object;Ljava/lang/Object;Ljava/lang/Object;Ljava/lang/Object;Ljava/lang/Object;Ljava/lang/Object;)Ljava/lang/Object;' in 'java/lang/invoke/LambdaForm$MH+0x0000012cc60f1000')}
  0x0000012cb284872c: 48ba 1825 | 71da 2c01 | 0000 488d | 9238 0200 | 0048 85c0 | 750c f602 | 0175 4df0 | 4883 0a01 
  0x0000012cb284874c: eb46 8b70 | 0849 ba00 | 0000 c52c | 0100 0049 | 03f2 4c8b | d648 3332 | 48f7 c6fc | ffff ff74 
  0x0000012cb284876c: 2740 f6c6 | 0275 2148 | f702 feff | ffff 7415 | 498b f248 | 3332 48f7 | c6fc ffff | ff74 0948 
  0x0000012cb284878c: 830a 02eb | 0348 8932 

  0x0000012cb2848794: ;   {metadata(method data for {method} {0x0000012cc53c8518} 'invokeImpl' '(Ljava/lang/Object;[Ljava/lang/Object;)Ljava/lang/Object;' in 'jdk/internal/reflect/DirectMethodHandleAccessor')}
  0x0000012cb2848794: 48ba 5862 | 9ada 2c01 | 0000 488d | 9238 0300 | 0048 85c0 | 750c f602 | 0175 4df0 | 4883 0a01 
  0x0000012cb28487b4: eb46 8b70 | 0849 ba00 | 0000 c52c | 0100 0049 | 03f2 4c8b | d648 3332 | 48f7 c6fc | ffff ff74 
  0x0000012cb28487d4: 2740 f6c6 | 0275 2148 | f702 feff | ffff 7415 | 498b f248 | 3332 48f7 | c6fc ffff | ff74 0948 
  0x0000012cb28487f4: 830a 02eb | 0348 8932 

  0x0000012cb28487fc: ;   {metadata(method data for {method} {0x0000012cc53c8518} 'invokeImpl' '(Ljava/lang/Object;[Ljava/lang/Object;)Ljava/lang/Object;' in 'jdk/internal/reflect/DirectMethodHandleAccessor')}
  0x0000012cb28487fc: 48ba 5862 | 9ada 2c01 | 0000 ff82 | 4803 0000 | 4881 c470 | 0100 005d 

  0x0000012cb2848814: ;   {poll_return}
  0x0000012cb2848814: 493b a750 | 0400 000f | 8758 1700 | 00c3 4c8b | 8c24 b800 | 0000 4c8b | 8424 c000 | 0000 8b72 
  0x0000012cb2848834: 1848 89b4 | 24f8 0000 | 0041 8379 | 0c00 0f86 | 5117 0000 | 418b 7910 | 4889 bc24 | f000 0000 
  0x0000012cb2848854: 4183 790c | 010f 864c | 1700 0041 | 8b59 1448 | 899c 2400 

  0x0000012cb2848868: ;   {metadata(method data for {method} {0x0000012cc53c8518} 'invokeImpl' '(Ljava/lang/Object;[Ljava/lang/Object;)Ljava/lang/Object;' in 'jdk/internal/reflect/DirectMethodHandleAccessor')}
  0x0000012cb2848868: 0100 0048 | b858 629a | da2c 0100 | 0048 8d80 | 9802 0000 | 4d85 c075 | 0ef6 4008 | 0175 53f0 
  0x0000012cb2848888: 4883 4808 | 01eb 4b41 | 8b48 0849 | ba00 0000 | c52c 0100 | 0049 03ca | 4c8b d148 | 3348 0848 
  0x0000012cb28488a8: f7c1 fcff | ffff 742a | f6c1 0275 | 2548 f740 | 08fe ffff | ff74 1749 | 8bca 4833 | 4808 48f7 
  0x0000012cb28488c8: c1fc ffff | ff74 0b48 | 8348 0802 | eb04 4889 

  0x0000012cb28488d8: ;   {metadata(method data for {method} {0x0000012cda4052b8} 'invokeExact_MT' '(Ljava/lang/Object;Ljava/lang/Object;Ljava/lang/Object;Ljava/lang/Object;Ljava/lang/Object;)Ljava/lang/Object;' in 'java/lang/invoke/LambdaForm$MH+0x0000012cc6002800')}
  0x0000012cb28488d8: 4808 48b8 | 1855 40da | 2c01 0000 | 488d 80c0 | 0200 0048 | 85f6 750c | f600 0175 | 4cf0 4883 
  0x0000012cb28488f8: 0801 eb45 | 8b4e 0849 | ba00 0000 | c52c 0100 | 0049 03ca | 4c8b d148 | 3308 48f7 | c1fc ffff 
  0x0000012cb2848918: ff74 26f6 | c102 7521 | 48f7 00fe | ffff ff74 | 1549 8bca | 4833 0848 | f7c1 fcff | ffff 7409 
  0x0000012cb2848938: 4883 0802 | eb03 4889 | 084d 85c0 | 750e f640 | 1001 7553 | f048 8348 | 1001 eb4b | 418b 4808 
  0x0000012cb2848958: 49ba 0000 | 00c5 2c01 | 0000 4903 | ca4c 8bd1 | 4833 4810 | 48f7 c1fc | ffff ff74 | 2af6 c102 
  0x0000012cb2848978: 7525 48f7 | 4010 feff | ffff 7417 | 498b ca48 | 3348 1048 | f7c1 fcff | ffff 740b | 4883 4810 
  0x0000012cb2848998: 02eb 0448 

  0x0000012cb284899c: ;   {metadata(method data for {method} {0x0000012cc53c8518} 'invokeImpl' '(Ljava/lang/Object;[Ljava/lang/Object;)Ljava/lang/Object;' in 'jdk/internal/reflect/DirectMethodHandleAccessor')}
  0x0000012cb284899c: 8948 1048 | b858 629a | da2c 0100 | 0048 8380 | 6002 0000 

  0x0000012cb28489b0: ;   {metadata(method data for {method} {0x0000012cda4052b8} 'invokeExact_MT' '(Ljava/lang/Object;Ljava/lang/Object;Ljava/lang/Object;Ljava/lang/Object;Ljava/lang/Object;)Ljava/lang/Object;' in 'java/lang/invoke/LambdaForm$MH+0x0000012cc6002800')}
  0x0000012cb28489b0: 0148 b818 | 5540 da2c | 0100 008b | 88cc 0000 | 0083 c102 | 8988 cc00 | 0000 81e1 | feff 1f00 
  0x0000012cb28489d0: 85c9 0f84 | e515 0000 

  0x0000012cb28489d8: ;   {metadata(method data for {method} {0x0000012cda4052b8} 'invokeExact_MT' '(Ljava/lang/Object;Ljava/lang/Object;Ljava/lang/Object;Ljava/lang/Object;Ljava/lang/Object;)Ljava/lang/Object;' in 'java/lang/invoke/LambdaForm$MH+0x0000012cc6002800')}
  0x0000012cb28489d8: 48b8 1855 | 40da 2c01 | 0000 488d | 8090 0100 | 0048 85f6 | 750e f640 | 0801 7552 | f048 8348 
  0x0000012cb28489f8: 0801 eb4a | 8b4e 0849 | ba00 0000 | c52c 0100 | 0049 03ca | 4c8b d148 | 3348 0848 | f7c1 fcff 
  0x0000012cb2848a18: ffff 742a | f6c1 0275 | 2548 f740 | 08fe ffff | ff74 1749 | 8bca 4833 | 4808 48f7 | c1fc ffff 
  0x0000012cb2848a38: ff74 0b48 | 8348 0802 | eb04 4889 

  0x0000012cb2848a44: ;   {oop(a 'java/lang/invoke/MethodType'{0x00000000e008a418} = (Ljava/lang/Object;Ljava/lang/Object;Ljava/lang/Object;)Ljava/lang/Object;)}
  0x0000012cb2848a44: 4808 48b9 | 18a4 08e0 | 0000 0000 | 4885 c975 | 0cf6 4018 | 0175 06f0 | 4883 4818 

  0x0000012cb2848a60: ;   {metadata(method data for {method} {0x0000012cda4052b8} 'invokeExact_MT' '(Ljava/lang/Object;Ljava/lang/Object;Ljava/lang/Object;Ljava/lang/Object;Ljava/lang/Object;)Ljava/lang/Object;' in 'java/lang/invoke/LambdaForm$MH+0x0000012cc6002800')}
  0x0000012cb2848a60: 0148 b818 | 5540 da2c | 0100 0048 | 8380 8001 

  0x0000012cb2848a70: ;   {metadata(method data for {method} {0x0000012cc53dc408} 'checkExactType' '(Ljava/lang/invoke/MethodHandle;Ljava/lang/invoke/MethodType;)V' in 'java/lang/invoke/Invokers')}
  0x0000012cb2848a70: 0000 0148 | b848 ba19 | da2c 0100 | 0044 8b88 | cc00 0000 | 4183 c102 | 4489 88cc | 0000 0041 
  0x0000012cb2848a90: 81e1 feff | 1f00 4585 | c90f 843f | 1500 0048 | 3b06 488b 

  0x0000012cb2848aa4: ;   {metadata(method data for {method} {0x0000012cc53dc408} 'checkExactType' '(Ljava/lang/invoke/MethodHandle;Ljava/lang/invoke/MethodType;)V' in 'java/lang/invoke/Invokers')}
  0x0000012cb2848aa4: c649 b948 | ba19 da2c | 0100 008b | 4008 49ba | 0000 00c5 | 2c01 0000 | 4903 c249 | 3b81 2001 
  0x0000012cb2848ac4: 0000 750d | 4983 8128 | 0100 0001 | e960 0000 | 0049 3b81 | 3001 0000 | 750d 4983 | 8138 0100 
  0x0000012cb2848ae4: 0001 e94a | 0000 0049 | 83b9 2001 | 0000 0075 | 1749 8981 | 2001 0000 | 49c7 8128 | 0100 0001 
  0x0000012cb2848b04: 0000 00e9 | 2900 0000 | 4983 b930 | 0100 0000 | 7517 4989 | 8130 0100 | 0049 c781 | 3801 0000 
  0x0000012cb2848b24: 0100 0000 | e908 0000 | 0049 8381 | 1001 0000 | 018b 4610 

  0x0000012cb2848b38: ;   {metadata(method data for {method} {0x0000012cc53dc408} 'checkExactType' '(Ljava/lang/invoke/MethodHandle;Ljava/lang/invoke/MethodType;)V' in 'java/lang/invoke/Invokers')}
  0x0000012cb2848b38: 483b c148 | b948 ba19 | da2c 0100 | 0049 c7c1 | 5801 0000 | 7507 49c7 | c148 0100 | 004e 8b1c 
  0x0000012cb2848b58: 094d 8d5b | 014e 891c | 090f 85c8 

  0x0000012cb2848b64: ;   {metadata(method data for {method} {0x0000012cda4052b8} 'invokeExact_MT' '(Ljava/lang/Object;Ljava/lang/Object;Ljava/lang/Object;Ljava/lang/Object;Ljava/lang/Object;)Ljava/lang/Object;' in 'java/lang/invoke/LambdaForm$MH+0x0000012cc6002800')}
  0x0000012cb2848b64: 0b00 0048 | b818 5540 | da2c 0100 | 0048 8d80 | c801 0000 | 8b4e 0849 | ba00 0000 | c52c 0100 
  0x0000012cb2848b84: 0049 03ca | 4c8b d148 | 3348 0848 | f7c1 fcff | ffff 742a | f6c1 0275 | 2548 f740 | 08fe ffff 
  0x0000012cb2848ba4: ff74 1749 | 8bca 4833 | 4808 48f7 | c1fc ffff | ff74 0b48 | 8348 0802 | eb04 4889 

  0x0000012cb2848bc0: ;   {metadata(method data for {method} {0x0000012cda4052b8} 'invokeExact_MT' '(Ljava/lang/Object;Ljava/lang/Object;Ljava/lang/Object;Ljava/lang/Object;Ljava/lang/Object;)Ljava/lang/Object;' in 'java/lang/invoke/LambdaForm$MH+0x0000012cc6002800')}
  0x0000012cb2848bc0: 4808 48b8 | 1855 40da | 2c01 0000 | 4883 80b8 | 0100 0001 

  0x0000012cb2848bd4: ;   {metadata(method data for {method} {0x0000012cc53dc300} 'checkCustomized' '(Ljava/lang/invoke/MethodHandle;)V' in 'java/lang/invoke/Invokers')}
  0x0000012cb2848bd4: 48b8 a8d0 | 1fda 2c01 | 0000 8b88 | cc00 0000 | 83c1 0289 | 88cc 0000 | 0081 e1fe | ff1f 0085 
  0x0000012cb2848bf4: c90f 8409 

  0x0000012cb2848bf8: ;   {metadata(method data for {method} {0x0000012cc53dc300} 'checkCustomized' '(Ljava/lang/invoke/MethodHandle;)V' in 'java/lang/invoke/Invokers')}
  0x0000012cb2848bf8: 1400 0048 | b8a8 d01f | da2c 0100 | 0048 8380 | 1001 0000 

  0x0000012cb2848c0c: ;   {metadata(method data for {method} {0x0000012cc50944d8} 'isCompileConstant' '(Ljava/lang/Object;)Z' in 'java/lang/invoke/MethodHandleImpl')}
  0x0000012cb2848c0c: 0148 b858 | d21f da2c | 0100 008b | 88cc 0000 | 0083 c102 | 8988 cc00 | 0000 81e1 | feff 1f00 
  0x0000012cb2848c2c: 85c9 0f84 | f113 0000 

  0x0000012cb2848c34: ;   {metadata(method data for {method} {0x0000012cc53dc300} 'checkCustomized' '(Ljava/lang/invoke/MethodHandle;)V' in 'java/lang/invoke/Invokers')}
  0x0000012cb2848c34: 48b8 a8d0 | 1fda 2c01 | 0000 ff80 | 2001 0000 | 8b46 148b | 401c 4885 

  0x0000012cb2848c4c: ;   {metadata(method data for {method} {0x0000012cc53dc300} 'checkCustomized' '(Ljava/lang/invoke/MethodHandle;)V' in 'java/lang/invoke/Invokers')}
  0x0000012cb2848c4c: c048 b8a8 | d01f da2c | 0100 0048 | c7c1 4001 | 0000 7507 | 48c7 c150 | 0100 004c | 8b0c 084d 
  0x0000012cb2848c6c: 8d49 014c | 890c 080f | 8523 0000 

  0x0000012cb2848c78: ;   {metadata(method data for {method} {0x0000012cc53dc300} 'checkCustomized' '(Ljava/lang/invoke/MethodHandle;)V' in 'java/lang/invoke/Invokers')}
  0x0000012cb2848c78: 0048 b8a8 | d01f da2c | 0100 0048 | 8380 6001 | 0000 0148 

  0x0000012cb2848c8c: ;   {static_call}
  0x0000012cb2848c8c: 8bd6 90e8 

  0x0000012cb2848c90: ; ImmutableOopMap {[176]=Oop [192]=Oop [240]=Oop [248]=Oop [256]=Oop }
                      ;*invokestatic maybeCustomize {reexecute=0 rethrow=0 return_oop=0}
                      ; - java.lang.invoke.Invokers::checkCustomized@19
                      ; - java.lang.invoke.LambdaForm$MH/0x0000012cc6002800::invokeExact_MT@15
                      ; - jdk.internal.reflect.DirectMethodHandleAccessor::invokeImpl@72
                      ; - jdk.internal.reflect.DirectMethodHandleAccessor::invoke@23
  0x0000012cb2848c90: ac21 e2ff 

  0x0000012cb2848c94: ;   {other}
  0x0000012cb2848c94: 0f1f 8400 | 8417 0006 | 488b bc24 | f000 0000 | 4c8b 8424 | c000 0000 

  0x0000012cb2848cac: ;   {metadata(method data for {method} {0x0000012cda4052b8} 'invokeExact_MT' '(Ljava/lang/Object;Ljava/lang/Object;Ljava/lang/Object;Ljava/lang/Object;Ljava/lang/Object;)Ljava/lang/Object;' in 'java/lang/invoke/LambdaForm$MH+0x0000012cc6002800')}
  0x0000012cb2848cac: 49b9 1855 | 40da 2c01 | 0000 4d8d | 8918 0200 | 004d 85c0 | 750f 41f6 | 4108 0175 | 53f0 4983 
  0x0000012cb2848ccc: 4908 01eb | 4b41 8b50 | 0849 ba00 | 0000 c52c | 0100 0049 | 03d2 4c8b | d249 3351 | 0848 f7c2 
  0x0000012cb2848cec: fcff ffff | 742a f6c2 | 0275 2549 | f741 08fe | ffff ff74 | 1749 8bd2 | 4933 5108 | 48f7 c2fc 
  0x0000012cb2848d0c: ffff ff74 | 0b49 8349 | 0802 eb04 | 4989 5108 | 4885 ff75 | 0f41 f641 | 1801 7552 | f049 8349 
  0x0000012cb2848d2c: 1801 eb4a | 8b57 0849 | ba00 0000 | c52c 0100 | 0049 03d2 | 4c8b d249 | 3351 1848 | f7c2 fcff 
  0x0000012cb2848d4c: ffff 742a | f6c2 0275 | 2549 f741 | 18fe ffff | ff74 1749 | 8bd2 4933 | 5118 48f7 | c2fc ffff 
  0x0000012cb2848d6c: ff74 0b49 | 8349 1802 | eb04 4989 | 5118 488b | b424 f800 

  0x0000012cb2848d80: ;   {metadata(method data for {method} {0x0000012cda4052b8} 'invokeExact_MT' '(Ljava/lang/Object;Ljava/lang/Object;Ljava/lang/Object;Ljava/lang/Object;Ljava/lang/Object;)Ljava/lang/Object;' in 'java/lang/invoke/LambdaForm$MH+0x0000012cc6002800')}
  0x0000012cb2848d80: 0000 49b9 | 1855 40da | 2c01 0000 | 4983 81e0 | 0100 0001 | 4c8b cf48 | 8bbc 2400 | 0100 0048 
  0x0000012cb2848da0: 8b94 24f8 

  0x0000012cb2848da4: ;   {optimized virtual_call}
  0x0000012cb2848da4: 0000 00e8 

  0x0000012cb2848da8: ; ImmutableOopMap {[176]=Oop }
                      ;*invokevirtual invokeBasic {reexecute=0 rethrow=0 return_oop=0}
                      ; - java.lang.invoke.LambdaForm$MH/0x0000012cc6002800::invokeExact_MT@22
                      ; - jdk.internal.reflect.DirectMethodHandleAccessor::invokeImpl@72
                      ; - jdk.internal.reflect.DirectMethodHandleAccessor::invoke@23
  0x0000012cb2848da8: d4bc 6207 

  0x0000012cb2848dac: ;   {other}
  0x0000012cb2848dac: 0f1f 8400 | 9c18 0007 

  0x0000012cb2848db4: ;   {metadata(method data for {method} {0x0000012cda4052b8} 'invokeExact_MT' '(Ljava/lang/Object;Ljava/lang/Object;Ljava/lang/Object;Ljava/lang/Object;Ljava/lang/Object;)Ljava/lang/Object;' in 'java/lang/invoke/LambdaForm$MH+0x0000012cc6002800')}
  0x0000012cb2848db4: 48ba 1855 | 40da 2c01 | 0000 488d | 9238 0200 | 0048 85c0 | 750c f602 | 0175 4df0 | 4883 0a01 
  0x0000012cb2848dd4: eb46 8b70 | 0849 ba00 | 0000 c52c | 0100 0049 | 03f2 4c8b | d648 3332 | 48f7 c6fc | ffff ff74 
  0x0000012cb2848df4: 2740 f6c6 | 0275 2148 | f702 feff | ffff 7415 | 498b f248 | 3332 48f7 | c6fc ffff | ff74 0948 
  0x0000012cb2848e14: 830a 02eb | 0348 8932 

  0x0000012cb2848e1c: ;   {metadata(method data for {method} {0x0000012cc53c8518} 'invokeImpl' '(Ljava/lang/Object;[Ljava/lang/Object;)Ljava/lang/Object;' in 'jdk/internal/reflect/DirectMethodHandleAccessor')}
  0x0000012cb2848e1c: 48ba 5862 | 9ada 2c01 | 0000 488d | 92b8 0200 | 0048 85c0 | 750c f602 | 0175 4df0 | 4883 0a01 
  0x0000012cb2848e3c: eb46 8b70 | 0849 ba00 | 0000 c52c | 0100 0049 | 03f2 4c8b | d648 3332 | 48f7 c6fc | ffff ff74 
  0x0000012cb2848e5c: 2740 f6c6 | 0275 2148 | f702 feff | ffff 7415 | 498b f248 | 3332 48f7 | c6fc ffff | ff74 0948 
  0x0000012cb2848e7c: 830a 02eb | 0348 8932 

  0x0000012cb2848e84: ;   {metadata(method data for {method} {0x0000012cc53c8518} 'invokeImpl' '(Ljava/lang/Object;[Ljava/lang/Object;)Ljava/lang/Object;' in 'jdk/internal/reflect/DirectMethodHandleAccessor')}
  0x0000012cb2848e84: 48ba 5862 | 9ada 2c01 | 0000 ff82 | c802 0000 | 4881 c470 | 0100 005d 

  0x0000012cb2848e9c: ;   {poll_return}
  0x0000012cb2848e9c: 493b a750 | 0400 000f | 87a2 1100 | 00c3 4c8b | 8c24 b800 | 0000 4c8b | 8424 c000 | 0000 8b72 
  0x0000012cb2848ebc: 1848 89b4 | 2410 0100 | 0041 8379 | 0c00 0f86 | 9b11 0000 | 418b 7910 | 4889 bc24 | 0801 0000 
  0x0000012cb2848edc: ;   {metadata(method data for {method} {0x0000012cc53c8518} 'invokeImpl' '(Ljava/lang/Object;[Ljava/lang/Object;)Ljava/lang/Object;' in 'jdk/internal/reflect/DirectMethodHandleAccessor')}
  0x0000012cb2848edc: 48bb 5862 | 9ada 2c01 | 0000 488d | 9b18 0200 | 004d 85c0 | 750e f643 | 0801 7550 | f048 834b 
  0x0000012cb2848efc: 0801 eb48 | 418b 4008 | 49ba 0000 | 00c5 2c01 | 0000 4903 | c24c 8bd0 | 4833 4308 | 48a9 fcff 
  0x0000012cb2848f1c: ffff 7428 | a802 7524 | 48f7 4308 | feff ffff | 7416 498b | c248 3343 | 0848 a9fc | ffff ff74 
  0x0000012cb2848f3c: 0b48 834b | 0802 eb04 | 4889 4308 

  0x0000012cb2848f48: ;   {metadata(method data for {method} {0x0000012cc50ae518} 'invokeExact_MT' '(Ljava/lang/Object;Ljava/lang/Object;Ljava/lang/Object;Ljava/lang/Object;)Ljava/lang/Object;' in 'java/lang/invoke/Invokers$Holder')}
  0x0000012cb2848f48: 48bb 704e | 91da 2c01 | 0000 488d | 9bb8 0200 | 0048 85f6 | 750a f603 | 0175 05f0 | 4883 0b01 
  0x0000012cb2848f68: 4d85 c075 | 0cf6 4310 | 0175 06f0 | 4883 4b10 

  0x0000012cb2848f78: ;   {metadata(method data for {method} {0x0000012cc53c8518} 'invokeImpl' '(Ljava/lang/Object;[Ljava/lang/Object;)Ljava/lang/Object;' in 'jdk/internal/reflect/DirectMethodHandleAccessor')}
  0x0000012cb2848f78: 0148 bb58 | 629a da2c | 0100 0048 | 8383 e001 

  0x0000012cb2848f88: ;   {metadata(method data for {method} {0x0000012cc50ae518} 'invokeExact_MT' '(Ljava/lang/Object;Ljava/lang/Object;Ljava/lang/Object;Ljava/lang/Object;)Ljava/lang/Object;' in 'java/lang/invoke/Invokers$Holder')}
  0x0000012cb2848f88: 0000 0148 | bb70 4e91 | da2c 0100 | 008b 83cc | 0000 0083 | c002 8983 | cc00 0000 | 25fe ff1f 
  0x0000012cb2848fa8: 0085 c00f | 84cc 1000 

  0x0000012cb2848fb0: ;   {metadata(method data for {method} {0x0000012cc50ae518} 'invokeExact_MT' '(Ljava/lang/Object;Ljava/lang/Object;Ljava/lang/Object;Ljava/lang/Object;)Ljava/lang/Object;' in 'java/lang/invoke/Invokers$Holder')}
  0x0000012cb2848fb0: 0048 bb70 | 4e91 da2c | 0100 0048 | 8d9b 9001 | 0000 4885 | f675 0cf6 | 4308 0175 | 06f0 4883 
  0x0000012cb2848fd0: ;   {oop(a 'java/lang/invoke/MethodType'{0x00000000e008a388} = (Ljava/lang/Object;Ljava/lang/Object;)Ljava/lang/Object;)}
  0x0000012cb2848fd0: 4b08 0148 | b888 a308 | e000 0000 | 0048 85c0 | 750c f643 | 1801 7506 | f048 834b 

  0x0000012cb2848fec: ;   {metadata(method data for {method} {0x0000012cc50ae518} 'invokeExact_MT' '(Ljava/lang/Object;Ljava/lang/Object;Ljava/lang/Object;Ljava/lang/Object;)Ljava/lang/Object;' in 'java/lang/invoke/Invokers$Holder')}
  0x0000012cb2848fec: 1801 48bb | 704e 91da | 2c01 0000 | 4883 8380 | 0100 0001 

  0x0000012cb2849000: ;   {metadata(method data for {method} {0x0000012cc53dc408} 'checkExactType' '(Ljava/lang/invoke/MethodHandle;Ljava/lang/invoke/MethodType;)V' in 'java/lang/invoke/Invokers')}
  0x0000012cb2849000: 48bb 48ba | 19da 2c01 | 0000 8b8b | cc00 0000 | 83c1 0289 | 8bcc 0000 | 0081 e1fe | ff1f 0085 
  0x0000012cb2849020: c90f 8477 | 1000 0048 | 3b06 488b 

  0x0000012cb284902c: ;   {metadata(method data for {method} {0x0000012cc53dc408} 'checkExactType' '(Ljava/lang/invoke/MethodHandle;Ljava/lang/invoke/MethodType;)V' in 'java/lang/invoke/Invokers')}
  0x0000012cb284902c: de48 b948 | ba19 da2c | 0100 008b | 5b08 49ba | 0000 00c5 | 2c01 0000 | 4903 da48 | 3b99 2001 
  0x0000012cb284904c: 0000 750d | 4883 8128 | 0100 0001 | e960 0000 | 0048 3b99 | 3001 0000 | 750d 4883 | 8138 0100 
  0x0000012cb284906c: 0001 e94a | 0000 0048 | 83b9 2001 | 0000 0075 | 1748 8999 | 2001 0000 | 48c7 8128 | 0100 0001 
  0x0000012cb284908c: 0000 00e9 | 2900 0000 | 4883 b930 | 0100 0000 | 7517 4889 | 9930 0100 | 0048 c781 | 3801 0000 
  0x0000012cb28490ac: 0100 0000 | e908 0000 | 0048 8381 | 1001 0000 | 018b 5e10 

  0x0000012cb28490c0: ;   {metadata(method data for {method} {0x0000012cc53dc408} 'checkExactType' '(Ljava/lang/invoke/MethodHandle;Ljava/lang/invoke/MethodType;)V' in 'java/lang/invoke/Invokers')}
  0x0000012cb28490c0: 483b d848 | b848 ba19 | da2c 0100 | 0048 c7c1 | 5801 0000 | 7507 48c7 | c148 0100 | 004c 8b0c 
  0x0000012cb28490e0: 084d 8d49 | 014c 890c | 080f 8500 

  0x0000012cb28490ec: ;   {metadata(method data for {method} {0x0000012cc50ae518} 'invokeExact_MT' '(Ljava/lang/Object;Ljava/lang/Object;Ljava/lang/Object;Ljava/lang/Object;)Ljava/lang/Object;' in 'java/lang/invoke/Invokers$Holder')}
  0x0000012cb28490ec: 0600 0048 | bb70 4e91 | da2c 0100 | 0048 8383 | b801 0000 

  0x0000012cb2849100: ;   {metadata(method data for {method} {0x0000012cc53dc300} 'checkCustomized' '(Ljava/lang/invoke/MethodHandle;)V' in 'java/lang/invoke/Invokers')}
  0x0000012cb2849100: 0148 bba8 | d01f da2c | 0100 008b | 83cc 0000 | 0083 c002 | 8983 cc00 | 0000 25fe | ff1f 0085 
  0x0000012cb2849120: c00f 849d 

  0x0000012cb2849124: ;   {metadata(method data for {method} {0x0000012cc53dc300} 'checkCustomized' '(Ljava/lang/invoke/MethodHandle;)V' in 'java/lang/invoke/Invokers')}
  0x0000012cb2849124: 0f00 0048 | bba8 d01f | da2c 0100 | 0048 8383 | 1001 0000 

  0x0000012cb2849138: ;   {metadata(method data for {method} {0x0000012cc50944d8} 'isCompileConstant' '(Ljava/lang/Object;)Z' in 'java/lang/invoke/MethodHandleImpl')}
  0x0000012cb2849138: 0148 bb58 | d21f da2c | 0100 008b | 83cc 0000 | 0083 c002 | 8983 cc00 | 0000 25fe | ff1f 0085 
  0x0000012cb2849158: c00f 8486 

  0x0000012cb284915c: ;   {metadata(method data for {method} {0x0000012cc53dc300} 'checkCustomized' '(Ljava/lang/invoke/MethodHandle;)V' in 'java/lang/invoke/Invokers')}
  0x0000012cb284915c: 0f00 0048 | bba8 d01f | da2c 0100 | 00ff 8320 | 0100 008b | 5e14 8b5b | 1c48 85db 

  0x0000012cb2849178: ;   {metadata(method data for {method} {0x0000012cc53dc300} 'checkCustomized' '(Ljava/lang/invoke/MethodHandle;)V' in 'java/lang/invoke/Invokers')}
  0x0000012cb2849178: 48bb a8d0 | 1fda 2c01 | 0000 48c7 | c040 0100 | 0075 0748 | c7c0 5001 | 0000 488b | 0c03 488d 
  0x0000012cb2849198: 4901 4889 | 0c03 0f85 | 2800 0000 

  0x0000012cb28491a4: ;   {metadata(method data for {method} {0x0000012cc53dc300} 'checkCustomized' '(Ljava/lang/invoke/MethodHandle;)V' in 'java/lang/invoke/Invokers')}
  0x0000012cb28491a4: 48bb a8d0 | 1fda 2c01 | 0000 4883 | 8360 0100 | 0001 488b | d666 0f1f 

  0x0000012cb28491bc: ;   {static_call}
  0x0000012cb28491bc: 4400 00e8 

  0x0000012cb28491c0: ; ImmutableOopMap {[176]=Oop [192]=Oop [264]=Oop [272]=Oop }
                      ;*invokestatic maybeCustomize {reexecute=0 rethrow=0 return_oop=0}
                      ; - java.lang.invoke.Invokers::checkCustomized@19
                      ; - java.lang.invoke.Invokers$Holder::invokeExact_MT@14
                      ; - jdk.internal.reflect.DirectMethodHandleAccessor::invokeImpl@55
                      ; - jdk.internal.reflect.DirectMethodHandleAccessor::invoke@23
  0x0000012cb28491c0: 7c1c e2ff 

  0x0000012cb28491c4: ;   {other}
  0x0000012cb28491c4: 0f1f 8400 | b41c 0008 | 488b bc24 | 0801 0000 | 4c8b 8424 | c000 0000 

  0x0000012cb28491dc: ;   {metadata(method data for {method} {0x0000012cc50ae518} 'invokeExact_MT' '(Ljava/lang/Object;Ljava/lang/Object;Ljava/lang/Object;Ljava/lang/Object;)Ljava/lang/Object;' in 'java/lang/invoke/Invokers$Holder')}
  0x0000012cb28491dc: 49b9 704e | 91da 2c01 | 0000 4d8d | 8918 0200 | 004d 85c0 | 750d 41f6 | 4108 0175 | 06f0 4983 
  0x0000012cb28491fc: 4908 0148 | 85ff 750d | 41f6 4118 | 0175 06f0 | 4983 4918 | 0148 8bb4 | 2410 0100 

  0x0000012cb2849218: ;   {metadata(method data for {method} {0x0000012cc50ae518} 'invokeExact_MT' '(Ljava/lang/Object;Ljava/lang/Object;Ljava/lang/Object;Ljava/lang/Object;)Ljava/lang/Object;' in 'java/lang/invoke/Invokers$Holder')}
  0x0000012cb2849218: 0049 b970 | 4e91 da2c | 0100 0049 | 8381 e001 | 0000 014c | 8bcf 488b | 9424 1001 

  0x0000012cb2849234: ;   {optimized virtual_call}
  0x0000012cb2849234: 0000 90e8 

  0x0000012cb2849238: ; ImmutableOopMap {[176]=Oop }
                      ;*invokevirtual invokeBasic {reexecute=0 rethrow=0 return_oop=0}
                      ; - java.lang.invoke.Invokers$Holder::invokeExact_MT@20
                      ; - jdk.internal.reflect.DirectMethodHandleAccessor::invokeImpl@55
                      ; - jdk.internal.reflect.DirectMethodHandleAccessor::invoke@23
  0x0000012cb2849238: c492 6207 

  0x0000012cb284923c: ;   {other}
  0x0000012cb284923c: 0f1f 8400 | 2c1d 0009 

  0x0000012cb2849244: ;   {metadata(method data for {method} {0x0000012cc53c8518} 'invokeImpl' '(Ljava/lang/Object;[Ljava/lang/Object;)Ljava/lang/Object;' in 'jdk/internal/reflect/DirectMethodHandleAccessor')}
  0x0000012cb2849244: 48ba 5862 | 9ada 2c01 | 0000 488d | 9238 0200 | 0048 85c0 | 750c f602 | 0175 4df0 | 4883 0a01 
  0x0000012cb2849264: eb46 8b70 | 0849 ba00 | 0000 c52c | 0100 0049 | 03f2 4c8b | d648 3332 | 48f7 c6fc | ffff ff74 
  0x0000012cb2849284: 2740 f6c6 | 0275 2148 | f702 feff | ffff 7415 | 498b f248 | 3332 48f7 | c6fc ffff | ff74 0948 
  0x0000012cb28492a4: 830a 02eb | 0348 8932 

  0x0000012cb28492ac: ;   {metadata(method data for {method} {0x0000012cc53c8518} 'invokeImpl' '(Ljava/lang/Object;[Ljava/lang/Object;)Ljava/lang/Object;' in 'jdk/internal/reflect/DirectMethodHandleAccessor')}
  0x0000012cb28492ac: 48ba 5862 | 9ada 2c01 | 0000 ff82 | 4802 0000 | 4881 c470 | 0100 005d 

  0x0000012cb28492c4: ;   {poll_return}
  0x0000012cb28492c4: 493b a750 | 0400 000f | 873a 0e00 | 00c3 4c8b | 8424 c000 | 0000 8b72 | 1848 89b4 | 2418 0100 
  0x0000012cb28492e4: ;   {metadata(method data for {method} {0x0000012cc53c8518} 'invokeImpl' '(Ljava/lang/Object;[Ljava/lang/Object;)Ljava/lang/Object;' in 'jdk/internal/reflect/DirectMethodHandleAccessor')}
  0x0000012cb28492e4: 0048 bf58 | 629a da2c | 0100 0048 | 8dbf a801 | 0000 4d85 | c075 0ef6 | 4708 0175 | 53f0 4883 
  0x0000012cb2849304: 4f08 01eb | 4b41 8b58 | 0849 ba00 | 0000 c52c | 0100 0049 | 03da 4c8b | d348 335f | 0848 f7c3 
  0x0000012cb2849324: fcff ffff | 742a f6c3 | 0275 2548 | f747 08fe | ffff ff74 | 1749 8bda | 4833 5f08 | 48f7 c3fc 
  0x0000012cb2849344: ffff ff74 | 0b48 834f | 0802 eb04 | 4889 5f08 

  0x0000012cb2849354: ;   {metadata(method data for {method} {0x0000012cc50ae5c8} 'invokeExact_MT' '(Ljava/lang/Object;Ljava/lang/Object;Ljava/lang/Object;)Ljava/lang/Object;' in 'java/lang/invoke/Invokers$Holder')}
  0x0000012cb2849354: 48bf 28de | 1fda 2c01 | 0000 488d | bfa0 0200 | 0048 85f6 | 750a f607 | 0175 05f0 | 4883 0f01 
  0x0000012cb2849374: ;   {metadata(method data for {method} {0x0000012cc53c8518} 'invokeImpl' '(Ljava/lang/Object;[Ljava/lang/Object;)Ljava/lang/Object;' in 'jdk/internal/reflect/DirectMethodHandleAccessor')}
  0x0000012cb2849374: 48bf 5862 | 9ada 2c01 | 0000 4883 | 8770 0100 

  0x0000012cb2849384: ;   {metadata(method data for {method} {0x0000012cc50ae5c8} 'invokeExact_MT' '(Ljava/lang/Object;Ljava/lang/Object;Ljava/lang/Object;)Ljava/lang/Object;' in 'java/lang/invoke/Invokers$Holder')}
  0x0000012cb2849384: 0001 48bf | 28de 1fda | 2c01 0000 | 8b9f cc00 | 0000 83c3 | 0289 9fcc | 0000 0081 | e3fe ff1f 
  0x0000012cb28493a4: 0085 db0f | 8474 0d00 

  0x0000012cb28493ac: ;   {metadata(method data for {method} {0x0000012cc50ae5c8} 'invokeExact_MT' '(Ljava/lang/Object;Ljava/lang/Object;Ljava/lang/Object;)Ljava/lang/Object;' in 'java/lang/invoke/Invokers$Holder')}
  0x0000012cb28493ac: 0048 bf28 | de1f da2c | 0100 0048 | 8dbf 9001 | 0000 4885 | f675 0cf6 | 4708 0175 | 06f0 4883 
  0x0000012cb28493cc: ;   {oop(a 'java/lang/invoke/MethodType'{0x00000000e008a310} = (Ljava/lang/Object;)Ljava/lang/Object;)}
  0x0000012cb28493cc: 4f08 0148 | bb10 a308 | e000 0000 | 0048 85db | 750c f647 | 1801 7506 | f048 834f 

  0x0000012cb28493e8: ;   {metadata(method data for {method} {0x0000012cc50ae5c8} 'invokeExact_MT' '(Ljava/lang/Object;Ljava/lang/Object;Ljava/lang/Object;)Ljava/lang/Object;' in 'java/lang/invoke/Invokers$Holder')}
  0x0000012cb28493e8: 1801 48bf | 28de 1fda | 2c01 0000 | 4883 8780 | 0100 0001 

  0x0000012cb28493fc: ;   {metadata(method data for {method} {0x0000012cc53dc408} 'checkExactType' '(Ljava/lang/invoke/MethodHandle;Ljava/lang/invoke/MethodType;)V' in 'java/lang/invoke/Invokers')}
  0x0000012cb28493fc: 48bf 48ba | 19da 2c01 | 0000 8b87 | cc00 0000 | 83c0 0289 | 87cc 0000 | 0025 feff | 1f00 85c0 
  0x0000012cb284941c: 0f84 200d | 0000 483b | 0648 8bfe 

  0x0000012cb2849428: ;   {metadata(method data for {method} {0x0000012cc53dc408} 'checkExactType' '(Ljava/lang/invoke/MethodHandle;Ljava/lang/invoke/MethodType;)V' in 'java/lang/invoke/Invokers')}
  0x0000012cb2849428: 48b8 48ba | 19da 2c01 | 0000 8b7f | 0849 ba00 | 0000 c52c | 0100 0049 | 03fa 483b | b820 0100 
  0x0000012cb2849448: 0075 0d48 | 8380 2801 | 0000 01e9 | 6000 0000 | 483b b830 | 0100 0075 | 0d48 8380 | 3801 0000 
  0x0000012cb2849468: 01e9 4a00 | 0000 4883 | b820 0100 | 0000 7517 | 4889 b820 | 0100 0048 | c780 2801 | 0000 0100 
  0x0000012cb2849488: 0000 e929 | 0000 0048 | 83b8 3001 | 0000 0075 | 1748 89b8 | 3001 0000 | 48c7 8038 | 0100 0001 
  0x0000012cb28494a8: 0000 00e9 | 0800 0000 | 4883 8010 | 0100 0001 | 8b7e 1048 

  0x0000012cb28494bc: ;   {metadata(method data for {method} {0x0000012cc53dc408} 'checkExactType' '(Ljava/lang/invoke/MethodHandle;Ljava/lang/invoke/MethodType;)V' in 'java/lang/invoke/Invokers')}
  0x0000012cb28494bc: 3bfb 48bb | 48ba 19da | 2c01 0000 | 48c7 c058 | 0100 0075 | 0748 c7c0 | 4801 0000 | 488b 0c03 
  0x0000012cb28494dc: 488d 4901 | 4889 0c03 | 0f85 c101 

  0x0000012cb28494e8: ;   {metadata(method data for {method} {0x0000012cc50ae5c8} 'invokeExact_MT' '(Ljava/lang/Object;Ljava/lang/Object;Ljava/lang/Object;)Ljava/lang/Object;' in 'java/lang/invoke/Invokers$Holder')}
  0x0000012cb28494e8: 0000 48bf | 28de 1fda | 2c01 0000 | 4883 87b8 | 0100 0001 

  0x0000012cb28494fc: ;   {metadata(method data for {method} {0x0000012cc53dc300} 'checkCustomized' '(Ljava/lang/invoke/MethodHandle;)V' in 'java/lang/invoke/Invokers')}
  0x0000012cb28494fc: 48bf a8d0 | 1fda 2c01 | 0000 8b9f | cc00 0000 | 83c3 0289 | 9fcc 0000 | 0081 e3fe | ff1f 0085 
  0x0000012cb284951c: db0f 8445 

  0x0000012cb2849520: ;   {metadata(method data for {method} {0x0000012cc53dc300} 'checkCustomized' '(Ljava/lang/invoke/MethodHandle;)V' in 'java/lang/invoke/Invokers')}
  0x0000012cb2849520: 0c00 0048 | bfa8 d01f | da2c 0100 | 0048 8387 | 1001 0000 

  0x0000012cb2849534: ;   {metadata(method data for {method} {0x0000012cc50944d8} 'isCompileConstant' '(Ljava/lang/Object;)Z' in 'java/lang/invoke/MethodHandleImpl')}
  0x0000012cb2849534: 0148 bf58 | d21f da2c | 0100 008b | 9fcc 0000 | 0083 c302 | 899f cc00 | 0000 81e3 | feff 1f00 
  0x0000012cb2849554: 85db 0f84 | 2d0c 0000 

  0x0000012cb284955c: ;   {metadata(method data for {method} {0x0000012cc53dc300} 'checkCustomized' '(Ljava/lang/invoke/MethodHandle;)V' in 'java/lang/invoke/Invokers')}
  0x0000012cb284955c: 48bf a8d0 | 1fda 2c01 | 0000 ff87 | 2001 0000 | 8b7e 148b | 7f1c 4885 

  0x0000012cb2849574: ;   {metadata(method data for {method} {0x0000012cc53dc300} 'checkCustomized' '(Ljava/lang/invoke/MethodHandle;)V' in 'java/lang/invoke/Invokers')}
  0x0000012cb2849574: ff48 bfa8 | d01f da2c | 0100 0048 | c7c3 4001 | 0000 7507 | 48c7 c350 | 0100 0048 | 8b04 1f48 
  0x0000012cb2849594: 8d40 0148 | 8904 1f0f | 8523 0000 

  0x0000012cb28495a0: ;   {metadata(method data for {method} {0x0000012cc53dc300} 'checkCustomized' '(Ljava/lang/invoke/MethodHandle;)V' in 'java/lang/invoke/Invokers')}
  0x0000012cb28495a0: 0048 bfa8 | d01f da2c | 0100 0048 | 8387 6001 | 0000 0148 

  0x0000012cb28495b4: ;   {static_call}
  0x0000012cb28495b4: 8bd6 90e8 

  0x0000012cb28495b8: ; ImmutableOopMap {[176]=Oop [192]=Oop [280]=Oop }
                      ;*invokestatic maybeCustomize {reexecute=0 rethrow=0 return_oop=0}
                      ; - java.lang.invoke.Invokers::checkCustomized@19
                      ; - java.lang.invoke.Invokers$Holder::invokeExact_MT@14
                      ; - jdk.internal.reflect.DirectMethodHandleAccessor::invokeImpl@41
                      ; - jdk.internal.reflect.DirectMethodHandleAccessor::invoke@23
  0x0000012cb28495b8: 8418 e2ff 

  0x0000012cb28495bc: ;   {other}
  0x0000012cb28495bc: 0f1f 8400 | ac20 000a | 488b b424 | 1801 0000 

  0x0000012cb28495cc: ;   {metadata(method data for {method} {0x0000012cc50ae5c8} 'invokeExact_MT' '(Ljava/lang/Object;Ljava/lang/Object;Ljava/lang/Object;)Ljava/lang/Object;' in 'java/lang/invoke/Invokers$Holder')}
  0x0000012cb28495cc: 49b8 28de | 1fda 2c01 | 0000 4983 | 80e0 0100 | 0001 4c8b | 8424 c000 | 0000 488b | 9424 1801 
  0x0000012cb28495ec: ;   {optimized virtual_call}
  0x0000012cb28495ec: 0000 90e8 

  0x0000012cb28495f0: ; ImmutableOopMap {[176]=Oop }
                      ;*invokevirtual invokeBasic {reexecute=0 rethrow=0 return_oop=0}
                      ; - java.lang.invoke.Invokers$Holder::invokeExact_MT@19
                      ; - jdk.internal.reflect.DirectMethodHandleAccessor::invokeImpl@41
                      ; - jdk.internal.reflect.DirectMethodHandleAccessor::invoke@23
  0x0000012cb28495f0: 0ca5 6107 

  0x0000012cb28495f4: ;   {other}
  0x0000012cb28495f4: 0f1f 8400 | e420 000b 

  0x0000012cb28495fc: ;   {metadata(method data for {method} {0x0000012cc50ae5c8} 'invokeExact_MT' '(Ljava/lang/Object;Ljava/lang/Object;Ljava/lang/Object;)Ljava/lang/Object;' in 'java/lang/invoke/Invokers$Holder')}
  0x0000012cb28495fc: 48ba 28de | 1fda 2c01 | 0000 488d | 9228 0200 | 0048 85c0 | 750a f602 | 0175 05f0 | 4883 0a01 
  0x0000012cb284961c: ;   {metadata(method data for {method} {0x0000012cc53c8518} 'invokeImpl' '(Ljava/lang/Object;[Ljava/lang/Object;)Ljava/lang/Object;' in 'jdk/internal/reflect/DirectMethodHandleAccessor')}
  0x0000012cb284961c: 48ba 5862 | 9ada 2c01 | 0000 488d | 92b8 0100 | 0048 85c0 | 750c f602 | 0175 4ef0 | 4883 0a01 
  0x0000012cb284963c: eb47 448b | 4008 49ba | 0000 00c5 | 2c01 0000 | 4d03 c24d | 8bd0 4c33 | 0249 f7c0 | fcff ffff 
  0x0000012cb284965c: 7427 41f6 | c002 7521 | 48f7 02fe | ffff ff74 | 154d 8bc2 | 4c33 0249 | f7c0 fcff | ffff 7409 
  0x0000012cb284967c: 4883 0a02 | eb03 4c89 

  0x0000012cb2849684: ;   {metadata(method data for {method} {0x0000012cc53c8518} 'invokeImpl' '(Ljava/lang/Object;[Ljava/lang/Object;)Ljava/lang/Object;' in 'jdk/internal/reflect/DirectMethodHandleAccessor')}
  0x0000012cb2849684: 0248 ba58 | 629a da2c | 0100 00ff | 82c8 0100 | 0048 81c4 | 7001 0000 

  0x0000012cb284969c: ;   {poll_return}
  0x0000012cb284969c: 5d49 3ba7 | 5004 0000 | 0f87 050b 

  0x0000012cb28496a8: ;   {metadata(method data for {method} {0x0000012cc53dc408} 'checkExactType' '(Ljava/lang/invoke/MethodHandle;Ljava/lang/invoke/MethodType;)V' in 'java/lang/invoke/Invokers')}
  0x0000012cb28496a8: 0000 c348 | ba48 ba19 | da2c 0100 | 0048 8382 | 6801 0000 

  0x0000012cb28496bc: ;   {oop(a 'java/lang/invoke/MethodType'{0x00000000e008a310} = (Ljava/lang/Object;)Ljava/lang/Object;)}
  0x0000012cb28496bc: 0149 b810 | a308 e000 | 0000 0048 | 8bd7 0f1f 

  0x0000012cb28496cc: ;   {static_call}
  0x0000012cb28496cc: 4400 00e8 

  0x0000012cb28496d0: ; ImmutableOopMap {[176]=Oop [192]=Oop [280]=Oop }
                      ;*invokestatic newWrongMethodTypeException {reexecute=0 rethrow=0 return_oop=0}
                      ; - java.lang.invoke.Invokers::checkExactType@12
                      ; - java.lang.invoke.Invokers$Holder::invokeExact_MT@10
                      ; - jdk.internal.reflect.DirectMethodHandleAccessor::invokeImpl@41
                      ; - jdk.internal.reflect.DirectMethodHandleAccessor::invoke@23
  0x0000012cb28496d0: ac59 0c07 

  0x0000012cb28496d4: ;   {other}
  0x0000012cb28496d4: 0f1f 8400 | c421 000c 

  0x0000012cb28496dc: ; implicit exception: dispatches to 0x0000012cb284a1c5
                      ; ImmutableOopMap {rax=Oop [176]=Oop [192]=Oop [280]=Oop }
                      ;*athrow {reexecute=1 rethrow=0 return_oop=0}
                      ; - (reexecute) java.lang.invoke.Invokers::checkExactType@15
                      ; - java.lang.invoke.Invokers$Holder::invokeExact_MT@10
                      ; - jdk.internal.reflect.DirectMethodHandleAccessor::invokeImpl@41
                      ; - jdk.internal.reflect.DirectMethodHandleAccessor::invoke@23
                      ;   {section_word}
  0x0000012cb28496dc: 483b 0048 | badf 9684 | b22c 0100 

  0x0000012cb28496e8: ;   {runtime_call handle_exception_nofpu Runtime1 stub}
  0x0000012cb28496e8: 00e8 1234 

  0x0000012cb28496ec: ;   {metadata(method data for {method} {0x0000012cc53dc408} 'checkExactType' '(Ljava/lang/invoke/MethodHandle;Ljava/lang/invoke/MethodType;)V' in 'java/lang/invoke/Invokers')}
  0x0000012cb28496ec: 0f07 9048 | ba48 ba19 | da2c 0100 | 0048 8382 | 6801 0000 

  0x0000012cb2849700: ;   {oop(a 'java/lang/invoke/MethodType'{0x00000000e008a388} = (Ljava/lang/Object;Ljava/lang/Object;)Ljava/lang/Object;)}
  0x0000012cb2849700: 0149 b888 | a308 e000 | 0000 0048 

  0x0000012cb284970c: ;   {static_call}
  0x0000012cb284970c: 8bd3 90e8 

  0x0000012cb2849710: ; ImmutableOopMap {[176]=Oop [192]=Oop [264]=Oop [272]=Oop }
                      ;*invokestatic newWrongMethodTypeException {reexecute=0 rethrow=0 return_oop=0}
                      ; - java.lang.invoke.Invokers::checkExactType@12
                      ; - java.lang.invoke.Invokers$Holder::invokeExact_MT@10
                      ; - jdk.internal.reflect.DirectMethodHandleAccessor::invokeImpl@55
                      ; - jdk.internal.reflect.DirectMethodHandleAccessor::invoke@23
  0x0000012cb2849710: 6c59 0c07 

  0x0000012cb2849714: ;   {other}
  0x0000012cb2849714: 0f1f 8400 | 0422 000e 

  0x0000012cb284971c: ; implicit exception: dispatches to 0x0000012cb284a1ca
                      ; ImmutableOopMap {rax=Oop [176]=Oop [192]=Oop [264]=Oop [272]=Oop }
                      ;*athrow {reexecute=1 rethrow=0 return_oop=0}
                      ; - (reexecute) java.lang.invoke.Invokers::checkExactType@15
                      ; - java.lang.invoke.Invokers$Holder::invokeExact_MT@10
                      ; - jdk.internal.reflect.DirectMethodHandleAccessor::invokeImpl@55
                      ; - jdk.internal.reflect.DirectMethodHandleAccessor::invoke@23
                      ;   {section_word}
  0x0000012cb284971c: 483b 0048 | ba1f 9784 | b22c 0100 

  0x0000012cb2849728: ;   {runtime_call handle_exception_nofpu Runtime1 stub}
  0x0000012cb2849728: 00e8 d233 

  0x0000012cb284972c: ;   {metadata(method data for {method} {0x0000012cc53dc408} 'checkExactType' '(Ljava/lang/invoke/MethodHandle;Ljava/lang/invoke/MethodType;)V' in 'java/lang/invoke/Invokers')}
  0x0000012cb284972c: 0f07 9048 | ba48 ba19 | da2c 0100 | 0048 8382 | 6801 0000 

  0x0000012cb2849740: ;   {oop(a 'java/lang/invoke/MethodType'{0x00000000e008a418} = (Ljava/lang/Object;Ljava/lang/Object;Ljava/lang/Object;)Ljava/lang/Object;)}
  0x0000012cb2849740: 0149 b818 | a408 e000 | 0000 0048 

  0x0000012cb284974c: ;   {static_call}
  0x0000012cb284974c: 8bd0 90e8 

  0x0000012cb2849750: ; ImmutableOopMap {[176]=Oop [192]=Oop [240]=Oop [248]=Oop [256]=Oop }
                      ;*invokestatic newWrongMethodTypeException {reexecute=0 rethrow=0 return_oop=0}
                      ; - java.lang.invoke.Invokers::checkExactType@12
                      ; - java.lang.invoke.LambdaForm$MH/0x0000012cc6002800::invokeExact_MT@11
                      ; - jdk.internal.reflect.DirectMethodHandleAccessor::invokeImpl@72
                      ; - jdk.internal.reflect.DirectMethodHandleAccessor::invoke@23
  0x0000012cb2849750: 2c59 0c07 

  0x0000012cb2849754: ;   {other}
  0x0000012cb2849754: 0f1f 8400 | 4422 0010 

  0x0000012cb284975c: ; implicit exception: dispatches to 0x0000012cb284a1cf
                      ; ImmutableOopMap {rax=Oop [176]=Oop [192]=Oop [240]=Oop [248]=Oop [256]=Oop }
                      ;*athrow {reexecute=1 rethrow=0 return_oop=0}
                      ; - (reexecute) java.lang.invoke.Invokers::checkExactType@15
                      ; - java.lang.invoke.LambdaForm$MH/0x0000012cc6002800::invokeExact_MT@11
                      ; - jdk.internal.reflect.DirectMethodHandleAccessor::invokeImpl@72
                      ; - jdk.internal.reflect.DirectMethodHandleAccessor::invoke@23
                      ;   {section_word}
  0x0000012cb284975c: 483b 0048 | ba5f 9784 | b22c 0100 

  0x0000012cb2849768: ;   {runtime_call handle_exception_nofpu Runtime1 stub}
  0x0000012cb2849768: 00e8 9233 

  0x0000012cb284976c: ;   {metadata(method data for {method} {0x0000012cc53dc408} 'checkExactType' '(Ljava/lang/invoke/MethodHandle;Ljava/lang/invoke/MethodType;)V' in 'java/lang/invoke/Invokers')}
  0x0000012cb284976c: 0f07 9048 | ba48 ba19 | da2c 0100 | 0048 8382 | 6801 0000 

  0x0000012cb2849780: ;   {oop(a 'java/lang/invoke/MethodType'{0x00000000e009afc8} = (Ljava/lang/Object;Ljava/lang/Object;Ljava/lang/Object;Ljava/lang/Object;)Ljava/lang/Object;)}
  0x0000012cb2849780: 0149 b8c8 | af09 e000 | 0000 0048 

  0x0000012cb284978c: ;   {static_call}
  0x0000012cb284978c: 8bd1 90e8 

  0x0000012cb2849790: ; ImmutableOopMap {[176]=Oop [192]=Oop [208]=Oop [216]=Oop [224]=Oop [232]=Oop }
                      ;*invokestatic newWrongMethodTypeException {reexecute=0 rethrow=0 return_oop=0}
                      ; - java.lang.invoke.Invokers::checkExactType@12
                      ; - java.lang.invoke.LambdaForm$MH/0x0000012cc60f1000::invokeExact_MT@11
                      ; - jdk.internal.reflect.DirectMethodHandleAccessor::invokeImpl@92
                      ; - jdk.internal.reflect.DirectMethodHandleAccessor::invoke@23
  0x0000012cb2849790: ec58 0c07 

  0x0000012cb2849794: ;   {other}
  0x0000012cb2849794: 0f1f 8400 | 8422 0012 

  0x0000012cb284979c: ; implicit exception: dispatches to 0x0000012cb284a1d4
                      ; ImmutableOopMap {rax=Oop [176]=Oop [192]=Oop [208]=Oop [216]=Oop [224]=Oop [232]=Oop }
                      ;*athrow {reexecute=1 rethrow=0 return_oop=0}
                      ; - (reexecute) java.lang.invoke.Invokers::checkExactType@15
                      ; - java.lang.invoke.LambdaForm$MH/0x0000012cc60f1000::invokeExact_MT@11
                      ; - jdk.internal.reflect.DirectMethodHandleAccessor::invokeImpl@92
                      ; - jdk.internal.reflect.DirectMethodHandleAccessor::invoke@23
                      ;   {section_word}
  0x0000012cb284979c: 483b 0048 | ba9f 9784 | b22c 0100 

  0x0000012cb28497a8: ;   {runtime_call handle_exception_nofpu Runtime1 stub}
  0x0000012cb28497a8: 00e8 5233 

  0x0000012cb28497ac: ;   {metadata(method data for {method} {0x0000012cc53dc408} 'checkExactType' '(Ljava/lang/invoke/MethodHandle;Ljava/lang/invoke/MethodType;)V' in 'java/lang/invoke/Invokers')}
  0x0000012cb28497ac: 0f07 9048 | ba48 ba19 | da2c 0100 | 0048 8382 | 6801 0000 

  0x0000012cb28497c0: ;   {oop(a 'java/lang/invoke/MethodType'{0x00000000ead41388} = (Ljava/lang/Object;[Ljava/lang/Object;)Ljava/lang/Object;)}
  0x0000012cb28497c0: 0149 b888 | 13d4 ea00 | 0000 0048 

  0x0000012cb28497cc: ;   {static_call}
  0x0000012cb28497cc: 8bd7 90e8 

  0x0000012cb28497d0: ; ImmutableOopMap {[176]=Oop [184]=Oop [192]=Oop [200]=Oop }
                      ;*invokestatic newWrongMethodTypeException {reexecute=0 rethrow=0 return_oop=0}
                      ; - java.lang.invoke.Invokers::checkExactType@12
                      ; - java.lang.invoke.Invokers$Holder::invokeExact_MT@10
                      ; - jdk.internal.reflect.DirectMethodHandleAccessor::invokeImpl@104
                      ; - jdk.internal.reflect.DirectMethodHandleAccessor::invoke@23
  0x0000012cb28497d0: ac58 0c07 

  0x0000012cb28497d4: ;   {other}
  0x0000012cb28497d4: 0f1f 8400 | c422 0014 

  0x0000012cb28497dc: ; implicit exception: dispatches to 0x0000012cb284a1d9
                      ; ImmutableOopMap {rax=Oop [176]=Oop [184]=Oop [192]=Oop [200]=Oop }
                      ;*athrow {reexecute=1 rethrow=0 return_oop=0}
                      ; - (reexecute) java.lang.invoke.Invokers::checkExactType@15
                      ; - java.lang.invoke.Invokers$Holder::invokeExact_MT@10
                      ; - jdk.internal.reflect.DirectMethodHandleAccessor::invokeImpl@104
                      ; - jdk.internal.reflect.DirectMethodHandleAccessor::invoke@23
                      ;   {section_word}
  0x0000012cb28497dc: 483b 0048 | badf 9784 | b22c 0100 

  0x0000012cb28497e8: ;   {runtime_call handle_exception_nofpu Runtime1 stub}
  0x0000012cb28497e8: 00e8 1233 | 0f07 9049 | 8b87 0005 | 0000 4d33 | d24d 8997 | 0005 0000 | 4d33 d24d | 8997 0805 
  0x0000012cb2849808: 0000 488b | 9424 b000 

  0x0000012cb2849810: ;   {metadata(method data for {method} {0x0000012cc519cf00} 'invoke' '(Ljava/lang/Object;[Ljava/lang/Object;)Ljava/lang/Object;' in 'jdk/internal/reflect/DirectMethodHandleAccessor')}
  0x0000012cb2849810: 0000 49b8 | c85a 9ada | 2c01 0000 | 4983 8060 | 0200 0001 

  0x0000012cb2849824: ;   {metadata(method data for {method} {0x0000012cc53c84c0} 'isIllegalArgument' '(Ljava/lang/RuntimeException;)Z' in 'jdk/internal/reflect/DirectMethodHandleAccessor')}
  0x0000012cb2849824: 48ba 7066 | 9ada 2c01 | 0000 448b | 82cc 0000 | 0041 83c0 | 0244 8982 | cc00 0000 | 4181 e0fe 
  0x0000012cb2849844: ff1f 0045 | 85c0 0f84 | 8e09 0000 

  0x0000012cb2849850: ;   {oop(a 'java/lang/Class'{0x00000000e00345c8} = 'jdk/internal/reflect/DirectMethodHandleAccessor')}
  0x0000012cb2849850: 48ba c845 | 03e0 0000 | 0000 4c8b | c048 8984 | 2420 0100 

  0x0000012cb2849864: ;   {static_call}
  0x0000012cb2849864: 0066 90e8 

  0x0000012cb2849868: ; ImmutableOopMap {[288]=Oop }
                      ;*invokestatic isIllegalArgument {reexecute=0 rethrow=0 return_oop=0}
                      ; - jdk.internal.reflect.DirectMethodHandleAccessor::isIllegalArgument@3
                      ; - jdk.internal.reflect.DirectMethodHandleAccessor::invoke@58
  0x0000012cb2849868: 1458 0c07 

  0x0000012cb284986c: ;   {other}
  0x0000012cb284986c: 0f1f 8400 | 5c23 0016 | 83e0 0185 

  0x0000012cb2849878: ;   {metadata(method data for {method} {0x0000012cc519cf00} 'invoke' '(Ljava/lang/Object;[Ljava/lang/Object;)Ljava/lang/Object;' in 'jdk/internal/reflect/DirectMethodHandleAccessor')}
  0x0000012cb2849878: c048 b8c8 | 5a9a da2c | 0100 0048 | c7c2 9802 | 0000 7407 | 48c7 c2a8 | 0200 004c | 8b04 104d 
  0x0000012cb2849898: 8d40 014c | 8904 100f | 84bc 0200 | 00e9 0f02 | 0000 498b | 8700 0500 | 004d 33d2 | 4d89 9700 
  0x0000012cb28498b8: 0500 004d | 33d2 4d89 | 9708 0500 | 0048 8b94 | 24b0 0000 

  0x0000012cb28498cc: ;   {metadata(method data for {method} {0x0000012cc519cf00} 'invoke' '(Ljava/lang/Object;[Ljava/lang/Object;)Ljava/lang/Object;' in 'jdk/internal/reflect/DirectMethodHandleAccessor')}
  0x0000012cb28498cc: 0049 b8c8 | 5a9a da2c | 0100 0049 | 8380 e801 

  0x0000012cb28498dc: ;   {metadata(method data for {method} {0x0000012cc53c84c0} 'isIllegalArgument' '(Ljava/lang/RuntimeException;)Z' in 'jdk/internal/reflect/DirectMethodHandleAccessor')}
  0x0000012cb28498dc: 0000 0148 | ba70 669a | da2c 0100 | 0044 8b82 | cc00 0000 | 4183 c002 | 4489 82cc | 0000 0041 
  0x0000012cb28498fc: 81e0 feff | 1f00 4585 | c00f 84f4 

  0x0000012cb2849908: ;   {oop(a 'java/lang/Class'{0x00000000e00345c8} = 'jdk/internal/reflect/DirectMethodHandleAccessor')}
  0x0000012cb2849908: 0800 0048 | bac8 4503 | e000 0000 | 004c 8bc0 | 4889 8424 | 2801 0000 | 0f1f 8000 

  0x0000012cb2849924: ;   {static_call}
  0x0000012cb2849924: 0000 00e8 

  0x0000012cb2849928: ; ImmutableOopMap {[296]=Oop }
                      ;*invokestatic isIllegalArgument {reexecute=0 rethrow=0 return_oop=0}
                      ; - jdk.internal.reflect.DirectMethodHandleAccessor::isIllegalArgument@3
                      ; - jdk.internal.reflect.DirectMethodHandleAccessor::invoke@30
  0x0000012cb2849928: 5457 0c07 

  0x0000012cb284992c: ;   {other}
  0x0000012cb284992c: 0f1f 8400 | 1c24 0017 | 83e0 0185 

  0x0000012cb2849938: ;   {metadata(method data for {method} {0x0000012cc519cf00} 'invoke' '(Ljava/lang/Object;[Ljava/lang/Object;)Ljava/lang/Object;' in 'jdk/internal/reflect/DirectMethodHandleAccessor')}
  0x0000012cb2849938: c048 bac8 | 5a9a da2c | 0100 0048 | c7c6 2002 | 0000 7407 | 48c7 c630 | 0200 0048 | 8b3c 3248 
  0x0000012cb2849958: 8d7f 0148 | 893c 320f | 84a4 0000 | 0066 6690 

  0x0000012cb2849968: ;   {no_reloc}
  0x0000012cb2849968: e9c2 0800 | 0000 0000 | 0000 498b | 87b8 0100 | 0048 8d78 | 2849 3bbf | c801 0000 | 0f87 af08 
  0x0000012cb2849988: 0000 4989 | bfb8 0100 | 0048 c700 | 0100 0000 | 488b ca49 | ba00 0000 | c52c 0100 | 0049 2bca 
  0x0000012cb28499a8: 8948 0848 | 33c9 8948 | 0c48 33c9 | 4889 4810 | 4889 4818 | 4889 4820 

  0x0000012cb28499c0: ;   {metadata(method data for {method} {0x0000012cc519cf00} 'invoke' '(Ljava/lang/Object;[Ljava/lang/Object;)Ljava/lang/Object;' in 'jdk/internal/reflect/DirectMethodHandleAccessor')}
  0x0000012cb28499c0: 4c8b c048 | bac8 5a9a | da2c 0100 | 0048 8382 | 4002 0000 

  0x0000012cb28499d4: ;   {oop("argument type mismatch"{0x00000000ead413b0})}
  0x0000012cb28499d4: 0149 b8b0 | 13d4 ea00 | 0000 0048 | 8bd0 4889 | 8424 3001 | 0000 0f1f 

  0x0000012cb28499ec: ;   {optimized virtual_call}
  0x0000012cb28499ec: 4400 00e8 

  0x0000012cb28499f0: ; ImmutableOopMap {[304]=Oop }
                      ;*invokespecial <init> {reexecute=0 rethrow=0 return_oop=0}
                      ; - jdk.internal.reflect.DirectMethodHandleAccessor::invoke@42
  0x0000012cb28499f0: 8c50 0c07 

  0x0000012cb28499f4: ;   {other}
  0x0000012cb28499f4: 0f1f 8400 | e424 0018 | 488b 8424 | 3001 0000 | e927 0900 | 004c 8b84 | 2428 0100 | 000f 1f80 
  0x0000012cb2849a14: 0000 0000 

  0x0000012cb2849a18: ;   {no_reloc}
  0x0000012cb2849a18: e938 0800 | 0000 0000 | 0000 80ba | 3101 0000 | 040f 8535 | 0800 0049 | 8b87 b801 | 0000 488d 
  0x0000012cb2849a38: 7828 493b | bfc8 0100 | 000f 871d | 0800 0049 | 89bf b801 | 0000 48c7 | 0001 0000 | 0048 8bca 
  0x0000012cb2849a58: 49ba 0000 | 00c5 2c01 | 0000 492b | ca89 4808 | 4833 c989 | 480c 4833 | c948 8948 | 1048 8948 
  0x0000012cb2849a78: 1848 8948 | 2048 8bd0 

  0x0000012cb2849a80: ;   {metadata(method data for {method} {0x0000012cc519cf00} 'invoke' '(Ljava/lang/Object;[Ljava/lang/Object;)Ljava/lang/Object;' in 'jdk/internal/reflect/DirectMethodHandleAccessor')}
  0x0000012cb2849a80: 48be c85a | 9ada 2c01 | 0000 4883 | 8650 0200 | 0001 488b | d048 8984 | 2438 0100 

  0x0000012cb2849a9c: ;   {optimized virtual_call}
  0x0000012cb2849a9c: 0066 90e8 

  0x0000012cb2849aa0: ; ImmutableOopMap {[312]=Oop }
                      ;*invokespecial <init> {reexecute=0 rethrow=0 return_oop=0}
                      ; - jdk.internal.reflect.DirectMethodHandleAccessor::invoke@51
  0x0000012cb2849aa0: dc4f 0c07 

  0x0000012cb2849aa4: ;   {other}
  0x0000012cb2849aa4: 0f1f 8400 | 9425 0019 | 488b 8424 | 3801 0000 | e977 0800 | 000f 1f80 | 0000 0000 

  0x0000012cb2849ac0: ;   {no_reloc}
  0x0000012cb2849ac0: e9bb 0700 | 0000 0000 | 0000 498b | 87b8 0100 | 0048 8d78 | 2849 3bbf | c801 0000 | 0f87 a807 
  0x0000012cb2849ae0: 0000 4989 | bfb8 0100 | 0048 c700 | 0100 0000 | 488b ca49 | ba00 0000 | c52c 0100 | 0049 2bca 
  0x0000012cb2849b00: 8948 0848 | 33c9 8948 | 0c48 33c9 | 4889 4810 | 4889 4818 | 4889 4820 

  0x0000012cb2849b18: ;   {metadata(method data for {method} {0x0000012cc519cf00} 'invoke' '(Ljava/lang/Object;[Ljava/lang/Object;)Ljava/lang/Object;' in 'jdk/internal/reflect/DirectMethodHandleAccessor')}
  0x0000012cb2849b18: 4c8b c048 | bac8 5a9a | da2c 0100 | 0048 8382 | b802 0000 | 014c 8b84 | 2420 0100 | 0048 8bd0 
  0x0000012cb2849b38: 4889 8424 | 4001 0000 | 0f1f 8000 

  0x0000012cb2849b44: ;   {optimized virtual_call}
  0x0000012cb2849b44: 0000 00e8 

  0x0000012cb2849b48: ; ImmutableOopMap {[320]=Oop }
                      ;*invokespecial <init> {reexecute=0 rethrow=0 return_oop=0}
                      ; - jdk.internal.reflect.DirectMethodHandleAccessor::invoke@69
  0x0000012cb2849b48: 344f 0c07 

  0x0000012cb2849b4c: ;   {other}
  0x0000012cb2849b4c: 0f1f 8400 | 3c26 001a | 488b 8424 | 4001 0000 | e9cf 0700 | 004c 8b84 | 2420 0100 | 000f 1f80 
  0x0000012cb2849b6c: 0000 0000 

  0x0000012cb2849b70: ;   {no_reloc}
  0x0000012cb2849b70: e931 0700 | 0000 0000 | 0000 80ba | 3101 0000 | 040f 852e | 0700 0049 | 8b87 b801 | 0000 488d 
  0x0000012cb2849b90: 7828 493b | bfc8 0100 | 000f 8716 | 0700 0049 | 89bf b801 | 0000 48c7 | 0001 0000 | 0048 8bca 
  0x0000012cb2849bb0: 49ba 0000 | 00c5 2c01 | 0000 492b | ca89 4808 | 4833 c989 | 480c 4833 | c948 8948 | 1048 8948 
  0x0000012cb2849bd0: 1848 8948 | 2048 8bd0 

  0x0000012cb2849bd8: ;   {metadata(method data for {method} {0x0000012cc519cf00} 'invoke' '(Ljava/lang/Object;[Ljava/lang/Object;)Ljava/lang/Object;' in 'jdk/internal/reflect/DirectMethodHandleAccessor')}
  0x0000012cb2849bd8: 48be c85a | 9ada 2c01 | 0000 4883 | 86c8 0200 | 0001 488b | d048 8984 | 2448 0100 

  0x0000012cb2849bf4: ;   {optimized virtual_call}
  0x0000012cb2849bf4: 0066 90e8 

  0x0000012cb2849bf8: ; ImmutableOopMap {[328]=Oop }
                      ;*invokespecial <init> {reexecute=0 rethrow=0 return_oop=0}
                      ; - jdk.internal.reflect.DirectMethodHandleAccessor::invoke@78
  0x0000012cb2849bf8: 844e 0c07 

  0x0000012cb2849bfc: ;   {other}
  0x0000012cb2849bfc: 0f1f 8400 | ec26 001b | 488b 8424 | 4801 0000 | e91f 0700 | 000f 1f80 | 0000 0000 

  0x0000012cb2849c18: ;   {no_reloc}
  0x0000012cb2849c18: e9b4 0600 | 0000 0000 | 0000 498b | 87b8 0100 | 0048 8d78 | 2849 3bbf | c801 0000 | 0f87 a106 
  0x0000012cb2849c38: 0000 4989 | bfb8 0100 | 0048 c700 | 0100 0000 | 488b ca49 | ba00 0000 | c52c 0100 | 0049 2bca 
  0x0000012cb2849c58: 8948 0848 | 33c9 8948 | 0c48 33c9 | 4889 4810 | 4889 4818 | 4889 4820 

  0x0000012cb2849c70: ;   {metadata(method data for {method} {0x0000012cc53c86d0} 'checkReceiver' '(Ljava/lang/Object;)V' in 'jdk/internal/reflect/DirectMethodHandleAccessor')}
  0x0000012cb2849c70: 488b d048 | be68 9036 | da2c 0100 | 0048 8386 | a001 0000 

  0x0000012cb2849c84: ;   {oop("object is not an instance of declaring class"{0x00000000ead413c8})}
  0x0000012cb2849c84: 0149 b8c8 | 13d4 ea00 | 0000 0048 | 8bd0 4889 | 8424 5001 | 0000 0f1f 

  0x0000012cb2849c9c: ;   {optimized virtual_call}
  0x0000012cb2849c9c: 4400 00e8 

  0x0000012cb2849ca0: ; ImmutableOopMap {[176]=Oop [184]=Oop [192]=Oop [336]=Oop }
                      ;*invokespecial <init> {reexecute=0 rethrow=0 return_oop=0}
                      ; - jdk.internal.reflect.DirectMethodHandleAccessor::checkReceiver@20
                      ; - jdk.internal.reflect.DirectMethodHandleAccessor::invoke@9
  0x0000012cb2849ca0: dc4d 0c07 

  0x0000012cb2849ca4: ;   {other}
  0x0000012cb2849ca4: 0f1f 8400 | 9427 001c | 488b 8424 | 5001 0000 | e977 0600 | 0049 8b87 | 0005 0000 | 4d33 d24d 
  0x0000012cb2849cc4: 8997 0005 | 0000 4d33 | d24d 8997 | 0805 0000 | 4c8b c090 

  0x0000012cb2849cd8: ;   {metadata('java/lang/reflect/InvocationTargetException')}
  0x0000012cb2849cd8: 48ba 68a6 | 04c6 2c01 | 0000 80ba | 3101 0000 | 040f 8517 | 0600 0049 | 8b87 b801 | 0000 488d 
  0x0000012cb2849cf8: 7828 493b | bfc8 0100 | 000f 87ff | 0500 0049 | 89bf b801 | 0000 48c7 | 0001 0000 | 0048 8bca 
  0x0000012cb2849d18: 49ba 0000 | 00c5 2c01 | 0000 492b | ca89 4808 | 4833 c989 | 480c 4833 | c948 8948 | 1048 8948 
  0x0000012cb2849d38: 1848 8948 | 2048 8bd0 

  0x0000012cb2849d40: ;   {metadata(method data for {method} {0x0000012cc519cf00} 'invoke' '(Ljava/lang/Object;[Ljava/lang/Object;)Ljava/lang/Object;' in 'jdk/internal/reflect/DirectMethodHandleAccessor')}
  0x0000012cb2849d40: 48be c85a | 9ada 2c01 | 0000 4883 | 86d8 0200 | 0001 488b | d048 8984 | 2458 0100 

  0x0000012cb2849d5c: ;   {optimized virtual_call}
  0x0000012cb2849d5c: 0066 90e8 

  0x0000012cb2849d60: ; ImmutableOopMap {[344]=Oop }
                      ;*invokespecial <init> {reexecute=0 rethrow=0 return_oop=0}
                      ; - jdk.internal.reflect.DirectMethodHandleAccessor::invoke@88
  0x0000012cb2849d60: 2106 0000 

  0x0000012cb2849d64: ;   {other}
  0x0000012cb2849d64: 0f1f 8400 | 5428 001d | 488b 8424 | 5801 0000 | e9b7 0500 

  0x0000012cb2849d78: ;   {metadata({method} {0x0000012cc519cf00} 'invoke' '(Ljava/lang/Object;[Ljava/lang/Object;)Ljava/lang/Object;' in 'jdk/internal/reflect/DirectMethodHandleAccessor')}
  0x0000012cb2849d78: 0049 baf8 | ce19 c52c | 0100 004c | 8954 2408 | 48c7 0424 | ffff ffff 

  0x0000012cb2849d90: ;   {runtime_call counter_overflow Runtime1 stub}
  0x0000012cb2849d90: e8eb 3c18 

  0x0000012cb2849d94: ; ImmutableOopMap {rdx=Oop r8=Oop r9=Oop [176]=Oop [184]=Oop [192]=Oop }
                      ;*synchronization entry
                      ; - jdk.internal.reflect.DirectMethodHandleAccessor::invoke@-1
  0x0000012cb2849d94: 07e9 24dd 

  0x0000012cb2849d98: ;   {metadata({method} {0x0000012cc53c8780} 'isStatic' '()Z' in 'jdk/internal/reflect/DirectMethodHandleAccessor')}
  0x0000012cb2849d98: ffff 49ba | 7887 3cc5 | 2c01 0000 | 4c89 5424 | 0848 c704 | 24ff ffff 

  0x0000012cb2849db0: ;   {runtime_call counter_overflow Runtime1 stub}
  0x0000012cb2849db0: ffe8 ca3c 

  0x0000012cb2849db4: ; ImmutableOopMap {rdx=Oop r8=Oop r9=Oop [176]=Oop [184]=Oop [192]=Oop }
                      ;*synchronization entry
                      ; - jdk.internal.reflect.DirectMethodHandleAccessor::isStatic@-1
                      ; - jdk.internal.reflect.DirectMethodHandleAccessor::invoke@1
  0x0000012cb2849db4: 1807 e93f 

  0x0000012cb2849db8: ;   {metadata({method} {0x0000012cc53c86d0} 'checkReceiver' '(Ljava/lang/Object;)V' in 'jdk/internal/reflect/DirectMethodHandleAccessor')}
  0x0000012cb2849db8: ddff ff49 | bac8 863c | c52c 0100 | 004c 8954 | 2408 48c7 | 0424 ffff 

  0x0000012cb2849dd0: ;   {runtime_call counter_overflow Runtime1 stub}
  0x0000012cb2849dd0: ffff e8a9 

  0x0000012cb2849dd4: ; ImmutableOopMap {rdx=Oop r8=Oop [176]=Oop [184]=Oop [192]=Oop }
                      ;*synchronization entry
                      ; - jdk.internal.reflect.DirectMethodHandleAccessor::checkReceiver@-1
                      ; - jdk.internal.reflect.DirectMethodHandleAccessor::invoke@9
  0x0000012cb2849dd4: 3c18 07e9 | e5dd ffff 

  0x0000012cb2849ddc: ;   {runtime_call throw_null_pointer_exception Runtime1 stub}
  0x0000012cb2849ddc: e81f 450f 

  0x0000012cb2849de0: ; ImmutableOopMap {rdx=Oop r8=Oop rsi=Oop [176]=Oop [184]=Oop [192]=Oop }
                      ;*invokevirtual getClass {reexecute=0 rethrow=0 return_oop=0}
                      ; - jdk.internal.reflect.DirectMethodHandleAccessor::checkReceiver@5
                      ; - jdk.internal.reflect.DirectMethodHandleAccessor::invoke@9
                      ;   {runtime_call throw_null_pointer_exception Runtime1 stub}
  0x0000012cb2849de0: 07e8 1a45 

  0x0000012cb2849de4: ; ImmutableOopMap {rdx=Oop r8=Oop rsi=Oop rdi=Oop [176]=Oop [184]=Oop [192]=Oop }
                      ;*invokevirtual isAssignableFrom {reexecute=0 rethrow=0 return_oop=0}
                      ; - jdk.internal.reflect.DirectMethodHandleAccessor::checkReceiver@8
                      ; - jdk.internal.reflect.DirectMethodHandleAccessor::invoke@9
                      ;   {metadata({method} {0x0000012cc53c8518} 'invokeImpl' '(Ljava/lang/Object;[Ljava/lang/Object;)Ljava/lang/Object;' in 'jdk/internal/reflect/DirectMethodHandleAccessor')}
  0x0000012cb2849de4: 0f07 49ba | 1085 3cc5 | 2c01 0000 | 4c89 5424 | 0848 c704 | 24ff ffff 

  0x0000012cb2849dfc: ;   {runtime_call counter_overflow Runtime1 stub}
  0x0000012cb2849dfc: ffe8 7e3c 

  0x0000012cb2849e00: ; ImmutableOopMap {rdx=Oop [176]=Oop [184]=Oop [192]=Oop }
                      ;*synchronization entry
                      ; - jdk.internal.reflect.DirectMethodHandleAccessor::invokeImpl@-1
                      ; - jdk.internal.reflect.DirectMethodHandleAccessor::invoke@23
  0x0000012cb2849e00: 1807 e9c9 

  0x0000012cb2849e04: ;   {metadata({method} {0x0000012cc50ae518} 'invokeExact_MT' '(Ljava/lang/Object;Ljava/lang/Object;Ljava/lang/Object;Ljava/lang/Object;)Ljava/lang/Object;' in 'java/lang/invoke/Invokers$Holder')}
  0x0000012cb2849e04: deff ff49 | ba10 e50a | c52c 0100 | 004c 8954 | 2408 48c7 | 0424 ffff 

  0x0000012cb2849e1c: ;   {runtime_call counter_overflow Runtime1 stub}
  0x0000012cb2849e1c: ffff e85d 

  0x0000012cb2849e20: ; ImmutableOopMap {rdx=Oop r8=Oop rsi=Oop [176]=Oop [184]=Oop [192]=Oop [200]=Oop }
                      ;*synchronization entry
                      ; - java.lang.invoke.Invokers$Holder::invokeExact_MT@-1
                      ; - jdk.internal.reflect.DirectMethodHandleAccessor::invokeImpl@104
                      ; - jdk.internal.reflect.DirectMethodHandleAccessor::invoke@23
  0x0000012cb2849e20: 3c18 07e9 | 20e0 ffff 

  0x0000012cb2849e28: ;   {metadata({method} {0x0000012cc53dc408} 'checkExactType' '(Ljava/lang/invoke/MethodHandle;Ljava/lang/invoke/MethodType;)V' in 'java/lang/invoke/Invokers')}
  0x0000012cb2849e28: 49ba 00c4 | 3dc5 2c01 | 0000 4c89 | 5424 0848 | c704 24ff 

  0x0000012cb2849e3c: ;   {runtime_call counter_overflow Runtime1 stub}
  0x0000012cb2849e3c: ffff ffe8 

  0x0000012cb2849e40: ; ImmutableOopMap {rdx=Oop r8=Oop rsi=Oop rbx=Oop [176]=Oop [184]=Oop [192]=Oop [200]=Oop }
                      ;*synchronization entry
                      ; - java.lang.invoke.Invokers::checkExactType@-1
                      ; - java.lang.invoke.Invokers$Holder::invokeExact_MT@10
                      ; - jdk.internal.reflect.DirectMethodHandleAccessor::invokeImpl@104
                      ; - jdk.internal.reflect.DirectMethodHandleAccessor::invoke@23
  0x0000012cb2849e40: 3c3c 1807 | e974 e0ff 

  0x0000012cb2849e48: ;   {runtime_call throw_null_pointer_exception Runtime1 stub}
  0x0000012cb2849e48: ffe8 b244 

  0x0000012cb2849e4c: ; ImmutableOopMap {rdx=Oop r8=Oop rsi=Oop rbx=Oop [176]=Oop [184]=Oop [192]=Oop [200]=Oop }
                      ;*invokevirtual type {reexecute=0 rethrow=0 return_oop=0}
                      ; - java.lang.invoke.Invokers::checkExactType@1
                      ; - java.lang.invoke.Invokers$Holder::invokeExact_MT@10
                      ; - jdk.internal.reflect.DirectMethodHandleAccessor::invokeImpl@104
                      ; - jdk.internal.reflect.DirectMethodHandleAccessor::invoke@23
                      ;   {metadata({method} {0x0000012cc53dc300} 'checkCustomized' '(Ljava/lang/invoke/MethodHandle;)V' in 'java/lang/invoke/Invokers')}
  0x0000012cb2849e4c: 0f07 49ba | f8c2 3dc5 | 2c01 0000 | 4c89 5424 | 0848 c704 | 24ff ffff 

  0x0000012cb2849e64: ;   {runtime_call counter_overflow Runtime1 stub}
  0x0000012cb2849e64: ffe8 163c 

  0x0000012cb2849e68: ; ImmutableOopMap {rdx=Oop r8=Oop rsi=Oop [176]=Oop [184]=Oop [192]=Oop [200]=Oop }
                      ;*synchronization entry
                      ; - java.lang.invoke.Invokers::checkCustomized@-1
                      ; - java.lang.invoke.Invokers$Holder::invokeExact_MT@14
                      ; - jdk.internal.reflect.DirectMethodHandleAccessor::invokeImpl@104
                      ; - jdk.internal.reflect.DirectMethodHandleAccessor::invoke@23
  0x0000012cb2849e68: 1807 e94f 

  0x0000012cb2849e6c: ;   {metadata({method} {0x0000012cc50944d8} 'isCompileConstant' '(Ljava/lang/Object;)Z' in 'java/lang/invoke/MethodHandleImpl')}
  0x0000012cb2849e6c: e1ff ff49 | bad0 4409 | c52c 0100 | 004c 8954 | 2408 48c7 | 0424 ffff 

  0x0000012cb2849e84: ;   {runtime_call counter_overflow Runtime1 stub}
  0x0000012cb2849e84: ffff e8f5 

  0x0000012cb2849e88: ; ImmutableOopMap {rdx=Oop r8=Oop rsi=Oop [176]=Oop [184]=Oop [192]=Oop [200]=Oop }
                      ;*synchronization entry
                      ; - java.lang.invoke.MethodHandleImpl::isCompileConstant@-1
                      ; - java.lang.invoke.Invokers::checkCustomized@1
                      ; - java.lang.invoke.Invokers$Holder::invokeExact_MT@14
                      ; - jdk.internal.reflect.DirectMethodHandleAccessor::invokeImpl@104
                      ; - jdk.internal.reflect.DirectMethodHandleAccessor::invoke@23
  0x0000012cb2849e88: 3b18 07e9 | 67e1 ffff 

  0x0000012cb2849e90: ;   {runtime_call throw_null_pointer_exception Runtime1 stub}
  0x0000012cb2849e90: e86b 440f 

  0x0000012cb2849e94: ; ImmutableOopMap {rdx=Oop r8=Oop rsi=Oop [176]=Oop [184]=Oop [192]=Oop [200]=Oop }
                      ;*getfield customized {reexecute=1 rethrow=0 return_oop=0}
                      ; - (reexecute) java.lang.invoke.Invokers::checkCustomized@12
                      ; - java.lang.invoke.Invokers$Holder::invokeExact_MT@14
                      ; - jdk.internal.reflect.DirectMethodHandleAccessor::invokeImpl@104
                      ; - jdk.internal.reflect.DirectMethodHandleAccessor::invoke@23
                      ;   {internal_word}
  0x0000012cb2849e94: 0749 ba4c | 8184 b22c | 0100 004d | 8997 6804 

  0x0000012cb2849ea4: ;   {runtime_call SafepointBlob}
  0x0000012cb2849ea4: 0000 e9d5 

  0x0000012cb2849ea8: ;   {runtime_call throw_null_pointer_exception Runtime1 stub}
  0x0000012cb2849ea8: b50c 07e8 

  0x0000012cb2849eac: ; ImmutableOopMap {rdx=Oop r9=Oop r8=Oop rsi=Oop [176]=Oop [184]=Oop [192]=Oop [216]=Oop }
                      ;*aaload {reexecute=0 rethrow=0 return_oop=0}
                      ; - jdk.internal.reflect.DirectMethodHandleAccessor::invokeImpl@85
                      ; - jdk.internal.reflect.DirectMethodHandleAccessor::invoke@23
  0x0000012cb2849eac: 5044 0f07 

  0x0000012cb2849eb0: ;   {runtime_call throw_null_pointer_exception Runtime1 stub}
  0x0000012cb2849eb0: e84b 440f 

  0x0000012cb2849eb4: ; ImmutableOopMap {rdx=Oop r9=Oop r8=Oop rsi=Oop [176]=Oop [184]=Oop [192]=Oop [216]=Oop }
                      ;*aaload {reexecute=0 rethrow=0 return_oop=0}
                      ; - jdk.internal.reflect.DirectMethodHandleAccessor::invokeImpl@85
                      ; - jdk.internal.reflect.DirectMethodHandleAccessor::invoke@23
  0x0000012cb2849eb4: 0748 c704 | 2400 0000 | 004c 894c 

  0x0000012cb2849ec0: ;   {runtime_call throw_range_check_failed Runtime1 stub}
  0x0000012cb2849ec0: 2408 e839 

  0x0000012cb2849ec4: ; ImmutableOopMap {rdx=Oop r9=Oop r8=Oop rsi=Oop [176]=Oop [184]=Oop [192]=Oop [216]=Oop }
                      ;*aaload {reexecute=0 rethrow=0 return_oop=0}
                      ; - jdk.internal.reflect.DirectMethodHandleAccessor::invokeImpl@85
                      ; - jdk.internal.reflect.DirectMethodHandleAccessor::invoke@23
  0x0000012cb2849ec4: 4d0f 0748 | c704 2401 | 0000 004c | 894c 2408 

  0x0000012cb2849ed4: ;   {runtime_call throw_range_check_failed Runtime1 stub}
  0x0000012cb2849ed4: e827 4d0f 

  0x0000012cb2849ed8: ; ImmutableOopMap {rdx=Oop r9=Oop r8=Oop rsi=Oop rdi=Oop [176]=Oop [184]=Oop [192]=Oop [208]=Oop [216]=Oop }
                      ;*aaload {reexecute=0 rethrow=0 return_oop=0}
                      ; - jdk.internal.reflect.DirectMethodHandleAccessor::invokeImpl@88
                      ; - jdk.internal.reflect.DirectMethodHandleAccessor::invoke@23
  0x0000012cb2849ed8: 0748 c704 | 2402 0000 | 004c 894c 

  0x0000012cb2849ee4: ;   {runtime_call throw_range_check_failed Runtime1 stub}
  0x0000012cb2849ee4: 2408 e815 

  0x0000012cb2849ee8: ; ImmutableOopMap {rdx=Oop r9=Oop r8=Oop rsi=Oop rdi=Oop rbx=Oop [176]=Oop [184]=Oop [192]=Oop [208]=Oop [216]=Oop [224]=Oop }
                      ;*aaload {reexecute=0 rethrow=0 return_oop=0}
                      ; - jdk.internal.reflect.DirectMethodHandleAccessor::invokeImpl@91
                      ; - jdk.internal.reflect.DirectMethodHandleAccessor::invoke@23
                      ;   {metadata({method} {0x0000012cda7122b8} 'invokeExact_MT' '(Ljava/lang/Object;Ljava/lang/Object;Ljava/lang/Object;Ljava/lang/Object;Ljava/lang/Object;Ljava/lang/Object;)Ljava/lang/Object;' in 'java/lang/invoke/LambdaForm$MH+0x0000012cc60f1000')}
  0x0000012cb2849ee8: 4d0f 0749 | bab0 2271 | da2c 0100 | 004c 8954 | 2408 48c7 | 0424 ffff 

  0x0000012cb2849f00: ;   {runtime_call counter_overflow Runtime1 stub}
  0x0000012cb2849f00: ffff e879 

  0x0000012cb2849f04: ; ImmutableOopMap {rdx=Oop r8=Oop rsi=Oop rdi=Oop rbx=Oop rax=Oop [176]=Oop [192]=Oop [208]=Oop [216]=Oop [224]=Oop [232]=Oop }
                      ;*synchronization entry
                      ; - java.lang.invoke.LambdaForm$MH/0x0000012cc60f1000::invokeExact_MT@-1
                      ; - jdk.internal.reflect.DirectMethodHandleAccessor::invokeImpl@92
                      ; - jdk.internal.reflect.DirectMethodHandleAccessor::invoke@23
  0x0000012cb2849f04: 3b18 07e9 | 24e4 ffff 

  0x0000012cb2849f0c: ;   {metadata({method} {0x0000012cc53dc408} 'checkExactType' '(Ljava/lang/invoke/MethodHandle;Ljava/lang/invoke/MethodType;)V' in 'java/lang/invoke/Invokers')}
  0x0000012cb2849f0c: 49ba 00c4 | 3dc5 2c01 | 0000 4c89 | 5424 0848 | c704 24ff 

  0x0000012cb2849f20: ;   {runtime_call counter_overflow Runtime1 stub}
  0x0000012cb2849f20: ffff ffe8 

  0x0000012cb2849f24: ; ImmutableOopMap {rdx=Oop r8=Oop rsi=Oop rdi=Oop rbx=Oop rax=Oop r9=Oop [176]=Oop [192]=Oop [208]=Oop [216]=Oop [224]=Oop [232]=Oop }
                      ;*synchronization entry
                      ; - java.lang.invoke.Invokers::checkExactType@-1
                      ; - java.lang.invoke.LambdaForm$MH/0x0000012cc60f1000::invokeExact_MT@11
                      ; - jdk.internal.reflect.DirectMethodHandleAccessor::invokeImpl@92
                      ; - jdk.internal.reflect.DirectMethodHandleAccessor::invoke@23
  0x0000012cb2849f24: 583b 1807 | e9cc e4ff 

  0x0000012cb2849f2c: ;   {runtime_call throw_null_pointer_exception Runtime1 stub}
  0x0000012cb2849f2c: ffe8 ce43 

  0x0000012cb2849f30: ; ImmutableOopMap {rdx=Oop r8=Oop rsi=Oop rdi=Oop rbx=Oop rax=Oop r9=Oop [176]=Oop [192]=Oop [208]=Oop [216]=Oop [224]=Oop [232]=Oop }
                      ;*invokevirtual type {reexecute=0 rethrow=0 return_oop=0}
                      ; - java.lang.invoke.Invokers::checkExactType@1
                      ; - java.lang.invoke.LambdaForm$MH/0x0000012cc60f1000::invokeExact_MT@11
                      ; - jdk.internal.reflect.DirectMethodHandleAccessor::invokeImpl@92
                      ; - jdk.internal.reflect.DirectMethodHandleAccessor::invoke@23
                      ;   {metadata({method} {0x0000012cc53dc300} 'checkCustomized' '(Ljava/lang/invoke/MethodHandle;)V' in 'java/lang/invoke/Invokers')}
  0x0000012cb2849f30: 0f07 49ba | f8c2 3dc5 | 2c01 0000 | 4c89 5424 | 0848 c704 | 24ff ffff 

  0x0000012cb2849f48: ;   {runtime_call counter_overflow Runtime1 stub}
  0x0000012cb2849f48: ffe8 323b 

  0x0000012cb2849f4c: ; ImmutableOopMap {rdx=Oop r8=Oop rsi=Oop rdi=Oop rbx=Oop rax=Oop [176]=Oop [192]=Oop [208]=Oop [216]=Oop [224]=Oop [232]=Oop }
                      ;*synchronization entry
                      ; - java.lang.invoke.Invokers::checkCustomized@-1
                      ; - java.lang.invoke.LambdaForm$MH/0x0000012cc60f1000::invokeExact_MT@15
                      ; - jdk.internal.reflect.DirectMethodHandleAccessor::invokeImpl@92
                      ; - jdk.internal.reflect.DirectMethodHandleAccessor::invoke@23
  0x0000012cb2849f4c: 1807 e909 

  0x0000012cb2849f50: ;   {metadata({method} {0x0000012cc50944d8} 'isCompileConstant' '(Ljava/lang/Object;)Z' in 'java/lang/invoke/MethodHandleImpl')}
  0x0000012cb2849f50: e6ff ff49 | bad0 4409 | c52c 0100 | 004c 8954 | 2408 48c7 | 0424 ffff 

  0x0000012cb2849f68: ;   {runtime_call counter_overflow Runtime1 stub}
  0x0000012cb2849f68: ffff e811 

  0x0000012cb2849f6c: ; ImmutableOopMap {rdx=Oop r8=Oop rsi=Oop rdi=Oop rbx=Oop rax=Oop [176]=Oop [192]=Oop [208]=Oop [216]=Oop [224]=Oop [232]=Oop }
                      ;*synchronization entry
                      ; - java.lang.invoke.MethodHandleImpl::isCompileConstant@-1
                      ; - java.lang.invoke.Invokers::checkCustomized@1
                      ; - java.lang.invoke.LambdaForm$MH/0x0000012cc60f1000::invokeExact_MT@15
                      ; - jdk.internal.reflect.DirectMethodHandleAccessor::invokeImpl@92
                      ; - jdk.internal.reflect.DirectMethodHandleAccessor::invoke@23
  0x0000012cb2849f6c: 3b18 07e9 | 26e6 ffff 

  0x0000012cb2849f74: ;   {runtime_call throw_null_pointer_exception Runtime1 stub}
  0x0000012cb2849f74: e887 430f 

  0x0000012cb2849f78: ; ImmutableOopMap {rdx=Oop r8=Oop rsi=Oop rdi=Oop rbx=Oop rax=Oop [176]=Oop [192]=Oop [208]=Oop [216]=Oop [224]=Oop [232]=Oop }
                      ;*getfield customized {reexecute=1 rethrow=0 return_oop=0}
                      ; - (reexecute) java.lang.invoke.Invokers::checkCustomized@12
                      ; - java.lang.invoke.LambdaForm$MH/0x0000012cc60f1000::invokeExact_MT@15
                      ; - jdk.internal.reflect.DirectMethodHandleAccessor::invokeImpl@92
                      ; - jdk.internal.reflect.DirectMethodHandleAccessor::invoke@23
                      ;   {internal_word}
  0x0000012cb2849f78: 0749 ba14 | 8884 b22c | 0100 004d | 8997 6804 

  0x0000012cb2849f88: ;   {runtime_call SafepointBlob}
  0x0000012cb2849f88: 0000 e9f1 

  0x0000012cb2849f8c: ;   {runtime_call throw_null_pointer_exception Runtime1 stub}
  0x0000012cb2849f8c: b40c 07e8 

  0x0000012cb2849f90: ; ImmutableOopMap {rdx=Oop r9=Oop r8=Oop rsi=Oop [176]=Oop [184]=Oop [192]=Oop [248]=Oop }
                      ;*aaload {reexecute=0 rethrow=0 return_oop=0}
                      ; - jdk.internal.reflect.DirectMethodHandleAccessor::invokeImpl@68
                      ; - jdk.internal.reflect.DirectMethodHandleAccessor::invoke@23
  0x0000012cb2849f90: 6c43 0f07 

  0x0000012cb2849f94: ;   {runtime_call throw_null_pointer_exception Runtime1 stub}
  0x0000012cb2849f94: e867 430f 

  0x0000012cb2849f98: ; ImmutableOopMap {rdx=Oop r9=Oop r8=Oop rsi=Oop [176]=Oop [184]=Oop [192]=Oop [248]=Oop }
                      ;*aaload {reexecute=0 rethrow=0 return_oop=0}
                      ; - jdk.internal.reflect.DirectMethodHandleAccessor::invokeImpl@68
                      ; - jdk.internal.reflect.DirectMethodHandleAccessor::invoke@23
  0x0000012cb2849f98: 0748 c704 | 2400 0000 | 004c 894c 

  0x0000012cb2849fa4: ;   {runtime_call throw_range_check_failed Runtime1 stub}
  0x0000012cb2849fa4: 2408 e855 

  0x0000012cb2849fa8: ; ImmutableOopMap {rdx=Oop r9=Oop r8=Oop rsi=Oop [176]=Oop [184]=Oop [192]=Oop [248]=Oop }
                      ;*aaload {reexecute=0 rethrow=0 return_oop=0}
                      ; - jdk.internal.reflect.DirectMethodHandleAccessor::invokeImpl@68
                      ; - jdk.internal.reflect.DirectMethodHandleAccessor::invoke@23
  0x0000012cb2849fa8: 4c0f 0748 | c704 2401 | 0000 004c | 894c 2408 

  0x0000012cb2849fb8: ;   {runtime_call throw_range_check_failed Runtime1 stub}
  0x0000012cb2849fb8: e843 4c0f 

  0x0000012cb2849fbc: ; ImmutableOopMap {rdx=Oop r9=Oop r8=Oop rsi=Oop rdi=Oop [176]=Oop [184]=Oop [192]=Oop [240]=Oop [248]=Oop }
                      ;*aaload {reexecute=0 rethrow=0 return_oop=0}
                      ; - jdk.internal.reflect.DirectMethodHandleAccessor::invokeImpl@71
                      ; - jdk.internal.reflect.DirectMethodHandleAccessor::invoke@23
                      ;   {metadata({method} {0x0000012cda4052b8} 'invokeExact_MT' '(Ljava/lang/Object;Ljava/lang/Object;Ljava/lang/Object;Ljava/lang/Object;Ljava/lang/Object;)Ljava/lang/Object;' in 'java/lang/invoke/LambdaForm$MH+0x0000012cc6002800')}
  0x0000012cb2849fbc: 0749 bab0 | 5240 da2c | 0100 004c | 8954 2408 | 48c7 0424 | ffff ffff 

  0x0000012cb2849fd4: ;   {runtime_call counter_overflow Runtime1 stub}
  0x0000012cb2849fd4: e8a7 3a18 

  0x0000012cb2849fd8: ; ImmutableOopMap {rdx=Oop r8=Oop rsi=Oop rdi=Oop rbx=Oop [176]=Oop [192]=Oop [240]=Oop [248]=Oop [256]=Oop }
                      ;*synchronization entry
                      ; - java.lang.invoke.LambdaForm$MH/0x0000012cc6002800::invokeExact_MT@-1
                      ; - jdk.internal.reflect.DirectMethodHandleAccessor::invokeImpl@72
                      ; - jdk.internal.reflect.DirectMethodHandleAccessor::invoke@23
  0x0000012cb2849fd8: 07e9 fae9 

  0x0000012cb2849fdc: ;   {metadata({method} {0x0000012cc53dc408} 'checkExactType' '(Ljava/lang/invoke/MethodHandle;Ljava/lang/invoke/MethodType;)V' in 'java/lang/invoke/Invokers')}
  0x0000012cb2849fdc: ffff 49ba | 00c4 3dc5 | 2c01 0000 | 4c89 5424 | 0848 c704 | 24ff ffff 

  0x0000012cb2849ff4: ;   {runtime_call counter_overflow Runtime1 stub}
  0x0000012cb2849ff4: ffe8 863a 

  0x0000012cb2849ff8: ; ImmutableOopMap {rdx=Oop r8=Oop rsi=Oop rdi=Oop rbx=Oop rcx=Oop [176]=Oop [192]=Oop [240]=Oop [248]=Oop [256]=Oop }
                      ;*synchronization entry
                      ; - java.lang.invoke.Invokers::checkExactType@-1
                      ; - java.lang.invoke.LambdaForm$MH/0x0000012cc6002800::invokeExact_MT@11
                      ; - jdk.internal.reflect.DirectMethodHandleAccessor::invokeImpl@72
                      ; - jdk.internal.reflect.DirectMethodHandleAccessor::invoke@23
  0x0000012cb2849ff8: 1807 e9a0 

  0x0000012cb2849ffc: ;   {runtime_call throw_null_pointer_exception Runtime1 stub}
  0x0000012cb2849ffc: eaff ffe8 

  0x0000012cb284a000: ; ImmutableOopMap {rdx=Oop r8=Oop rsi=Oop rdi=Oop rbx=Oop rcx=Oop [176]=Oop [192]=Oop [240]=Oop [248]=Oop [256]=Oop }
                      ;*invokevirtual type {reexecute=0 rethrow=0 return_oop=0}
                      ; - java.lang.invoke.Invokers::checkExactType@1
                      ; - java.lang.invoke.LambdaForm$MH/0x0000012cc6002800::invokeExact_MT@11
                      ; - jdk.internal.reflect.DirectMethodHandleAccessor::invokeImpl@72
                      ; - jdk.internal.reflect.DirectMethodHandleAccessor::invoke@23
  0x0000012cb284a000: fc42 0f07 

  0x0000012cb284a004: ;   {metadata({method} {0x0000012cc53dc300} 'checkCustomized' '(Ljava/lang/invoke/MethodHandle;)V' in 'java/lang/invoke/Invokers')}
  0x0000012cb284a004: 49ba f8c2 | 3dc5 2c01 | 0000 4c89 | 5424 0848 | c704 24ff 

  0x0000012cb284a018: ;   {runtime_call counter_overflow Runtime1 stub}
  0x0000012cb284a018: ffff ffe8 

  0x0000012cb284a01c: ; ImmutableOopMap {rdx=Oop r8=Oop rsi=Oop rdi=Oop rbx=Oop [176]=Oop [192]=Oop [240]=Oop [248]=Oop [256]=Oop }
                      ;*synchronization entry
                      ; - java.lang.invoke.Invokers::checkCustomized@-1
                      ; - java.lang.invoke.LambdaForm$MH/0x0000012cc6002800::invokeExact_MT@15
                      ; - jdk.internal.reflect.DirectMethodHandleAccessor::invokeImpl@72
                      ; - jdk.internal.reflect.DirectMethodHandleAccessor::invoke@23
  0x0000012cb284a01c: 603a 1807 | e9d6 ebff 

  0x0000012cb284a024: ;   {metadata({method} {0x0000012cc50944d8} 'isCompileConstant' '(Ljava/lang/Object;)Z' in 'java/lang/invoke/MethodHandleImpl')}
  0x0000012cb284a024: ff49 bad0 | 4409 c52c | 0100 004c | 8954 2408 | 48c7 0424 | ffff ffff 

  0x0000012cb284a03c: ;   {runtime_call counter_overflow Runtime1 stub}
  0x0000012cb284a03c: e83f 3a18 

  0x0000012cb284a040: ; ImmutableOopMap {rdx=Oop r8=Oop rsi=Oop rdi=Oop rbx=Oop [176]=Oop [192]=Oop [240]=Oop [248]=Oop [256]=Oop }
                      ;*synchronization entry
                      ; - java.lang.invoke.MethodHandleImpl::isCompileConstant@-1
                      ; - java.lang.invoke.Invokers::checkCustomized@1
                      ; - java.lang.invoke.LambdaForm$MH/0x0000012cc6002800::invokeExact_MT@15
                      ; - jdk.internal.reflect.DirectMethodHandleAccessor::invokeImpl@72
                      ; - jdk.internal.reflect.DirectMethodHandleAccessor::invoke@23
  0x0000012cb284a040: 07e9 eeeb 

  0x0000012cb284a044: ;   {runtime_call throw_null_pointer_exception Runtime1 stub}
  0x0000012cb284a044: ffff e8b5 

  0x0000012cb284a048: ; ImmutableOopMap {rdx=Oop r8=Oop rsi=Oop rdi=Oop rbx=Oop [176]=Oop [192]=Oop [240]=Oop [248]=Oop [256]=Oop }
                      ;*getfield customized {reexecute=1 rethrow=0 return_oop=0}
                      ; - (reexecute) java.lang.invoke.Invokers::checkCustomized@12
                      ; - java.lang.invoke.LambdaForm$MH/0x0000012cc6002800::invokeExact_MT@15
                      ; - jdk.internal.reflect.DirectMethodHandleAccessor::invokeImpl@72
                      ; - jdk.internal.reflect.DirectMethodHandleAccessor::invoke@23
                      ;   {internal_word}
  0x0000012cb284a048: 420f 0749 | ba9c 8e84 | b22c 0100 | 004d 8997 | 6804 0000 

  0x0000012cb284a05c: ;   {runtime_call SafepointBlob}
  0x0000012cb284a05c: e91f b40c 

  0x0000012cb284a060: ;   {runtime_call throw_null_pointer_exception Runtime1 stub}
  0x0000012cb284a060: 07e8 9a42 

  0x0000012cb284a064: ; ImmutableOopMap {rdx=Oop r9=Oop r8=Oop rsi=Oop [176]=Oop [184]=Oop [192]=Oop [272]=Oop }
                      ;*aaload {reexecute=0 rethrow=0 return_oop=0}
                      ; - jdk.internal.reflect.DirectMethodHandleAccessor::invokeImpl@54
                      ; - jdk.internal.reflect.DirectMethodHandleAccessor::invoke@23
                      ;   {runtime_call throw_null_pointer_exception Runtime1 stub}
  0x0000012cb284a064: 0f07 e895 

  0x0000012cb284a068: ; ImmutableOopMap {rdx=Oop r9=Oop r8=Oop rsi=Oop [176]=Oop [184]=Oop [192]=Oop [272]=Oop }
                      ;*aaload {reexecute=0 rethrow=0 return_oop=0}
                      ; - jdk.internal.reflect.DirectMethodHandleAccessor::invokeImpl@54
                      ; - jdk.internal.reflect.DirectMethodHandleAccessor::invoke@23
  0x0000012cb284a068: 420f 0748 | c704 2400 | 0000 004c | 894c 2408 

  0x0000012cb284a078: ;   {runtime_call throw_range_check_failed Runtime1 stub}
  0x0000012cb284a078: e883 4b0f 

  0x0000012cb284a07c: ; ImmutableOopMap {rdx=Oop r9=Oop r8=Oop rsi=Oop [176]=Oop [184]=Oop [192]=Oop [272]=Oop }
                      ;*aaload {reexecute=0 rethrow=0 return_oop=0}
                      ; - jdk.internal.reflect.DirectMethodHandleAccessor::invokeImpl@54
                      ; - jdk.internal.reflect.DirectMethodHandleAccessor::invoke@23
                      ;   {metadata({method} {0x0000012cc50ae518} 'invokeExact_MT' '(Ljava/lang/Object;Ljava/lang/Object;Ljava/lang/Object;Ljava/lang/Object;)Ljava/lang/Object;' in 'java/lang/invoke/Invokers$Holder')}
  0x0000012cb284a07c: 0749 ba10 | e50a c52c | 0100 004c | 8954 2408 | 48c7 0424 | ffff ffff 

  0x0000012cb284a094: ;   {runtime_call counter_overflow Runtime1 stub}
  0x0000012cb284a094: e8e7 3918 

  0x0000012cb284a098: ; ImmutableOopMap {rdx=Oop r8=Oop rsi=Oop rdi=Oop [176]=Oop [192]=Oop [264]=Oop [272]=Oop }
                      ;*synchronization entry
                      ; - java.lang.invoke.Invokers$Holder::invokeExact_MT@-1
                      ; - jdk.internal.reflect.DirectMethodHandleAccessor::invokeImpl@55
                      ; - jdk.internal.reflect.DirectMethodHandleAccessor::invoke@23
  0x0000012cb284a098: 07e9 13ef 

  0x0000012cb284a09c: ;   {metadata({method} {0x0000012cc53dc408} 'checkExactType' '(Ljava/lang/invoke/MethodHandle;Ljava/lang/invoke/MethodType;)V' in 'java/lang/invoke/Invokers')}
  0x0000012cb284a09c: ffff 49ba | 00c4 3dc5 | 2c01 0000 | 4c89 5424 | 0848 c704 | 24ff ffff 

  0x0000012cb284a0b4: ;   {runtime_call counter_overflow Runtime1 stub}
  0x0000012cb284a0b4: ffe8 c639 

  0x0000012cb284a0b8: ; ImmutableOopMap {rdx=Oop r8=Oop rsi=Oop rdi=Oop rax=Oop [176]=Oop [192]=Oop [264]=Oop [272]=Oop }
                      ;*synchronization entry
                      ; - java.lang.invoke.Invokers::checkExactType@-1
                      ; - java.lang.invoke.Invokers$Holder::invokeExact_MT@10
                      ; - jdk.internal.reflect.DirectMethodHandleAccessor::invokeImpl@55
                      ; - jdk.internal.reflect.DirectMethodHandleAccessor::invoke@23
  0x0000012cb284a0b8: 1807 e968 

  0x0000012cb284a0bc: ;   {runtime_call throw_null_pointer_exception Runtime1 stub}
  0x0000012cb284a0bc: efff ffe8 

  0x0000012cb284a0c0: ; ImmutableOopMap {rdx=Oop r8=Oop rsi=Oop rdi=Oop rax=Oop [176]=Oop [192]=Oop [264]=Oop [272]=Oop }
                      ;*invokevirtual type {reexecute=0 rethrow=0 return_oop=0}
                      ; - java.lang.invoke.Invokers::checkExactType@1
                      ; - java.lang.invoke.Invokers$Holder::invokeExact_MT@10
                      ; - jdk.internal.reflect.DirectMethodHandleAccessor::invokeImpl@55
                      ; - jdk.internal.reflect.DirectMethodHandleAccessor::invoke@23
  0x0000012cb284a0c0: 3c42 0f07 

  0x0000012cb284a0c4: ;   {metadata({method} {0x0000012cc53dc300} 'checkCustomized' '(Ljava/lang/invoke/MethodHandle;)V' in 'java/lang/invoke/Invokers')}
  0x0000012cb284a0c4: 49ba f8c2 | 3dc5 2c01 | 0000 4c89 | 5424 0848 | c704 24ff 

  0x0000012cb284a0d8: ;   {runtime_call counter_overflow Runtime1 stub}
  0x0000012cb284a0d8: ffff ffe8 

  0x0000012cb284a0dc: ; ImmutableOopMap {rdx=Oop r8=Oop rsi=Oop rdi=Oop [176]=Oop [192]=Oop [264]=Oop [272]=Oop }
                      ;*synchronization entry
                      ; - java.lang.invoke.Invokers::checkCustomized@-1
                      ; - java.lang.invoke.Invokers$Holder::invokeExact_MT@14
                      ; - jdk.internal.reflect.DirectMethodHandleAccessor::invokeImpl@55
                      ; - jdk.internal.reflect.DirectMethodHandleAccessor::invoke@23
  0x0000012cb284a0dc: a039 1807 | e942 f0ff 

  0x0000012cb284a0e4: ;   {metadata({method} {0x0000012cc50944d8} 'isCompileConstant' '(Ljava/lang/Object;)Z' in 'java/lang/invoke/MethodHandleImpl')}
  0x0000012cb284a0e4: ff49 bad0 | 4409 c52c | 0100 004c | 8954 2408 | 48c7 0424 | ffff ffff 

  0x0000012cb284a0fc: ;   {runtime_call counter_overflow Runtime1 stub}
  0x0000012cb284a0fc: e87f 3918 

  0x0000012cb284a100: ; ImmutableOopMap {rdx=Oop r8=Oop rsi=Oop rdi=Oop [176]=Oop [192]=Oop [264]=Oop [272]=Oop }
                      ;*synchronization entry
                      ; - java.lang.invoke.MethodHandleImpl::isCompileConstant@-1
                      ; - java.lang.invoke.Invokers::checkCustomized@1
                      ; - java.lang.invoke.Invokers$Holder::invokeExact_MT@14
                      ; - jdk.internal.reflect.DirectMethodHandleAccessor::invokeImpl@55
                      ; - jdk.internal.reflect.DirectMethodHandleAccessor::invoke@23
  0x0000012cb284a100: 07e9 59f0 

  0x0000012cb284a104: ;   {runtime_call throw_null_pointer_exception Runtime1 stub}
  0x0000012cb284a104: ffff e8f5 

  0x0000012cb284a108: ; ImmutableOopMap {rdx=Oop r8=Oop rsi=Oop rdi=Oop [176]=Oop [192]=Oop [264]=Oop [272]=Oop }
                      ;*getfield customized {reexecute=1 rethrow=0 return_oop=0}
                      ; - (reexecute) java.lang.invoke.Invokers::checkCustomized@12
                      ; - java.lang.invoke.Invokers$Holder::invokeExact_MT@14
                      ; - jdk.internal.reflect.DirectMethodHandleAccessor::invokeImpl@55
                      ; - jdk.internal.reflect.DirectMethodHandleAccessor::invoke@23
                      ;   {internal_word}
  0x0000012cb284a108: 410f 0749 | bac4 9284 | b22c 0100 | 004d 8997 | 6804 0000 

  0x0000012cb284a11c: ;   {runtime_call SafepointBlob}
  0x0000012cb284a11c: e95f b30c 

  0x0000012cb284a120: ;   {metadata({method} {0x0000012cc50ae5c8} 'invokeExact_MT' '(Ljava/lang/Object;Ljava/lang/Object;Ljava/lang/Object;)Ljava/lang/Object;' in 'java/lang/invoke/Invokers$Holder')}
  0x0000012cb284a120: 0749 bac0 | e50a c52c | 0100 004c | 8954 2408 | 48c7 0424 | ffff ffff 

  0x0000012cb284a138: ;   {runtime_call counter_overflow Runtime1 stub}
  0x0000012cb284a138: e843 3918 

  0x0000012cb284a13c: ; ImmutableOopMap {rdx=Oop r8=Oop rsi=Oop [176]=Oop [192]=Oop [280]=Oop }
                      ;*synchronization entry
                      ; - java.lang.invoke.Invokers$Holder::invokeExact_MT@-1
                      ; - jdk.internal.reflect.DirectMethodHandleAccessor::invokeImpl@41
                      ; - jdk.internal.reflect.DirectMethodHandleAccessor::invoke@23
  0x0000012cb284a13c: 07e9 6bf2 

  0x0000012cb284a140: ;   {metadata({method} {0x0000012cc53dc408} 'checkExactType' '(Ljava/lang/invoke/MethodHandle;Ljava/lang/invoke/MethodType;)V' in 'java/lang/invoke/Invokers')}
  0x0000012cb284a140: ffff 49ba | 00c4 3dc5 | 2c01 0000 | 4c89 5424 | 0848 c704 | 24ff ffff 

  0x0000012cb284a158: ;   {runtime_call counter_overflow Runtime1 stub}
  0x0000012cb284a158: ffe8 2239 

  0x0000012cb284a15c: ; ImmutableOopMap {rdx=Oop r8=Oop rsi=Oop rbx=Oop [176]=Oop [192]=Oop [280]=Oop }
                      ;*synchronization entry
                      ; - java.lang.invoke.Invokers::checkExactType@-1
                      ; - java.lang.invoke.Invokers$Holder::invokeExact_MT@10
                      ; - jdk.internal.reflect.DirectMethodHandleAccessor::invokeImpl@41
                      ; - jdk.internal.reflect.DirectMethodHandleAccessor::invoke@23
  0x0000012cb284a15c: 1807 e9bf 

  0x0000012cb284a160: ;   {runtime_call throw_null_pointer_exception Runtime1 stub}
  0x0000012cb284a160: f2ff ffe8 

  0x0000012cb284a164: ; ImmutableOopMap {rdx=Oop r8=Oop rsi=Oop rbx=Oop [176]=Oop [192]=Oop [280]=Oop }
                      ;*invokevirtual type {reexecute=0 rethrow=0 return_oop=0}
                      ; - java.lang.invoke.Invokers::checkExactType@1
                      ; - java.lang.invoke.Invokers$Holder::invokeExact_MT@10
                      ; - jdk.internal.reflect.DirectMethodHandleAccessor::invokeImpl@41
                      ; - jdk.internal.reflect.DirectMethodHandleAccessor::invoke@23
  0x0000012cb284a164: 9841 0f07 

  0x0000012cb284a168: ;   {metadata({method} {0x0000012cc53dc300} 'checkCustomized' '(Ljava/lang/invoke/MethodHandle;)V' in 'java/lang/invoke/Invokers')}
  0x0000012cb284a168: 49ba f8c2 | 3dc5 2c01 | 0000 4c89 | 5424 0848 | c704 24ff 

  0x0000012cb284a17c: ;   {runtime_call counter_overflow Runtime1 stub}
  0x0000012cb284a17c: ffff ffe8 

  0x0000012cb284a180: ; ImmutableOopMap {rdx=Oop r8=Oop rsi=Oop [176]=Oop [192]=Oop [280]=Oop }
                      ;*synchronization entry
                      ; - java.lang.invoke.Invokers::checkCustomized@-1
                      ; - java.lang.invoke.Invokers$Holder::invokeExact_MT@14
                      ; - jdk.internal.reflect.DirectMethodHandleAccessor::invokeImpl@41
                      ; - jdk.internal.reflect.DirectMethodHandleAccessor::invoke@23
  0x0000012cb284a180: fc38 1807 | e99a f3ff 

  0x0000012cb284a188: ;   {metadata({method} {0x0000012cc50944d8} 'isCompileConstant' '(Ljava/lang/Object;)Z' in 'java/lang/invoke/MethodHandleImpl')}
  0x0000012cb284a188: ff49 bad0 | 4409 c52c | 0100 004c | 8954 2408 | 48c7 0424 | ffff ffff 

  0x0000012cb284a1a0: ;   {runtime_call counter_overflow Runtime1 stub}
  0x0000012cb284a1a0: e8db 3818 

  0x0000012cb284a1a4: ; ImmutableOopMap {rdx=Oop r8=Oop rsi=Oop [176]=Oop [192]=Oop [280]=Oop }
                      ;*synchronization entry
                      ; - java.lang.invoke.MethodHandleImpl::isCompileConstant@-1
                      ; - java.lang.invoke.Invokers::checkCustomized@1
                      ; - java.lang.invoke.Invokers$Holder::invokeExact_MT@14
                      ; - jdk.internal.reflect.DirectMethodHandleAccessor::invokeImpl@41
                      ; - jdk.internal.reflect.DirectMethodHandleAccessor::invoke@23
  0x0000012cb284a1a4: 07e9 b2f3 

  0x0000012cb284a1a8: ;   {runtime_call throw_null_pointer_exception Runtime1 stub}
  0x0000012cb284a1a8: ffff e851 

  0x0000012cb284a1ac: ; ImmutableOopMap {rdx=Oop r8=Oop rsi=Oop [176]=Oop [192]=Oop [280]=Oop }
                      ;*getfield customized {reexecute=1 rethrow=0 return_oop=0}
                      ; - (reexecute) java.lang.invoke.Invokers::checkCustomized@12
                      ; - java.lang.invoke.Invokers$Holder::invokeExact_MT@14
                      ; - jdk.internal.reflect.DirectMethodHandleAccessor::invokeImpl@41
                      ; - jdk.internal.reflect.DirectMethodHandleAccessor::invoke@23
                      ;   {internal_word}
  0x0000012cb284a1ac: 410f 0749 | ba9d 9684 | b22c 0100 | 004d 8997 | 6804 0000 

  0x0000012cb284a1c0: ;   {runtime_call SafepointBlob}
  0x0000012cb284a1c0: e9bb b20c 

  0x0000012cb284a1c4: ;   {runtime_call throw_null_pointer_exception Runtime1 stub}
  0x0000012cb284a1c4: 07e8 3641 

  0x0000012cb284a1c8: ; ImmutableOopMap {rax=Oop [176]=Oop [192]=Oop [280]=Oop }
                      ;*athrow {reexecute=1 rethrow=0 return_oop=0}
                      ; - (reexecute) java.lang.invoke.Invokers::checkExactType@15
                      ; - java.lang.invoke.Invokers$Holder::invokeExact_MT@10
                      ; - jdk.internal.reflect.DirectMethodHandleAccessor::invokeImpl@41
                      ; - jdk.internal.reflect.DirectMethodHandleAccessor::invoke@23
                      ;   {runtime_call throw_null_pointer_exception Runtime1 stub}
  0x0000012cb284a1c8: 0f07 e831 

  0x0000012cb284a1cc: ; ImmutableOopMap {rax=Oop [176]=Oop [192]=Oop [264]=Oop [272]=Oop }
                      ;*athrow {reexecute=1 rethrow=0 return_oop=0}
                      ; - (reexecute) java.lang.invoke.Invokers::checkExactType@15
                      ; - java.lang.invoke.Invokers$Holder::invokeExact_MT@10
                      ; - jdk.internal.reflect.DirectMethodHandleAccessor::invokeImpl@55
                      ; - jdk.internal.reflect.DirectMethodHandleAccessor::invoke@23
                      ;   {runtime_call throw_null_pointer_exception Runtime1 stub}
  0x0000012cb284a1cc: 410f 07e8 

  0x0000012cb284a1d0: ; ImmutableOopMap {rax=Oop [176]=Oop [192]=Oop [240]=Oop [248]=Oop [256]=Oop }
                      ;*athrow {reexecute=1 rethrow=0 return_oop=0}
                      ; - (reexecute) java.lang.invoke.Invokers::checkExactType@15
                      ; - java.lang.invoke.LambdaForm$MH/0x0000012cc6002800::invokeExact_MT@11
                      ; - jdk.internal.reflect.DirectMethodHandleAccessor::invokeImpl@72
                      ; - jdk.internal.reflect.DirectMethodHandleAccessor::invoke@23
  0x0000012cb284a1d0: 2c41 0f07 

  0x0000012cb284a1d4: ;   {runtime_call throw_null_pointer_exception Runtime1 stub}
  0x0000012cb284a1d4: e827 410f 

  0x0000012cb284a1d8: ; ImmutableOopMap {rax=Oop [176]=Oop [192]=Oop [208]=Oop [216]=Oop [224]=Oop [232]=Oop }
                      ;*athrow {reexecute=1 rethrow=0 return_oop=0}
                      ; - (reexecute) java.lang.invoke.Invokers::checkExactType@15
                      ; - java.lang.invoke.LambdaForm$MH/0x0000012cc60f1000::invokeExact_MT@11
                      ; - jdk.internal.reflect.DirectMethodHandleAccessor::invokeImpl@92
                      ; - jdk.internal.reflect.DirectMethodHandleAccessor::invoke@23
                      ;   {runtime_call throw_null_pointer_exception Runtime1 stub}
  0x0000012cb284a1d8: 07e8 2241 

  0x0000012cb284a1dc: ; ImmutableOopMap {rax=Oop [176]=Oop [184]=Oop [192]=Oop [200]=Oop }
                      ;*athrow {reexecute=1 rethrow=0 return_oop=0}
                      ; - (reexecute) java.lang.invoke.Invokers::checkExactType@15
                      ; - java.lang.invoke.Invokers$Holder::invokeExact_MT@10
                      ; - jdk.internal.reflect.DirectMethodHandleAccessor::invokeImpl@104
                      ; - jdk.internal.reflect.DirectMethodHandleAccessor::invoke@23
                      ;   {metadata({method} {0x0000012cc53c84c0} 'isIllegalArgument' '(Ljava/lang/RuntimeException;)Z' in 'jdk/internal/reflect/DirectMethodHandleAccessor')}
  0x0000012cb284a1dc: 0f07 49ba | b884 3cc5 | 2c01 0000 | 4c89 5424 | 0848 c704 | 24ff ffff 

  0x0000012cb284a1f4: ;   {runtime_call counter_overflow Runtime1 stub}
  0x0000012cb284a1f4: ffe8 8638 

  0x0000012cb284a1f8: ; ImmutableOopMap {rax=Oop }
                      ;*synchronization entry
                      ; - jdk.internal.reflect.DirectMethodHandleAccessor::isIllegalArgument@-1
                      ; - jdk.internal.reflect.DirectMethodHandleAccessor::invoke@58
  0x0000012cb284a1f8: 1807 e951 

  0x0000012cb284a1fc: ;   {metadata({method} {0x0000012cc53c84c0} 'isIllegalArgument' '(Ljava/lang/RuntimeException;)Z' in 'jdk/internal/reflect/DirectMethodHandleAccessor')}
  0x0000012cb284a1fc: f6ff ff49 | bab8 843c | c52c 0100 | 004c 8954 | 2408 48c7 | 0424 ffff 

  0x0000012cb284a214: ;   {runtime_call counter_overflow Runtime1 stub}
  0x0000012cb284a214: ffff e865 

  0x0000012cb284a218: ; ImmutableOopMap {rax=Oop }
                      ;*synchronization entry
                      ; - jdk.internal.reflect.DirectMethodHandleAccessor::isIllegalArgument@-1
                      ; - jdk.internal.reflect.DirectMethodHandleAccessor::invoke@30
  0x0000012cb284a218: 3818 07e9 | ebf6 ffff 

  0x0000012cb284a220: ;   {metadata(nullptr)}
  0x0000012cb284a220: 48ba 0000 | 0000 0000 | 0000 b800 

  0x0000012cb284a22c: ;   {runtime_call load_klass_patching Runtime1 stub}
  0x0000012cb284a22c: 0f05 0ae8 

  0x0000012cb284a230: ; ImmutableOopMap {}
                      ;*new {reexecute=1 rethrow=0 return_oop=0}
                      ; - (reexecute) jdk.internal.reflect.DirectMethodHandleAccessor::invoke@36
  0x0000012cb284a230: 4c47 1807 | e92f f7ff | ff48 8bd2 

  0x0000012cb284a23c: ;   {runtime_call fast_new_instance Runtime1 stub}
  0x0000012cb284a23c: e8bf 370f 

  0x0000012cb284a240: ; ImmutableOopMap {}
                      ;*new {reexecute=0 rethrow=0 return_oop=0}
                      ; - jdk.internal.reflect.DirectMethodHandleAccessor::invoke@36
  0x0000012cb284a240: 07e9 7af7 

  0x0000012cb284a244: ;   {metadata(nullptr)}
  0x0000012cb284a244: ffff 48ba | 0000 0000 | 0000 0000 | b800 0f05 

  0x0000012cb284a254: ;   {runtime_call load_klass_patching Runtime1 stub}
  0x0000012cb284a254: 0ae8 2647 

  0x0000012cb284a258: ; ImmutableOopMap {r8=Oop }
                      ;*new {reexecute=1 rethrow=0 return_oop=0}
                      ; - (reexecute) jdk.internal.reflect.DirectMethodHandleAccessor::invoke@46
  0x0000012cb284a258: 1807 e9b9 

  0x0000012cb284a25c: ;   {runtime_call throw_null_pointer_exception Runtime1 stub}
  0x0000012cb284a25c: f7ff ffe8 

  0x0000012cb284a260: ; ImmutableOopMap {r8=Oop }
                      ;*new {reexecute=0 rethrow=0 return_oop=0}
                      ; - jdk.internal.reflect.DirectMethodHandleAccessor::invoke@46
  0x0000012cb284a260: 9c40 0f07 

  0x0000012cb284a264: ;   {runtime_call fast_new_instance_init_check Runtime1 stub}
  0x0000012cb284a264: 488b d2e8 

  0x0000012cb284a268: ; ImmutableOopMap {r8=Oop }
                      ;*new {reexecute=0 rethrow=0 return_oop=0}
                      ; - jdk.internal.reflect.DirectMethodHandleAccessor::invoke@46
  0x0000012cb284a268: 9434 0f07 | e90c f8ff 

  0x0000012cb284a270: ;   {metadata(nullptr)}
  0x0000012cb284a270: ff48 ba00 | 0000 0000 | 0000 00b8 | 000f 050a 

  0x0000012cb284a280: ;   {runtime_call load_klass_patching Runtime1 stub}
  0x0000012cb284a280: e8fb 4618 

  0x0000012cb284a284: ; ImmutableOopMap {[288]=Oop }
                      ;*new {reexecute=1 rethrow=0 return_oop=0}
                      ; - (reexecute) jdk.internal.reflect.DirectMethodHandleAccessor::invoke@64
  0x0000012cb284a284: 07e9 36f8 | ffff 488b 

  0x0000012cb284a28c: ;   {runtime_call fast_new_instance Runtime1 stub}
  0x0000012cb284a28c: d2e8 6e37 

  0x0000012cb284a290: ; ImmutableOopMap {[288]=Oop }
                      ;*new {reexecute=0 rethrow=0 return_oop=0}
                      ; - jdk.internal.reflect.DirectMethodHandleAccessor::invoke@64
  0x0000012cb284a290: 0f07 e981 

  0x0000012cb284a294: ;   {metadata(nullptr)}
  0x0000012cb284a294: f8ff ff48 | ba00 0000 | 0000 0000 | 00b8 000f 

  0x0000012cb284a2a4: ;   {runtime_call load_klass_patching Runtime1 stub}
  0x0000012cb284a2a4: 050a e8d5 

  0x0000012cb284a2a8: ; ImmutableOopMap {r8=Oop }
                      ;*new {reexecute=1 rethrow=0 return_oop=0}
                      ; - (reexecute) jdk.internal.reflect.DirectMethodHandleAccessor::invoke@73
  0x0000012cb284a2a8: 4618 07e9 | c0f8 ffff 

  0x0000012cb284a2b0: ;   {runtime_call throw_null_pointer_exception Runtime1 stub}
  0x0000012cb284a2b0: e84b 400f 

  0x0000012cb284a2b4: ; ImmutableOopMap {r8=Oop }
                      ;*new {reexecute=0 rethrow=0 return_oop=0}
                      ; - jdk.internal.reflect.DirectMethodHandleAccessor::invoke@73
  0x0000012cb284a2b4: 0748 8bd2 

  0x0000012cb284a2b8: ;   {runtime_call fast_new_instance_init_check Runtime1 stub}
  0x0000012cb284a2b8: e843 340f 

  0x0000012cb284a2bc: ; ImmutableOopMap {r8=Oop }
                      ;*new {reexecute=0 rethrow=0 return_oop=0}
                      ; - jdk.internal.reflect.DirectMethodHandleAccessor::invoke@73
  0x0000012cb284a2bc: 07e9 13f9 

  0x0000012cb284a2c0: ;   {metadata(nullptr)}
  0x0000012cb284a2c0: ffff 48ba | 0000 0000 | 0000 0000 | b800 0f05 

  0x0000012cb284a2d0: ;   {runtime_call load_klass_patching Runtime1 stub}
  0x0000012cb284a2d0: 0ae8 aa46 

  0x0000012cb284a2d4: ; ImmutableOopMap {[176]=Oop [184]=Oop [192]=Oop }
                      ;*new {reexecute=1 rethrow=0 return_oop=0}
                      ; - (reexecute) jdk.internal.reflect.DirectMethodHandleAccessor::checkReceiver@14
                      ; - jdk.internal.reflect.DirectMethodHandleAccessor::invoke@9
  0x0000012cb284a2d4: 1807 e93d | f9ff ff48 

  0x0000012cb284a2dc: ;   {runtime_call fast_new_instance Runtime1 stub}
  0x0000012cb284a2dc: 8bd2 e81d 

  0x0000012cb284a2e0: ; ImmutableOopMap {[176]=Oop [184]=Oop [192]=Oop }
                      ;*new {reexecute=0 rethrow=0 return_oop=0}
                      ; - jdk.internal.reflect.DirectMethodHandleAccessor::checkReceiver@14
                      ; - jdk.internal.reflect.DirectMethodHandleAccessor::invoke@9
  0x0000012cb284a2e0: 370f 07e9 | 88f9 ffff 

  0x0000012cb284a2e8: ;   {metadata('java/lang/reflect/InvocationTargetException')}
  0x0000012cb284a2e8: 48ba 68a6 | 04c6 2c01 | 0000 b800 

  0x0000012cb284a2f4: ;   {runtime_call load_klass_patching Runtime1 stub}
  0x0000012cb284a2f4: 0f05 0ae8 

  0x0000012cb284a2f8: ; ImmutableOopMap {r8=Oop }
                      ;*new {reexecute=1 rethrow=0 return_oop=0}
                      ; - (reexecute) jdk.internal.reflect.DirectMethodHandleAccessor::invoke@83
  0x0000012cb284a2f8: 8446 1807 | e9d7 f9ff 

  0x0000012cb284a300: ;   {runtime_call throw_null_pointer_exception Runtime1 stub}
  0x0000012cb284a300: ffe8 fa3f 

  0x0000012cb284a304: ; ImmutableOopMap {r8=Oop }
                      ;*new {reexecute=0 rethrow=0 return_oop=0}
                      ; - jdk.internal.reflect.DirectMethodHandleAccessor::invoke@83
  0x0000012cb284a304: 0f07 488b 

  0x0000012cb284a308: ;   {runtime_call fast_new_instance_init_check Runtime1 stub}
  0x0000012cb284a308: d2e8 f233 

  0x0000012cb284a30c: ; ImmutableOopMap {r8=Oop }
                      ;*new {reexecute=0 rethrow=0 return_oop=0}
                      ; - jdk.internal.reflect.DirectMethodHandleAccessor::invoke@83
  0x0000012cb284a30c: 0f07 e92a | faff ff49 | 8b87 0005 | 0000 49c7 | 8700 0500 | 0000 0000 | 0049 c787 | 0805 0000 
  0x0000012cb284a32c: 0000 0000 | 4881 c470 | 0100 005d 

  0x0000012cb284a338: ;   {runtime_call unwind_exception Runtime1 stub}
  0x0000012cb284a338: e9c3 4e0f | 07f4 f4f4 
[Stub Code]
  0x0000012cb284a340: ;   {no_reloc}
  0x0000012cb284a340: 0f1f 4400 

  0x0000012cb284a344: ;   {static_stub}
  0x0000012cb284a344: 0048 bb00 | 0000 0000 

  0x0000012cb284a34c: ;   {runtime_call nmethod}
  0x0000012cb284a34c: 0000 00e9 | fbff ffff 

  0x0000012cb284a354: ;   {static_stub}
  0x0000012cb284a354: 9048 bb00 | 0000 0000 

  0x0000012cb284a35c: ;   {runtime_call nmethod}
  0x0000012cb284a35c: 0000 00e9 | fbff ffff 

  0x0000012cb284a364: ;   {static_stub}
  0x0000012cb284a364: 9048 bb00 | 0000 0000 

  0x0000012cb284a36c: ;   {runtime_call nmethod}
  0x0000012cb284a36c: 0000 00e9 | fbff ffff 

  0x0000012cb284a374: ;   {static_stub}
  0x0000012cb284a374: 9048 bb00 | 0000 0000 

  0x0000012cb284a37c: ;   {runtime_call nmethod}
  0x0000012cb284a37c: 0000 00e9 | fbff ffff 

  0x0000012cb284a384: ;   {static_stub}
  0x0000012cb284a384: 9048 bb40 | 3f0b da2c 

  0x0000012cb284a38c: ;   {runtime_call I2C/C2I adapters}
  0x0000012cb284a38c: 0100 00e9 | 539c 0c07 

  0x0000012cb284a394: ;   {static_stub}
  0x0000012cb284a394: 48bb 0000 | 0000 0000 

  0x0000012cb284a39c: ;   {runtime_call nmethod}
  0x0000012cb284a39c: 0000 e9fb 

  0x0000012cb284a3a0: ;   {static_stub}
  0x0000012cb284a3a0: ffff ff48 | bb00 0000 | 0000 0000 

  0x0000012cb284a3ac: ;   {runtime_call nmethod}
  0x0000012cb284a3ac: 00e9 fbff 

  0x0000012cb284a3b0: ;   {static_stub}
  0x0000012cb284a3b0: ffff 48bb | 0000 0000 | 0000 0000 

  0x0000012cb284a3bc: ;   {runtime_call nmethod}
  0x0000012cb284a3bc: e9fb ffff 

  0x0000012cb284a3c0: ;   {static_stub}
  0x0000012cb284a3c0: ff48 bb00 | 0000 0000 

  0x0000012cb284a3c8: ;   {runtime_call nmethod}
  0x0000012cb284a3c8: 0000 00e9 | fbff ffff 

  0x0000012cb284a3d0: ;   {static_stub}
  0x0000012cb284a3d0: 48bb 0000 | 0000 0000 

  0x0000012cb284a3d8: ;   {runtime_call nmethod}
  0x0000012cb284a3d8: 0000 e9fb 

  0x0000012cb284a3dc: ;   {static_stub}
  0x0000012cb284a3dc: ffff ff48 | bb00 0000 | 0000 0000 

  0x0000012cb284a3e8: ;   {runtime_call nmethod}
  0x0000012cb284a3e8: 00e9 fbff 

  0x0000012cb284a3ec: ;   {static_stub}
  0x0000012cb284a3ec: ffff 48bb | 0000 0000 | 0000 0000 

  0x0000012cb284a3f8: ;   {runtime_call nmethod}
  0x0000012cb284a3f8: e9fb ffff 

  0x0000012cb284a3fc: ;   {static_stub}
  0x0000012cb284a3fc: ff48 bb00 | 0000 0000 

  0x0000012cb284a404: ;   {runtime_call nmethod}
  0x0000012cb284a404: 0000 00e9 | fbff ffff 

  0x0000012cb284a40c: ;   {static_stub}
  0x0000012cb284a40c: 48bb 0000 | 0000 0000 

  0x0000012cb284a414: ;   {runtime_call nmethod}
  0x0000012cb284a414: 0000 e9fb 

  0x0000012cb284a418: ;   {static_stub}
  0x0000012cb284a418: ffff ff48 | bb00 0000 | 0000 0000 

  0x0000012cb284a424: ;   {runtime_call nmethod}
  0x0000012cb284a424: 00e9 fbff 

  0x0000012cb284a428: ;   {runtime_call handle_exception_from_callee Runtime1 stub}
  0x0000012cb284a428: ffff e8d1 

  0x0000012cb284a42c: ;   {external_word}
  0x0000012cb284a42c: 200f 0748 | b950 63f2 | 48fc 7f00 | 0048 83e4 

  0x0000012cb284a43c: ;   {runtime_call}
  0x0000012cb284a43c: f048 b8c0 | c9b4 48fc | 7f00 00ff 

  0x0000012cb284a448: ;   {section_word}
  0x0000012cb284a448: d0f4 49ba | 4aa4 84b2 | 2c01 0000 

  0x0000012cb284a454: ;   {runtime_call DeoptimizationBlob}
  0x0000012cb284a454: 4152 e9c5 

  0x0000012cb284a458: ;   {section_word}
  0x0000012cb284a458: a20c 0749 | ba5b a484 | b22c 0100 

  0x0000012cb284a464: ;   {runtime_call DeoptimizationBlob}
  0x0000012cb284a464: 0041 52e9 | b4a2 0c07 | f4f4 f4f4 
[/MachCode]


Compiled method (c1) 154630 2692   !   3       org.gradle.internal.service.DefaultServiceRegistry$ManagedObjectServiceProvider::getInstance (44 bytes)
 total in heap  [0x0000012cb28b3b90,0x0000012cb28b43e8] = 2136
 relocation     [0x0000012cb28b3cf0,0x0000012cb28b3d58] = 104
 main code      [0x0000012cb28b3d60,0x0000012cb28b4250] = 1264
 stub code      [0x0000012cb28b4250,0x0000012cb28b42a8] = 88
 oops           [0x0000012cb28b42a8,0x0000012cb28b42b0] = 8
 metadata       [0x0000012cb28b42b0,0x0000012cb28b42c8] = 24
 scopes data    [0x0000012cb28b42c8,0x0000012cb28b4340] = 120
 scopes pcs     [0x0000012cb28b4340,0x0000012cb28b43b0] = 112
 dependencies   [0x0000012cb28b43b0,0x0000012cb28b43b8] = 8
 handler table  [0x0000012cb28b43b8,0x0000012cb28b43e8] = 48

[Constant Pool (empty)]

[MachCode]
[Entry Point]
  # {method} {0x0000012cda4c5ae0} 'getInstance' '()Ljava/lang/Object;' in 'org/gradle/internal/service/DefaultServiceRegistry$ManagedObjectServiceProvider'
  #           [sp+0x70]  (sp of caller)
  0x0000012cb28b3d60: 448b 5208 | 49bb 0000 | 00c5 2c01 | 0000 4d03 | d34c 3bd0 

  0x0000012cb28b3d74: ;   {runtime_call ic_miss_stub}
  0x0000012cb28b3d74: 0f85 06aa | 0507 660f | 1f44 0000 
[Verified Entry Point]
  0x0000012cb28b3d80: 8984 2400 | 80ff ff55 | 4883 ec60 | 4181 7f20 | 0100 0000 

  0x0000012cb28b3d94: ;   {runtime_call StubRoutines (final stubs)}
  0x0000012cb28b3d94: 7405 e805 

  0x0000012cb28b3d98: ;   {metadata(method data for {method} {0x0000012cda4c5ae0} 'getInstance' '()Ljava/lang/Object;' in 'org/gradle/internal/service/DefaultServiceRegistry$ManagedObjectServiceProvider')}
  0x0000012cb28b3d98: 2704 0748 | b8a0 f1c6 | da2c 0100 | 008b b0cc | 0000 0083 | c602 89b0 | cc00 0000 | 81e6 fe07 
  0x0000012cb28b3db8: 0000 85f6 | 0f84 9f03 | 0000 8b42 | 1448 85c0 

  0x0000012cb28b3dc8: ;   {metadata(method data for {method} {0x0000012cda4c5ae0} 'getInstance' '()Ljava/lang/Object;' in 'org/gradle/internal/service/DefaultServiceRegistry$ManagedObjectServiceProvider')}
  0x0000012cb28b3dc8: 48be a0f1 | c6da 2c01 | 0000 48c7 | c710 0100 | 0075 0748 | c7c7 2001 | 0000 488b | 1c3e 488d 
  0x0000012cb28b3de8: 5b01 4889 | 1c3e 0f85 | 0d03 0000 | 488d 7424 | 4848 8956 | 0848 8b02 | 4883 c801 | 4889 06f0 
  0x0000012cb28b3e08: 480f b132 | 0f84 1200 | 0000 482b | c448 2507 | f0ff ff48 | 8906 0f85 | 5e03 0000 | 49ff 8750 
  0x0000012cb28b3e28: 0500 008b | 7214 4885 

  0x0000012cb28b3e30: ;   {metadata(method data for {method} {0x0000012cda4c5ae0} 'getInstance' '()Ljava/lang/Object;' in 'org/gradle/internal/service/DefaultServiceRegistry$ManagedObjectServiceProvider')}
  0x0000012cb28b3e30: f648 bfa0 | f1c6 da2c | 0100 0048 | c7c3 3001 | 0000 7507 | 48c7 c340 | 0100 0048 | 8b04 1f48 
  0x0000012cb28b3e50: 8d40 0148 | 8904 1f0f | 856a 0200 | 0048 8bf2 

  0x0000012cb28b3e60: ;   {metadata(method data for {method} {0x0000012cda4c5ae0} 'getInstance' '()Ljava/lang/Object;' in 'org/gradle/internal/service/DefaultServiceRegistry$ManagedObjectServiceProvider')}
  0x0000012cb28b3e60: 48bf a0f1 | c6da 2c01 | 0000 8b76 | 0849 ba00 | 0000 c52c | 0100 0049 | 03f2 483b | b760 0100 
  0x0000012cb28b3e80: 0075 0d48 | 8387 6801 | 0000 01e9 | 6000 0000 | 483b b770 | 0100 0075 | 0d48 8387 | 7801 0000 
  0x0000012cb28b3ea0: 01e9 4a00 | 0000 4883 | bf60 0100 | 0000 7517 | 4889 b760 | 0100 0048 | c787 6801 | 0000 0100 
  0x0000012cb28b3ec0: 0000 e929 | 0000 0048 | 83bf 7001 | 0000 0075 | 1748 89b7 | 7001 0000 | 48c7 8778 | 0100 0001 
  0x0000012cb28b3ee0: 0000 00e9 | 0800 0000 | 4883 8750 | 0100 0001 | 488b f248 | 8bd6 4889 | 7424 3866 | 9048 b8f0 
  0x0000012cb28b3f00: 3044 df2c 

  0x0000012cb28b3f04: ;   {virtual_call}
  0x0000012cb28b3f04: 0100 00e8 

  0x0000012cb28b3f08: ; ImmutableOopMap {[56]=Oop [80]=Oop }
                      ;*invokevirtual createServiceInstance {reexecute=0 rethrow=0 return_oop=0}
                      ; - org.gradle.internal.service.DefaultServiceRegistry$ManagedObjectServiceProvider::getInstance@24 (line 600)
  0x0000012cb28b3f08: 25f5 0507 

  0x0000012cb28b3f0c: ;   {other}
  0x0000012cb28b3f0c: 0f1f 8400 | 7c03 0000 | 488b 5424 

  0x0000012cb28b3f18: ;   {metadata(method data for {method} {0x0000012cda4c5ae0} 'getInstance' '()Ljava/lang/Object;' in 'org/gradle/internal/service/DefaultServiceRegistry$ManagedObjectServiceProvider')}
  0x0000012cb28b3f18: 3849 b8a0 | f1c6 da2c | 0100 008b | 5208 49ba | 0000 00c5 | 2c01 0000 | 4903 d249 | 3b90 9801 
  0x0000012cb28b3f38: 0000 750d | 4983 80a0 | 0100 0001 | e960 0000 | 0049 3b90 | a801 0000 | 750d 4983 | 80b0 0100 
  0x0000012cb28b3f58: 0001 e94a | 0000 0049 | 83b8 9801 | 0000 0075 | 1749 8990 | 9801 0000 | 49c7 80a0 | 0100 0001 
  0x0000012cb28b3f78: 0000 00e9 | 2900 0000 | 4983 b8a8 | 0100 0000 | 7517 4989 | 90a8 0100 | 0049 c780 | b001 0000 
  0x0000012cb28b3f98: 0100 0000 | e908 0000 | 0049 8380 | 8801 0000 

  0x0000012cb28b3fa8: ;   {metadata(method data for {method} {0x0000012cda4c59e8} 'setInstance' '(Ljava/lang/Object;)V' in 'org/gradle/internal/service/DefaultServiceRegistry$ManagedObjectServiceProvider')}
  0x0000012cb28b3fa8: 0149 b8b8 | f3c6 da2c | 0100 0041 | 8b90 cc00 | 0000 83c2 | 0241 8990 | cc00 0000 | 81e2 feff 
  0x0000012cb28b3fc8: 1f00 85d2 | 0f84 c301 | 0000 488b 

  0x0000012cb28b3fd4: ;   {metadata(method data for {method} {0x0000012cda4c59e8} 'setInstance' '(Ljava/lang/Object;)V' in 'org/gradle/internal/service/DefaultServiceRegistry$ManagedObjectServiceProvider')}
  0x0000012cb28b3fd4: 5424 3849 | b8b8 f3c6 | da2c 0100 | 008b 5208 | 49ba 0000 | 00c5 2c01 | 0000 4903 | d249 3b90 
  0x0000012cb28b3ff4: 2001 0000 | 750d 4983 | 8028 0100 | 0001 e960 | 0000 0049 | 3b90 3001 | 0000 750d | 4983 8038 
  0x0000012cb28b4014: 0100 0001 | e94a 0000 | 0049 83b8 | 2001 0000 | 0075 1749 | 8990 2001 | 0000 49c7 | 8028 0100 
  0x0000012cb28b4034: 0001 0000 | 00e9 2900 | 0000 4983 | b830 0100 | 0000 7517 | 4989 9030 | 0100 0049 | c780 3801 
  0x0000012cb28b4054: 0000 0100 | 0000 e908 | 0000 0049 | 8380 1001 | 0000 014c | 8bc0 488b | 5424 3848 | 8944 2440 
  0x0000012cb28b4074: 9048 b850 | 3744 df2c 

  0x0000012cb28b407c: ;   {virtual_call}
  0x0000012cb28b407c: 0100 00e8 

  0x0000012cb28b4080: ; ImmutableOopMap {[56]=Oop [64]=Oop [80]=Oop }
                      ;*invokevirtual instanceRealized {reexecute=0 rethrow=0 return_oop=0}
                      ; - org.gradle.internal.service.DefaultServiceRegistry$ManagedObjectServiceProvider::setInstance@2 (line 589)
                      ; - org.gradle.internal.service.DefaultServiceRegistry$ManagedObjectServiceProvider::getInstance@29 (line 600)
  0x0000012cb28b4080: 31ff 0507 

  0x0000012cb28b4084: ;   {other}
  0x0000012cb28b4084: 0f1f 8400 | f404 0001 | 410f be47 | 4085 c048 | 8b54 2438 | 0f85 1801 | 0000 488b | 4424 404c 
  0x0000012cb28b40a4: 8bd0 4489 | 5214 f083 | 4424 c000 | 488b f248 | 33f0 48c1 | ee14 4883 | fe00 0f85 | 0d01 0000 
  0x0000012cb28b40c4: 488b f048 | 8d44 2448 | 488b 3848 | 85ff 0f84 | 0f00 0000 | 488b 5808 | f048 0fb1 | 3b0f 8502 
  0x0000012cb28b40e4: 0100 0049 | ff8f 5005 

  0x0000012cb28b40ec: ;   {metadata(method data for {method} {0x0000012cda4c5ae0} 'getInstance' '()Ljava/lang/Object;' in 'org/gradle/internal/service/DefaultServiceRegistry$ManagedObjectServiceProvider')}
  0x0000012cb28b40ec: 0000 48b8 | a0f1 c6da | 2c01 0000 | ff80 c001 | 0000 488b | c648 83c4 

  0x0000012cb28b4104: ;   {poll_return}
  0x0000012cb28b4104: 605d 493b | a750 0400 | 000f 87e9 | 0000 00c3 | 498b 8700 | 0500 004d | 33d2 4d89 | 9700 0500 
  0x0000012cb28b4124: 004d 33d2 | 4d89 9708 | 0500 0048 | 8bf0 488d | 4424 4848 | 8b38 4885 | ff0f 840f | 0000 0048 
  0x0000012cb28b4144: 8b58 08f0 | 480f b13b | 0f85 c000 | 0000 49ff | 8f50 0500 | 0048 8bc6 | e9e1 0000 

  0x0000012cb28b4160: ;   {metadata({method} {0x0000012cda4c5ae0} 'getInstance' '()Ljava/lang/Object;' in 'org/gradle/internal/service/DefaultServiceRegistry$ManagedObjectServiceProvider')}
  0x0000012cb28b4160: 0049 bad8 | 5a4c da2c | 0100 004c | 8954 2408 | 48c7 0424 | ffff ffff 

  0x0000012cb28b4178: ;   {runtime_call counter_overflow Runtime1 stub}
  0x0000012cb28b4178: e803 9911 

  0x0000012cb28b417c: ; ImmutableOopMap {rdx=Oop }
                      ;*synchronization entry
                      ; - org.gradle.internal.service.DefaultServiceRegistry$ManagedObjectServiceProvider::getInstance@-1 (line 595)
  0x0000012cb28b417c: 07e9 40fc | ffff 4889 | 5424 0848 

  0x0000012cb28b4188: ;   {runtime_call monitorenter_nofpu Runtime1 stub}
  0x0000012cb28b4188: 8934 24e8 

  0x0000012cb28b418c: ; ImmutableOopMap {rdx=Oop [80]=Oop }
                      ;*monitorenter {reexecute=0 rethrow=0 return_oop=0}
                      ; - org.gradle.internal.service.DefaultServiceRegistry$ManagedObjectServiceProvider::getInstance@12 (line 597)
  0x0000012cb28b418c: f0b9 1107 | e996 fcff 

  0x0000012cb28b4194: ;   {metadata({method} {0x0000012cda4c59e8} 'setInstance' '(Ljava/lang/Object;)V' in 'org/gradle/internal/service/DefaultServiceRegistry$ManagedObjectServiceProvider')}
  0x0000012cb28b4194: ff49 bae0 | 594c da2c | 0100 004c | 8954 2408 | 48c7 0424 | ffff ffff 

  0x0000012cb28b41ac: ;   {runtime_call counter_overflow Runtime1 stub}
  0x0000012cb28b41ac: e8cf 9811 

  0x0000012cb28b41b0: ; ImmutableOopMap {rax=Oop [56]=Oop [80]=Oop }
                      ;*synchronization entry
                      ; - org.gradle.internal.service.DefaultServiceRegistry$ManagedObjectServiceProvider::setInstance@-1 (line 589)
                      ; - org.gradle.internal.service.DefaultServiceRegistry$ManagedObjectServiceProvider::getInstance@29 (line 600)
  0x0000012cb28b41b0: 07e9 1cfe | ffff 8b42 | 1448 83f8 | 000f 84db | feff ff48 

  0x0000012cb28b41c4: ;   {runtime_call g1_pre_barrier_slow}
  0x0000012cb28b41c4: 8904 24e8 | b492 1107 | e9cd feff | ff48 83f8 | 000f 84e9 | feff ff48 

  0x0000012cb28b41dc: ;   {runtime_call g1_post_barrier_slow}
  0x0000012cb28b41dc: 8914 24e8 | 9c8f 1107 | e9db feff | ff48 8d44 | 2448 4889 

  0x0000012cb28b41f0: ;   {runtime_call monitorexit_nofpu Runtime1 stub}
  0x0000012cb28b41f0: 0424 e889 | b311 07e9 | f2fe ffff 

  0x0000012cb28b41fc: ;   {internal_word}
  0x0000012cb28b41fc: 49ba 0641 | 8bb2 2c01 | 0000 4d89 | 9768 0400 

  0x0000012cb28b420c: ;   {runtime_call SafepointBlob}
  0x0000012cb28b420c: 00e9 6e12 | 0607 488d | 4424 4848 

  0x0000012cb28b4218: ;   {runtime_call monitorexit_nofpu Runtime1 stub}
  0x0000012cb28b4218: 8904 24e8 | 60b3 1107 | e934 ffff | ff49 8b87 | 0005 0000 | 49c7 8700 | 0500 0000 | 0000 0049 
  0x0000012cb28b4238: c787 0805 | 0000 0000 | 0000 4883 

  0x0000012cb28b4244: ;   {runtime_call unwind_exception Runtime1 stub}
  0x0000012cb28b4244: c460 5de9 | b4af 0807 | f4f4 f4f4 
[Stub Code]
  0x0000012cb28b4250: ;   {no_reloc}
  0x0000012cb28b4250: 0f1f 4400 

  0x0000012cb28b4254: ;   {static_stub}
  0x0000012cb28b4254: 0048 bb00 | 0000 0000 

  0x0000012cb28b425c: ;   {runtime_call nmethod}
  0x0000012cb28b425c: 0000 00e9 | fbff ffff 

  0x0000012cb28b4264: ;   {static_stub}
  0x0000012cb28b4264: 9048 bb00 | 0000 0000 

  0x0000012cb28b426c: ;   {runtime_call nmethod}
  0x0000012cb28b426c: 0000 00e9 | fbff ffff 
[Exception Handler]
  0x0000012cb28b4274: ;   {runtime_call handle_exception_from_callee Runtime1 stub}
  0x0000012cb28b4274: e887 8208 

  0x0000012cb28b4278: ;   {external_word}
  0x0000012cb28b4278: 0748 b950 | 63f2 48fc | 7f00 0048 

  0x0000012cb28b4284: ;   {runtime_call}
  0x0000012cb28b4284: 83e4 f048 | b8c0 c9b4 | 48fc 7f00 | 00ff d0f4 
[Deopt Handler Code]
  0x0000012cb28b4294: ;   {section_word}
  0x0000012cb28b4294: 49ba 9442 | 8bb2 2c01 | 0000 4152 

  0x0000012cb28b42a0: ;   {runtime_call DeoptimizationBlob}
  0x0000012cb28b42a0: e97b 0406 | 07f4 f4f4 
[/MachCode]


---------------  P R O C E S S  ---------------

Threads class SMR info:
_java_thread_list=0x0000012cdf4409f0, length=36, elements={
0x0000012caf19fb40, 0x0000012cc42c0560, 0x0000012cc42c3cf0, 0x0000012cc42c7480,
0x0000012cc42c7ee0, 0x0000012cc42c8940, 0x0000012cc42c93a0, 0x0000012cc42cb140,
0x0000012cc42d60e0, 0x0000012cc45325e0, 0x0000012cc45b6720, 0x0000012cdf428320,
0x0000012cde12a720, 0x0000012cde922dd0, 0x0000012cdf5d0200, 0x0000012cdf3312e0,
0x0000012cdf331970, 0x0000012cdf3305c0, 0x0000012cdf330c50, 0x0000012cdf631030,
0x0000012cdf6316c0, 0x0000012cdf6351d0, 0x0000012cdf633790, 0x0000012cdf632a70,
0x0000012cdf631d50, 0x0000012cdf635860, 0x0000012cdf635ef0, 0x0000012cdf636580,
0x0000012cdf633100, 0x0000012cdf6372a0, 0x0000012cdf638650, 0x0000012cdf636c10,
0x0000012cdf6323e0, 0x0000012cdf633e20, 0x0000012cdf637930, 0x0000012cdf6344b0
}

Java Threads: ( => current thread )
  0x0000012caf19fb40 JavaThread "main"                              [_thread_blocked, id=18880, stack(0x0000000354500000,0x0000000354600000) (1024K)]
  0x0000012cc42c0560 JavaThread "Reference Handler"          daemon [_thread_blocked, id=19084, stack(0x0000000354d00000,0x0000000354e00000) (1024K)]
  0x0000012cc42c3cf0 JavaThread "Finalizer"                  daemon [_thread_blocked, id=19088, stack(0x0000000354e00000,0x0000000354f00000) (1024K)]
  0x0000012cc42c7480 JavaThread "Signal Dispatcher"          daemon [_thread_blocked, id=19092, stack(0x0000000354f00000,0x0000000355000000) (1024K)]
  0x0000012cc42c7ee0 JavaThread "Attach Listener"            daemon [_thread_blocked, id=19096, stack(0x0000000355000000,0x0000000355100000) (1024K)]
  0x0000012cc42c8940 JavaThread "Service Thread"             daemon [_thread_blocked, id=19100, stack(0x0000000355100000,0x0000000355200000) (1024K)]
  0x0000012cc42c93a0 JavaThread "Monitor Deflation Thread"   daemon [_thread_blocked, id=19104, stack(0x0000000355200000,0x0000000355300000) (1024K)]
  0x0000012cc42cb140 JavaThread "C2 CompilerThread0"         daemon [_thread_blocked, id=19108, stack(0x0000000355300000,0x0000000355400000) (1024K)]
  0x0000012cc42d60e0 JavaThread "C1 CompilerThread0"         daemon [_thread_blocked, id=19128, stack(0x0000000355400000,0x0000000355500000) (1024K)]
  0x0000012cc45325e0 JavaThread "Common-Cleaner"             daemon [_thread_blocked, id=3888, stack(0x0000000355500000,0x0000000355600000) (1024K)]
  0x0000012cc45b6720 JavaThread "Notification Thread"        daemon [_thread_blocked, id=14860, stack(0x0000000355600000,0x0000000355700000) (1024K)]
  0x0000012cdf428320 JavaThread "Daemon health stats"               [_thread_blocked, id=17376, stack(0x0000000354400000,0x0000000354500000) (1024K)]
  0x0000012cde12a720 JavaThread "Incoming local TCP Connector on port 64866"        [_thread_in_native, id=19988, stack(0x0000000355b00000,0x0000000355c00000) (1024K)]
  0x0000012cde922dd0 JavaThread "Daemon periodic checks"            [_thread_blocked, id=11364, stack(0x0000000355c00000,0x0000000355d00000) (1024K)]
  0x0000012cdf5d0200 JavaThread "Daemon"                            [_thread_blocked, id=17780, stack(0x0000000355d00000,0x0000000355e00000) (1024K)]
  0x0000012cdf3312e0 JavaThread "Daemon worker"                     [_thread_in_vm, id=19540, stack(0x0000000356000000,0x0000000356100000) (1024K)]
  0x0000012cdf331970 JavaThread "Daemon Thread 2"                   [_thread_blocked, id=5180, stack(0x0000000356100000,0x0000000356200000) (1024K)]
  0x0000012cdf3305c0 JavaThread "Handler for socket connection from /127.0.0.1:64866 to /127.0.0.1:64880"        [_thread_in_native, id=16292, stack(0x0000000356200000,0x0000000356300000) (1024K)]
  0x0000012cdf330c50 JavaThread "Daemon Thread 3"                   [_thread_blocked, id=18380, stack(0x0000000356300000,0x0000000356400000) (1024K)]
  0x0000012cdf631030 JavaThread "Daemon Thread 4"                   [_thread_blocked, id=14288, stack(0x0000000356500000,0x0000000356600000) (1024K)]
  0x0000012cdf6316c0 JavaThread "Cancel handler"                    [_thread_blocked, id=12520, stack(0x0000000356700000,0x0000000356800000) (1024K)]
  0x0000012cdf6351d0 JavaThread "Asynchronous log dispatcher for DefaultDaemonConnection: socket connection from /127.0.0.1:64866 to /127.0.0.1:64880"        [_thread_blocked, id=18332, stack(0x0000000356800000,0x0000000356900000) (1024K)]
  0x0000012cdf633790 JavaThread "Daemon Thread 5"                   [_thread_blocked, id=19788, stack(0x0000000354300000,0x0000000354400000) (1024K)]
  0x0000012cdf632a70 JavaThread "Stdin handler"                     [_thread_blocked, id=3800, stack(0x0000000355a00000,0x0000000355b00000) (1024K)]
  0x0000012cdf631d50 JavaThread "Daemon Thread 6"                   [_thread_blocked, id=14304, stack(0x0000000356900000,0x0000000356a00000) (1024K)]
  0x0000012cdf635860 JavaThread "Daemon client event forwarder"        [_thread_blocked, id=17580, stack(0x0000000356a00000,0x0000000356b00000) (1024K)]
=>0x0000012cdf635ef0 JavaThread "VFS cleanup"                       [_thread_in_vm, id=18616, stack(0x0000000356d00000,0x0000000356e00000) (1024K)]
  0x0000012cdf636580 JavaThread "VFS cleanup Thread 2"              [_thread_blocked, id=19828, stack(0x0000000356e00000,0x0000000356f00000) (1024K)]
  0x0000012cdf633100 JavaThread "Daemon Thread 7"                   [_thread_blocked, id=10012, stack(0x0000000356f00000,0x0000000357000000) (1024K)]
  0x0000012cdf6372a0 JavaThread "VFS cleanup Thread 3"              [_thread_blocked, id=10532, stack(0x0000000357000000,0x0000000357100000) (1024K)]
  0x0000012cdf638650 JavaThread "Handler for socket connection from /127.0.0.1:64866 to /127.0.0.1:64884"        [_thread_in_native, id=16388, stack(0x0000000355f00000,0x0000000356000000) (1024K)]
  0x0000012cdf636c10 JavaThread "Handler for socket connection from /127.0.0.1:64866 to /127.0.0.1:64882"        [_thread_in_native, id=13144, stack(0x0000000357100000,0x0000000357200000) (1024K)]
  0x0000012cdf6323e0 JavaThread "Handler for socket connection from /127.0.0.1:64866 to /127.0.0.1:64885"        [_thread_in_native, id=16440, stack(0x0000000356b00000,0x0000000356c00000) (1024K)]
  0x0000012cdf633e20 JavaThread "Cancel handler"                    [_thread_blocked, id=11316, stack(0x0000000356c00000,0x0000000356d00000) (1024K)]
  0x0000012cdf637930 JavaThread "Cancel handler"                    [_thread_blocked, id=19912, stack(0x0000000357200000,0x0000000357300000) (1024K)]
  0x0000012cdf6344b0 JavaThread "Cancel handler"                    [_thread_blocked, id=20408, stack(0x0000000355e00000,0x0000000355f00000) (1024K)]
Total: 36

Other Threads:
  0x0000012cc42a1c00 VMThread "VM Thread"                           [id=19004, stack(0x0000000354c00000,0x0000000354d00000) (1024K)]
  0x0000012cc4294060 WatcherThread "VM Periodic Task Thread"        [id=18996, stack(0x0000000354b00000,0x0000000354c00000) (1024K)]
  0x0000012caf1ca860 WorkerThread "GC Thread#0"                     [id=18932, stack(0x0000000354600000,0x0000000354700000) (1024K)]
  0x0000012cc46010b0 WorkerThread "GC Thread#1"                     [id=19760, stack(0x0000000355700000,0x0000000355800000) (1024K)]
  0x0000012cc47bb9d0 WorkerThread "GC Thread#2"                     [id=19764, stack(0x0000000355800000,0x0000000355900000) (1024K)]
  0x0000012cc46d2110 WorkerThread "GC Thread#3"                     [id=19768, stack(0x0000000355900000,0x0000000355a00000) (1024K)]
  0x0000012caf1d0770 ConcurrentGCThread "G1 Main Marker"            [id=18936, stack(0x0000000354700000,0x0000000354800000) (1024K)]
  0x0000012caf1d1190 WorkerThread "G1 Conc#0"                       [id=18940, stack(0x0000000354800000,0x0000000354900000) (1024K)]
  0x0000012caf24e9c0 ConcurrentGCThread "G1 Refine#0"               [id=18944, stack(0x0000000354900000,0x0000000354a00000) (1024K)]
  0x0000012cc4165730 ConcurrentGCThread "G1 Service"                [id=18948, stack(0x0000000354a00000,0x0000000354b00000) (1024K)]
Total: 10

Threads with active compile tasks:
Total: 0

VM state: not at safepoint (normal execution)

VM Mutex/Monitor currently owned by a thread:  ([mutex/lock_event])
[0x00007ffc491dd530] Metaspace_lock - owner thread: 0x0000012cdf635ef0

Heap address: 0x00000000e0000000, size: 512 MB, Compressed Oops mode: 32-bit

CDS archive(s) mapped at: [0x0000012cc5000000-0x0000012cc5ba0000-0x0000012cc5ba0000), size 12189696, SharedBaseAddress: 0x0000012cc5000000, ArchiveRelocationMode: 1.
Compressed class space mapped at: 0x0000012cc6000000-0x0000012cda000000, reserved size: 335544320
Narrow klass base: 0x0000012cc5000000, Narrow klass shift: 0, Narrow klass range: 0x100000000

GC Precious Log:
 CardTable entry size: 512
 Card Set container configuration: InlinePtr #cards 5 size 8 Array Of Cards #cards 12 size 40 Howl #buckets 4 coarsen threshold 1843 Howl Bitmap #cards 512 size 80 coarsen threshold 460 Card regions per heap region 1 cards per card region 2048
 CPUs: 4 total, 4 available
 Memory: 3973M
 Large Page Support: Disabled
 NUMA Support: Disabled
 Compressed Oops: Enabled (32-bit)
 Heap Region Size: 1M
 Heap Min Capacity: 256M
 Heap Initial Capacity: 256M
 Heap Max Capacity: 512M
 Pre-touch: Disabled
 Parallel Workers: 4
 Concurrent Workers: 1
 Concurrent Refinement Workers: 4
 Periodic GC: Disabled

Heap:
 garbage-first heap   total 262144K, used 28138K [0x00000000e0000000, 0x0000000100000000)
  region size 1024K, 16 young (16384K), 10 survivors (10240K)
 Metaspace       used 16198K, committed 16640K, reserved 393216K
  class space    used 2211K, committed 2432K, reserved 327680K

Heap Regions: E=young(eden), S=young(survivor), O=old, HS=humongous(starts), HC=humongous(continues), CS=collection set, F=free, TAMS=top-at-mark-start, PB=parsable bottom
|   0|0x00000000e0000000, 0x00000000e0100000, 0x00000000e0100000|100%| O|  |TAMS 0x00000000e0000000| PB 0x00000000e0000000| Untracked 
|   1|0x00000000e0100000, 0x00000000e0200000, 0x00000000e0200000|100%|HS|  |TAMS 0x00000000e0100000| PB 0x00000000e0100000| Complete 
|   2|0x00000000e0200000, 0x00000000e0300000, 0x00000000e0300000|100%|HC|  |TAMS 0x00000000e0200000| PB 0x00000000e0200000| Complete 
|   3|0x00000000e0300000, 0x00000000e0400000, 0x00000000e0400000|100%|HC|  |TAMS 0x00000000e0300000| PB 0x00000000e0300000| Complete 
|   4|0x00000000e0400000, 0x00000000e0500000, 0x00000000e0500000|100%|HC|  |TAMS 0x00000000e0400000| PB 0x00000000e0400000| Complete 
|   5|0x00000000e0500000, 0x00000000e0600000, 0x00000000e0600000|100%| O|  |TAMS 0x00000000e0500000| PB 0x00000000e0500000| Untracked 
|   6|0x00000000e0600000, 0x00000000e0700000, 0x00000000e0700000|100%| O|  |TAMS 0x00000000e0600000| PB 0x00000000e0600000| Untracked 
|   7|0x00000000e0700000, 0x00000000e0800000, 0x00000000e0800000|100%| O|  |TAMS 0x00000000e0700000| PB 0x00000000e0700000| Untracked 
|   8|0x00000000e0800000, 0x00000000e0900000, 0x00000000e0900000|100%| O|  |TAMS 0x00000000e0800000| PB 0x00000000e0800000| Untracked 
|   9|0x00000000e0900000, 0x00000000e0a00000, 0x00000000e0a00000|100%| O|  |TAMS 0x00000000e0900000| PB 0x00000000e0900000| Untracked 
|  10|0x00000000e0a00000, 0x00000000e0b00000, 0x00000000e0b00000|100%|HS|  |TAMS 0x00000000e0a00000| PB 0x00000000e0a00000| Complete 
|  11|0x00000000e0b00000, 0x00000000e0b00000, 0x00000000e0c00000|  0%| F|  |TAMS 0x00000000e0b00000| PB 0x00000000e0b00000| Untracked 
|  12|0x00000000e0c00000, 0x00000000e0d00000, 0x00000000e0d00000|100%| O|  |TAMS 0x00000000e0c00000| PB 0x00000000e0c00000| Untracked 
|  13|0x00000000e0d00000, 0x00000000e0e00000, 0x00000000e0e00000|100%| O|  |TAMS 0x00000000e0d00000| PB 0x00000000e0d00000| Untracked 
|  14|0x00000000e0e00000, 0x00000000e0e24270, 0x00000000e0f00000| 14%| O|  |TAMS 0x00000000e0e00000| PB 0x00000000e0e00000| Untracked 
|  15|0x00000000e0f00000, 0x00000000e0f00000, 0x00000000e1000000|  0%| F|  |TAMS 0x00000000e0f00000| PB 0x00000000e0f00000| Untracked 
|  16|0x00000000e1000000, 0x00000000e1000000, 0x00000000e1100000|  0%| F|  |TAMS 0x00000000e1000000| PB 0x00000000e1000000| Untracked 
|  17|0x00000000e1100000, 0x00000000e1100000, 0x00000000e1200000|  0%| F|  |TAMS 0x00000000e1100000| PB 0x00000000e1100000| Untracked 
|  18|0x00000000e1200000, 0x00000000e1200000, 0x00000000e1300000|  0%| F|  |TAMS 0x00000000e1200000| PB 0x00000000e1200000| Untracked 
|  19|0x00000000e1300000, 0x00000000e1300000, 0x00000000e1400000|  0%| F|  |TAMS 0x00000000e1300000| PB 0x00000000e1300000| Untracked 
|  20|0x00000000e1400000, 0x00000000e1400000, 0x00000000e1500000|  0%| F|  |TAMS 0x00000000e1400000| PB 0x00000000e1400000| Untracked 
|  21|0x00000000e1500000, 0x00000000e1500000, 0x00000000e1600000|  0%| F|  |TAMS 0x00000000e1500000| PB 0x00000000e1500000| Untracked 
|  22|0x00000000e1600000, 0x00000000e1600000, 0x00000000e1700000|  0%| F|  |TAMS 0x00000000e1600000| PB 0x00000000e1600000| Untracked 
|  23|0x00000000e1700000, 0x00000000e1700000, 0x00000000e1800000|  0%| F|  |TAMS 0x00000000e1700000| PB 0x00000000e1700000| Untracked 
|  24|0x00000000e1800000, 0x00000000e1800000, 0x00000000e1900000|  0%| F|  |TAMS 0x00000000e1800000| PB 0x00000000e1800000| Untracked 
|  25|0x00000000e1900000, 0x00000000e1900000, 0x00000000e1a00000|  0%| F|  |TAMS 0x00000000e1900000| PB 0x00000000e1900000| Untracked 
|  26|0x00000000e1a00000, 0x00000000e1a00000, 0x00000000e1b00000|  0%| F|  |TAMS 0x00000000e1a00000| PB 0x00000000e1a00000| Untracked 
|  27|0x00000000e1b00000, 0x00000000e1b00000, 0x00000000e1c00000|  0%| F|  |TAMS 0x00000000e1b00000| PB 0x00000000e1b00000| Untracked 
|  28|0x00000000e1c00000, 0x00000000e1c00000, 0x00000000e1d00000|  0%| F|  |TAMS 0x00000000e1c00000| PB 0x00000000e1c00000| Untracked 
|  29|0x00000000e1d00000, 0x00000000e1d00000, 0x00000000e1e00000|  0%| F|  |TAMS 0x00000000e1d00000| PB 0x00000000e1d00000| Untracked 
|  30|0x00000000e1e00000, 0x00000000e1e00000, 0x00000000e1f00000|  0%| F|  |TAMS 0x00000000e1e00000| PB 0x00000000e1e00000| Untracked 
|  31|0x00000000e1f00000, 0x00000000e1f00000, 0x00000000e2000000|  0%| F|  |TAMS 0x00000000e1f00000| PB 0x00000000e1f00000| Untracked 
|  32|0x00000000e2000000, 0x00000000e2000000, 0x00000000e2100000|  0%| F|  |TAMS 0x00000000e2000000| PB 0x00000000e2000000| Untracked 
|  33|0x00000000e2100000, 0x00000000e2100000, 0x00000000e2200000|  0%| F|  |TAMS 0x00000000e2100000| PB 0x00000000e2100000| Untracked 
|  34|0x00000000e2200000, 0x00000000e2200000, 0x00000000e2300000|  0%| F|  |TAMS 0x00000000e2200000| PB 0x00000000e2200000| Untracked 
|  35|0x00000000e2300000, 0x00000000e2300000, 0x00000000e2400000|  0%| F|  |TAMS 0x00000000e2300000| PB 0x00000000e2300000| Untracked 
|  36|0x00000000e2400000, 0x00000000e2400000, 0x00000000e2500000|  0%| F|  |TAMS 0x00000000e2400000| PB 0x00000000e2400000| Untracked 
|  37|0x00000000e2500000, 0x00000000e2500000, 0x00000000e2600000|  0%| F|  |TAMS 0x00000000e2500000| PB 0x00000000e2500000| Untracked 
|  38|0x00000000e2600000, 0x00000000e2600000, 0x00000000e2700000|  0%| F|  |TAMS 0x00000000e2600000| PB 0x00000000e2600000| Untracked 
|  39|0x00000000e2700000, 0x00000000e2700000, 0x00000000e2800000|  0%| F|  |TAMS 0x00000000e2700000| PB 0x00000000e2700000| Untracked 
|  40|0x00000000e2800000, 0x00000000e2800000, 0x00000000e2900000|  0%| F|  |TAMS 0x00000000e2800000| PB 0x00000000e2800000| Untracked 
|  41|0x00000000e2900000, 0x00000000e2900000, 0x00000000e2a00000|  0%| F|  |TAMS 0x00000000e2900000| PB 0x00000000e2900000| Untracked 
|  42|0x00000000e2a00000, 0x00000000e2a00000, 0x00000000e2b00000|  0%| F|  |TAMS 0x00000000e2a00000| PB 0x00000000e2a00000| Untracked 
|  43|0x00000000e2b00000, 0x00000000e2b00000, 0x00000000e2c00000|  0%| F|  |TAMS 0x00000000e2b00000| PB 0x00000000e2b00000| Untracked 
|  44|0x00000000e2c00000, 0x00000000e2c00000, 0x00000000e2d00000|  0%| F|  |TAMS 0x00000000e2c00000| PB 0x00000000e2c00000| Untracked 
|  45|0x00000000e2d00000, 0x00000000e2d00000, 0x00000000e2e00000|  0%| F|  |TAMS 0x00000000e2d00000| PB 0x00000000e2d00000| Untracked 
|  46|0x00000000e2e00000, 0x00000000e2e00000, 0x00000000e2f00000|  0%| F|  |TAMS 0x00000000e2e00000| PB 0x00000000e2e00000| Untracked 
|  47|0x00000000e2f00000, 0x00000000e2f00000, 0x00000000e3000000|  0%| F|  |TAMS 0x00000000e2f00000| PB 0x00000000e2f00000| Untracked 
|  48|0x00000000e3000000, 0x00000000e3000000, 0x00000000e3100000|  0%| F|  |TAMS 0x00000000e3000000| PB 0x00000000e3000000| Untracked 
|  49|0x00000000e3100000, 0x00000000e3100000, 0x00000000e3200000|  0%| F|  |TAMS 0x00000000e3100000| PB 0x00000000e3100000| Untracked 
|  50|0x00000000e3200000, 0x00000000e3200000, 0x00000000e3300000|  0%| F|  |TAMS 0x00000000e3200000| PB 0x00000000e3200000| Untracked 
|  51|0x00000000e3300000, 0x00000000e3300000, 0x00000000e3400000|  0%| F|  |TAMS 0x00000000e3300000| PB 0x00000000e3300000| Untracked 
|  52|0x00000000e3400000, 0x00000000e3400000, 0x00000000e3500000|  0%| F|  |TAMS 0x00000000e3400000| PB 0x00000000e3400000| Untracked 
|  53|0x00000000e3500000, 0x00000000e3500000, 0x00000000e3600000|  0%| F|  |TAMS 0x00000000e3500000| PB 0x00000000e3500000| Untracked 
|  54|0x00000000e3600000, 0x00000000e3600000, 0x00000000e3700000|  0%| F|  |TAMS 0x00000000e3600000| PB 0x00000000e3600000| Untracked 
|  55|0x00000000e3700000, 0x00000000e3700000, 0x00000000e3800000|  0%| F|  |TAMS 0x00000000e3700000| PB 0x00000000e3700000| Untracked 
|  56|0x00000000e3800000, 0x00000000e3800000, 0x00000000e3900000|  0%| F|  |TAMS 0x00000000e3800000| PB 0x00000000e3800000| Untracked 
|  57|0x00000000e3900000, 0x00000000e3900000, 0x00000000e3a00000|  0%| F|  |TAMS 0x00000000e3900000| PB 0x00000000e3900000| Untracked 
|  58|0x00000000e3a00000, 0x00000000e3a00000, 0x00000000e3b00000|  0%| F|  |TAMS 0x00000000e3a00000| PB 0x00000000e3a00000| Untracked 
|  59|0x00000000e3b00000, 0x00000000e3b00000, 0x00000000e3c00000|  0%| F|  |TAMS 0x00000000e3b00000| PB 0x00000000e3b00000| Untracked 
|  60|0x00000000e3c00000, 0x00000000e3c00000, 0x00000000e3d00000|  0%| F|  |TAMS 0x00000000e3c00000| PB 0x00000000e3c00000| Untracked 
|  61|0x00000000e3d00000, 0x00000000e3d00000, 0x00000000e3e00000|  0%| F|  |TAMS 0x00000000e3d00000| PB 0x00000000e3d00000| Untracked 
|  62|0x00000000e3e00000, 0x00000000e3e00000, 0x00000000e3f00000|  0%| F|  |TAMS 0x00000000e3e00000| PB 0x00000000e3e00000| Untracked 
|  63|0x00000000e3f00000, 0x00000000e3f00000, 0x00000000e4000000|  0%| F|  |TAMS 0x00000000e3f00000| PB 0x00000000e3f00000| Untracked 
|  64|0x00000000e4000000, 0x00000000e4000000, 0x00000000e4100000|  0%| F|  |TAMS 0x00000000e4000000| PB 0x00000000e4000000| Untracked 
|  65|0x00000000e4100000, 0x00000000e4100000, 0x00000000e4200000|  0%| F|  |TAMS 0x00000000e4100000| PB 0x00000000e4100000| Untracked 
|  66|0x00000000e4200000, 0x00000000e4200000, 0x00000000e4300000|  0%| F|  |TAMS 0x00000000e4200000| PB 0x00000000e4200000| Untracked 
|  67|0x00000000e4300000, 0x00000000e4300000, 0x00000000e4400000|  0%| F|  |TAMS 0x00000000e4300000| PB 0x00000000e4300000| Untracked 
|  68|0x00000000e4400000, 0x00000000e4400000, 0x00000000e4500000|  0%| F|  |TAMS 0x00000000e4400000| PB 0x00000000e4400000| Untracked 
|  69|0x00000000e4500000, 0x00000000e4500000, 0x00000000e4600000|  0%| F|  |TAMS 0x00000000e4500000| PB 0x00000000e4500000| Untracked 
|  70|0x00000000e4600000, 0x00000000e4600000, 0x00000000e4700000|  0%| F|  |TAMS 0x00000000e4600000| PB 0x00000000e4600000| Untracked 
|  71|0x00000000e4700000, 0x00000000e4700000, 0x00000000e4800000|  0%| F|  |TAMS 0x00000000e4700000| PB 0x00000000e4700000| Untracked 
|  72|0x00000000e4800000, 0x00000000e4800000, 0x00000000e4900000|  0%| F|  |TAMS 0x00000000e4800000| PB 0x00000000e4800000| Untracked 
|  73|0x00000000e4900000, 0x00000000e4900000, 0x00000000e4a00000|  0%| F|  |TAMS 0x00000000e4900000| PB 0x00000000e4900000| Untracked 
|  74|0x00000000e4a00000, 0x00000000e4a00000, 0x00000000e4b00000|  0%| F|  |TAMS 0x00000000e4a00000| PB 0x00000000e4a00000| Untracked 
|  75|0x00000000e4b00000, 0x00000000e4b00000, 0x00000000e4c00000|  0%| F|  |TAMS 0x00000000e4b00000| PB 0x00000000e4b00000| Untracked 
|  76|0x00000000e4c00000, 0x00000000e4c00000, 0x00000000e4d00000|  0%| F|  |TAMS 0x00000000e4c00000| PB 0x00000000e4c00000| Untracked 
|  77|0x00000000e4d00000, 0x00000000e4d00000, 0x00000000e4e00000|  0%| F|  |TAMS 0x00000000e4d00000| PB 0x00000000e4d00000| Untracked 
|  78|0x00000000e4e00000, 0x00000000e4e00000, 0x00000000e4f00000|  0%| F|  |TAMS 0x00000000e4e00000| PB 0x00000000e4e00000| Untracked 
|  79|0x00000000e4f00000, 0x00000000e4f00000, 0x00000000e5000000|  0%| F|  |TAMS 0x00000000e4f00000| PB 0x00000000e4f00000| Untracked 
|  80|0x00000000e5000000, 0x00000000e5000000, 0x00000000e5100000|  0%| F|  |TAMS 0x00000000e5000000| PB 0x00000000e5000000| Untracked 
|  81|0x00000000e5100000, 0x00000000e5100000, 0x00000000e5200000|  0%| F|  |TAMS 0x00000000e5100000| PB 0x00000000e5100000| Untracked 
|  82|0x00000000e5200000, 0x00000000e5200000, 0x00000000e5300000|  0%| F|  |TAMS 0x00000000e5200000| PB 0x00000000e5200000| Untracked 
|  83|0x00000000e5300000, 0x00000000e5300000, 0x00000000e5400000|  0%| F|  |TAMS 0x00000000e5300000| PB 0x00000000e5300000| Untracked 
|  84|0x00000000e5400000, 0x00000000e5400000, 0x00000000e5500000|  0%| F|  |TAMS 0x00000000e5400000| PB 0x00000000e5400000| Untracked 
|  85|0x00000000e5500000, 0x00000000e5500000, 0x00000000e5600000|  0%| F|  |TAMS 0x00000000e5500000| PB 0x00000000e5500000| Untracked 
|  86|0x00000000e5600000, 0x00000000e5600000, 0x00000000e5700000|  0%| F|  |TAMS 0x00000000e5600000| PB 0x00000000e5600000| Untracked 
|  87|0x00000000e5700000, 0x00000000e5700000, 0x00000000e5800000|  0%| F|  |TAMS 0x00000000e5700000| PB 0x00000000e5700000| Untracked 
|  88|0x00000000e5800000, 0x00000000e5800000, 0x00000000e5900000|  0%| F|  |TAMS 0x00000000e5800000| PB 0x00000000e5800000| Untracked 
|  89|0x00000000e5900000, 0x00000000e5900000, 0x00000000e5a00000|  0%| F|  |TAMS 0x00000000e5900000| PB 0x00000000e5900000| Untracked 
|  90|0x00000000e5a00000, 0x00000000e5a00000, 0x00000000e5b00000|  0%| F|  |TAMS 0x00000000e5a00000| PB 0x00000000e5a00000| Untracked 
|  91|0x00000000e5b00000, 0x00000000e5b00000, 0x00000000e5c00000|  0%| F|  |TAMS 0x00000000e5b00000| PB 0x00000000e5b00000| Untracked 
|  92|0x00000000e5c00000, 0x00000000e5c00000, 0x00000000e5d00000|  0%| F|  |TAMS 0x00000000e5c00000| PB 0x00000000e5c00000| Untracked 
|  93|0x00000000e5d00000, 0x00000000e5d00000, 0x00000000e5e00000|  0%| F|  |TAMS 0x00000000e5d00000| PB 0x00000000e5d00000| Untracked 
|  94|0x00000000e5e00000, 0x00000000e5e00000, 0x00000000e5f00000|  0%| F|  |TAMS 0x00000000e5e00000| PB 0x00000000e5e00000| Untracked 
|  95|0x00000000e5f00000, 0x00000000e5f00000, 0x00000000e6000000|  0%| F|  |TAMS 0x00000000e5f00000| PB 0x00000000e5f00000| Untracked 
|  96|0x00000000e6000000, 0x00000000e6000000, 0x00000000e6100000|  0%| F|  |TAMS 0x00000000e6000000| PB 0x00000000e6000000| Untracked 
|  97|0x00000000e6100000, 0x00000000e6100000, 0x00000000e6200000|  0%| F|  |TAMS 0x00000000e6100000| PB 0x00000000e6100000| Untracked 
|  98|0x00000000e6200000, 0x00000000e6200000, 0x00000000e6300000|  0%| F|  |TAMS 0x00000000e6200000| PB 0x00000000e6200000| Untracked 
|  99|0x00000000e6300000, 0x00000000e6300000, 0x00000000e6400000|  0%| F|  |TAMS 0x00000000e6300000| PB 0x00000000e6300000| Untracked 
| 100|0x00000000e6400000, 0x00000000e6400000, 0x00000000e6500000|  0%| F|  |TAMS 0x00000000e6400000| PB 0x00000000e6400000| Untracked 
| 101|0x00000000e6500000, 0x00000000e6500000, 0x00000000e6600000|  0%| F|  |TAMS 0x00000000e6500000| PB 0x00000000e6500000| Untracked 
| 102|0x00000000e6600000, 0x00000000e6600000, 0x00000000e6700000|  0%| F|  |TAMS 0x00000000e6600000| PB 0x00000000e6600000| Untracked 
| 103|0x00000000e6700000, 0x00000000e6700000, 0x00000000e6800000|  0%| F|  |TAMS 0x00000000e6700000| PB 0x00000000e6700000| Untracked 
| 104|0x00000000e6800000, 0x00000000e6800000, 0x00000000e6900000|  0%| F|  |TAMS 0x00000000e6800000| PB 0x00000000e6800000| Untracked 
| 105|0x00000000e6900000, 0x00000000e6900000, 0x00000000e6a00000|  0%| F|  |TAMS 0x00000000e6900000| PB 0x00000000e6900000| Untracked 
| 106|0x00000000e6a00000, 0x00000000e6a00000, 0x00000000e6b00000|  0%| F|  |TAMS 0x00000000e6a00000| PB 0x00000000e6a00000| Untracked 
| 107|0x00000000e6b00000, 0x00000000e6b00000, 0x00000000e6c00000|  0%| F|  |TAMS 0x00000000e6b00000| PB 0x00000000e6b00000| Untracked 
| 108|0x00000000e6c00000, 0x00000000e6c00000, 0x00000000e6d00000|  0%| F|  |TAMS 0x00000000e6c00000| PB 0x00000000e6c00000| Untracked 
| 109|0x00000000e6d00000, 0x00000000e6d00000, 0x00000000e6e00000|  0%| F|  |TAMS 0x00000000e6d00000| PB 0x00000000e6d00000| Untracked 
| 110|0x00000000e6e00000, 0x00000000e6e00000, 0x00000000e6f00000|  0%| F|  |TAMS 0x00000000e6e00000| PB 0x00000000e6e00000| Untracked 
| 111|0x00000000e6f00000, 0x00000000e6f00000, 0x00000000e7000000|  0%| F|  |TAMS 0x00000000e6f00000| PB 0x00000000e6f00000| Untracked 
| 112|0x00000000e7000000, 0x00000000e7000000, 0x00000000e7100000|  0%| F|  |TAMS 0x00000000e7000000| PB 0x00000000e7000000| Untracked 
| 113|0x00000000e7100000, 0x00000000e7100000, 0x00000000e7200000|  0%| F|  |TAMS 0x00000000e7100000| PB 0x00000000e7100000| Untracked 
| 114|0x00000000e7200000, 0x00000000e7200000, 0x00000000e7300000|  0%| F|  |TAMS 0x00000000e7200000| PB 0x00000000e7200000| Untracked 
| 115|0x00000000e7300000, 0x00000000e7300000, 0x00000000e7400000|  0%| F|  |TAMS 0x00000000e7300000| PB 0x00000000e7300000| Untracked 
| 116|0x00000000e7400000, 0x00000000e7400000, 0x00000000e7500000|  0%| F|  |TAMS 0x00000000e7400000| PB 0x00000000e7400000| Untracked 
| 117|0x00000000e7500000, 0x00000000e7500000, 0x00000000e7600000|  0%| F|  |TAMS 0x00000000e7500000| PB 0x00000000e7500000| Untracked 
| 118|0x00000000e7600000, 0x00000000e7600000, 0x00000000e7700000|  0%| F|  |TAMS 0x00000000e7600000| PB 0x00000000e7600000| Untracked 
| 119|0x00000000e7700000, 0x00000000e7700000, 0x00000000e7800000|  0%| F|  |TAMS 0x00000000e7700000| PB 0x00000000e7700000| Untracked 
| 120|0x00000000e7800000, 0x00000000e7800000, 0x00000000e7900000|  0%| F|  |TAMS 0x00000000e7800000| PB 0x00000000e7800000| Untracked 
| 121|0x00000000e7900000, 0x00000000e7900000, 0x00000000e7a00000|  0%| F|  |TAMS 0x00000000e7900000| PB 0x00000000e7900000| Untracked 
| 122|0x00000000e7a00000, 0x00000000e7a00000, 0x00000000e7b00000|  0%| F|  |TAMS 0x00000000e7a00000| PB 0x00000000e7a00000| Untracked 
| 123|0x00000000e7b00000, 0x00000000e7b00000, 0x00000000e7c00000|  0%| F|  |TAMS 0x00000000e7b00000| PB 0x00000000e7b00000| Untracked 
| 124|0x00000000e7c00000, 0x00000000e7c00000, 0x00000000e7d00000|  0%| F|  |TAMS 0x00000000e7c00000| PB 0x00000000e7c00000| Untracked 
| 125|0x00000000e7d00000, 0x00000000e7d00000, 0x00000000e7e00000|  0%| F|  |TAMS 0x00000000e7d00000| PB 0x00000000e7d00000| Untracked 
| 126|0x00000000e7e00000, 0x00000000e7e00000, 0x00000000e7f00000|  0%| F|  |TAMS 0x00000000e7e00000| PB 0x00000000e7e00000| Untracked 
| 127|0x00000000e7f00000, 0x00000000e7f00000, 0x00000000e8000000|  0%| F|  |TAMS 0x00000000e7f00000| PB 0x00000000e7f00000| Untracked 
| 128|0x00000000e8000000, 0x00000000e8000000, 0x00000000e8100000|  0%| F|  |TAMS 0x00000000e8000000| PB 0x00000000e8000000| Untracked 
| 129|0x00000000e8100000, 0x00000000e8100000, 0x00000000e8200000|  0%| F|  |TAMS 0x00000000e8100000| PB 0x00000000e8100000| Untracked 
| 130|0x00000000e8200000, 0x00000000e8200000, 0x00000000e8300000|  0%| F|  |TAMS 0x00000000e8200000| PB 0x00000000e8200000| Untracked 
| 131|0x00000000e8300000, 0x00000000e8300000, 0x00000000e8400000|  0%| F|  |TAMS 0x00000000e8300000| PB 0x00000000e8300000| Untracked 
| 132|0x00000000e8400000, 0x00000000e8400000, 0x00000000e8500000|  0%| F|  |TAMS 0x00000000e8400000| PB 0x00000000e8400000| Untracked 
| 133|0x00000000e8500000, 0x00000000e8500000, 0x00000000e8600000|  0%| F|  |TAMS 0x00000000e8500000| PB 0x00000000e8500000| Untracked 
| 134|0x00000000e8600000, 0x00000000e8600000, 0x00000000e8700000|  0%| F|  |TAMS 0x00000000e8600000| PB 0x00000000e8600000| Untracked 
| 135|0x00000000e8700000, 0x00000000e8700000, 0x00000000e8800000|  0%| F|  |TAMS 0x00000000e8700000| PB 0x00000000e8700000| Untracked 
| 136|0x00000000e8800000, 0x00000000e8800000, 0x00000000e8900000|  0%| F|  |TAMS 0x00000000e8800000| PB 0x00000000e8800000| Untracked 
| 137|0x00000000e8900000, 0x00000000e8900000, 0x00000000e8a00000|  0%| F|  |TAMS 0x00000000e8900000| PB 0x00000000e8900000| Untracked 
| 138|0x00000000e8a00000, 0x00000000e8a00000, 0x00000000e8b00000|  0%| F|  |TAMS 0x00000000e8a00000| PB 0x00000000e8a00000| Untracked 
| 139|0x00000000e8b00000, 0x00000000e8b00000, 0x00000000e8c00000|  0%| F|  |TAMS 0x00000000e8b00000| PB 0x00000000e8b00000| Untracked 
| 140|0x00000000e8c00000, 0x00000000e8c00000, 0x00000000e8d00000|  0%| F|  |TAMS 0x00000000e8c00000| PB 0x00000000e8c00000| Untracked 
| 141|0x00000000e8d00000, 0x00000000e8d00000, 0x00000000e8e00000|  0%| F|  |TAMS 0x00000000e8d00000| PB 0x00000000e8d00000| Untracked 
| 142|0x00000000e8e00000, 0x00000000e8e00000, 0x00000000e8f00000|  0%| F|  |TAMS 0x00000000e8e00000| PB 0x00000000e8e00000| Untracked 
| 143|0x00000000e8f00000, 0x00000000e8f00000, 0x00000000e9000000|  0%| F|  |TAMS 0x00000000e8f00000| PB 0x00000000e8f00000| Untracked 
| 144|0x00000000e9000000, 0x00000000e9000000, 0x00000000e9100000|  0%| F|  |TAMS 0x00000000e9000000| PB 0x00000000e9000000| Untracked 
| 145|0x00000000e9100000, 0x00000000e9100000, 0x00000000e9200000|  0%| F|  |TAMS 0x00000000e9100000| PB 0x00000000e9100000| Untracked 
| 146|0x00000000e9200000, 0x00000000e9200000, 0x00000000e9300000|  0%| F|  |TAMS 0x00000000e9200000| PB 0x00000000e9200000| Untracked 
| 147|0x00000000e9300000, 0x00000000e9300000, 0x00000000e9400000|  0%| F|  |TAMS 0x00000000e9300000| PB 0x00000000e9300000| Untracked 
| 148|0x00000000e9400000, 0x00000000e9400000, 0x00000000e9500000|  0%| F|  |TAMS 0x00000000e9400000| PB 0x00000000e9400000| Untracked 
| 149|0x00000000e9500000, 0x00000000e9500000, 0x00000000e9600000|  0%| F|  |TAMS 0x00000000e9500000| PB 0x00000000e9500000| Untracked 
| 150|0x00000000e9600000, 0x00000000e9600000, 0x00000000e9700000|  0%| F|  |TAMS 0x00000000e9600000| PB 0x00000000e9600000| Untracked 
| 151|0x00000000e9700000, 0x00000000e9700000, 0x00000000e9800000|  0%| F|  |TAMS 0x00000000e9700000| PB 0x00000000e9700000| Untracked 
| 152|0x00000000e9800000, 0x00000000e9800000, 0x00000000e9900000|  0%| F|  |TAMS 0x00000000e9800000| PB 0x00000000e9800000| Untracked 
| 153|0x00000000e9900000, 0x00000000e9900000, 0x00000000e9a00000|  0%| F|  |TAMS 0x00000000e9900000| PB 0x00000000e9900000| Untracked 
| 154|0x00000000e9a00000, 0x00000000e9a00000, 0x00000000e9b00000|  0%| F|  |TAMS 0x00000000e9a00000| PB 0x00000000e9a00000| Untracked 
| 155|0x00000000e9b00000, 0x00000000e9b00000, 0x00000000e9c00000|  0%| F|  |TAMS 0x00000000e9b00000| PB 0x00000000e9b00000| Untracked 
| 156|0x00000000e9c00000, 0x00000000e9c00000, 0x00000000e9d00000|  0%| F|  |TAMS 0x00000000e9c00000| PB 0x00000000e9c00000| Untracked 
| 157|0x00000000e9d00000, 0x00000000e9d00000, 0x00000000e9e00000|  0%| F|  |TAMS 0x00000000e9d00000| PB 0x00000000e9d00000| Untracked 
| 158|0x00000000e9e00000, 0x00000000e9e00000, 0x00000000e9f00000|  0%| F|  |TAMS 0x00000000e9e00000| PB 0x00000000e9e00000| Untracked 
| 159|0x00000000e9f00000, 0x00000000e9f00000, 0x00000000ea000000|  0%| F|  |TAMS 0x00000000e9f00000| PB 0x00000000e9f00000| Untracked 
| 160|0x00000000ea000000, 0x00000000ea000000, 0x00000000ea100000|  0%| F|  |TAMS 0x00000000ea000000| PB 0x00000000ea000000| Untracked 
| 161|0x00000000ea100000, 0x00000000ea100000, 0x00000000ea200000|  0%| F|  |TAMS 0x00000000ea100000| PB 0x00000000ea100000| Untracked 
| 162|0x00000000ea200000, 0x00000000ea200000, 0x00000000ea300000|  0%| F|  |TAMS 0x00000000ea200000| PB 0x00000000ea200000| Untracked 
| 163|0x00000000ea300000, 0x00000000ea300000, 0x00000000ea400000|  0%| F|  |TAMS 0x00000000ea300000| PB 0x00000000ea300000| Untracked 
| 164|0x00000000ea400000, 0x00000000ea456760, 0x00000000ea500000| 33%| S|CS|TAMS 0x00000000ea400000| PB 0x00000000ea400000| Complete 
| 165|0x00000000ea500000, 0x00000000ea600000, 0x00000000ea600000|100%| S|CS|TAMS 0x00000000ea500000| PB 0x00000000ea500000| Complete 
| 166|0x00000000ea600000, 0x00000000ea700000, 0x00000000ea700000|100%| S|CS|TAMS 0x00000000ea600000| PB 0x00000000ea600000| Complete 
| 167|0x00000000ea700000, 0x00000000ea800000, 0x00000000ea800000|100%| S|CS|TAMS 0x00000000ea700000| PB 0x00000000ea700000| Complete 
| 168|0x00000000ea800000, 0x00000000ea900000, 0x00000000ea900000|100%| S|CS|TAMS 0x00000000ea800000| PB 0x00000000ea800000| Complete 
| 169|0x00000000ea900000, 0x00000000eaa00000, 0x00000000eaa00000|100%| S|CS|TAMS 0x00000000ea900000| PB 0x00000000ea900000| Complete 
| 170|0x00000000eaa00000, 0x00000000eab00000, 0x00000000eab00000|100%| S|CS|TAMS 0x00000000eaa00000| PB 0x00000000eaa00000| Complete 
| 171|0x00000000eab00000, 0x00000000eac00000, 0x00000000eac00000|100%| S|CS|TAMS 0x00000000eab00000| PB 0x00000000eab00000| Complete 
| 172|0x00000000eac00000, 0x00000000ead00000, 0x00000000ead00000|100%| S|CS|TAMS 0x00000000eac00000| PB 0x00000000eac00000| Complete 
| 173|0x00000000ead00000, 0x00000000eae00000, 0x00000000eae00000|100%| S|CS|TAMS 0x00000000ead00000| PB 0x00000000ead00000| Complete 
| 174|0x00000000eae00000, 0x00000000eae00000, 0x00000000eaf00000|  0%| F|  |TAMS 0x00000000eae00000| PB 0x00000000eae00000| Untracked 
| 175|0x00000000eaf00000, 0x00000000eaf00000, 0x00000000eb000000|  0%| F|  |TAMS 0x00000000eaf00000| PB 0x00000000eaf00000| Untracked 
| 176|0x00000000eb000000, 0x00000000eb000000, 0x00000000eb100000|  0%| F|  |TAMS 0x00000000eb000000| PB 0x00000000eb000000| Untracked 
| 177|0x00000000eb100000, 0x00000000eb100000, 0x00000000eb200000|  0%| F|  |TAMS 0x00000000eb100000| PB 0x00000000eb100000| Untracked 
| 178|0x00000000eb200000, 0x00000000eb200000, 0x00000000eb300000|  0%| F|  |TAMS 0x00000000eb200000| PB 0x00000000eb200000| Untracked 
| 179|0x00000000eb300000, 0x00000000eb300000, 0x00000000eb400000|  0%| F|  |TAMS 0x00000000eb300000| PB 0x00000000eb300000| Untracked 
| 180|0x00000000eb400000, 0x00000000eb400000, 0x00000000eb500000|  0%| F|  |TAMS 0x00000000eb400000| PB 0x00000000eb400000| Untracked 
| 181|0x00000000eb500000, 0x00000000eb500000, 0x00000000eb600000|  0%| F|  |TAMS 0x00000000eb500000| PB 0x00000000eb500000| Untracked 
| 182|0x00000000eb600000, 0x00000000eb600000, 0x00000000eb700000|  0%| F|  |TAMS 0x00000000eb600000| PB 0x00000000eb600000| Untracked 
| 183|0x00000000eb700000, 0x00000000eb700000, 0x00000000eb800000|  0%| F|  |TAMS 0x00000000eb700000| PB 0x00000000eb700000| Untracked 
| 184|0x00000000eb800000, 0x00000000eb800000, 0x00000000eb900000|  0%| F|  |TAMS 0x00000000eb800000| PB 0x00000000eb800000| Untracked 
| 185|0x00000000eb900000, 0x00000000eb900000, 0x00000000eba00000|  0%| F|  |TAMS 0x00000000eb900000| PB 0x00000000eb900000| Untracked 
| 186|0x00000000eba00000, 0x00000000eba00000, 0x00000000ebb00000|  0%| F|  |TAMS 0x00000000eba00000| PB 0x00000000eba00000| Untracked 
| 187|0x00000000ebb00000, 0x00000000ebb00000, 0x00000000ebc00000|  0%| F|  |TAMS 0x00000000ebb00000| PB 0x00000000ebb00000| Untracked 
| 188|0x00000000ebc00000, 0x00000000ebc00000, 0x00000000ebd00000|  0%| F|  |TAMS 0x00000000ebc00000| PB 0x00000000ebc00000| Untracked 
| 189|0x00000000ebd00000, 0x00000000ebd00000, 0x00000000ebe00000|  0%| F|  |TAMS 0x00000000ebd00000| PB 0x00000000ebd00000| Untracked 
| 190|0x00000000ebe00000, 0x00000000ebe00000, 0x00000000ebf00000|  0%| F|  |TAMS 0x00000000ebe00000| PB 0x00000000ebe00000| Untracked 
| 191|0x00000000ebf00000, 0x00000000ebf00000, 0x00000000ec000000|  0%| F|  |TAMS 0x00000000ebf00000| PB 0x00000000ebf00000| Untracked 
| 192|0x00000000ec000000, 0x00000000ec000000, 0x00000000ec100000|  0%| F|  |TAMS 0x00000000ec000000| PB 0x00000000ec000000| Untracked 
| 193|0x00000000ec100000, 0x00000000ec100000, 0x00000000ec200000|  0%| F|  |TAMS 0x00000000ec100000| PB 0x00000000ec100000| Untracked 
| 194|0x00000000ec200000, 0x00000000ec200000, 0x00000000ec300000|  0%| F|  |TAMS 0x00000000ec200000| PB 0x00000000ec200000| Untracked 
| 195|0x00000000ec300000, 0x00000000ec300000, 0x00000000ec400000|  0%| F|  |TAMS 0x00000000ec300000| PB 0x00000000ec300000| Untracked 
| 196|0x00000000ec400000, 0x00000000ec400000, 0x00000000ec500000|  0%| F|  |TAMS 0x00000000ec400000| PB 0x00000000ec400000| Untracked 
| 197|0x00000000ec500000, 0x00000000ec500000, 0x00000000ec600000|  0%| F|  |TAMS 0x00000000ec500000| PB 0x00000000ec500000| Untracked 
| 198|0x00000000ec600000, 0x00000000ec600000, 0x00000000ec700000|  0%| F|  |TAMS 0x00000000ec600000| PB 0x00000000ec600000| Untracked 
| 199|0x00000000ec700000, 0x00000000ec700000, 0x00000000ec800000|  0%| F|  |TAMS 0x00000000ec700000| PB 0x00000000ec700000| Untracked 
| 200|0x00000000ec800000, 0x00000000ec800000, 0x00000000ec900000|  0%| F|  |TAMS 0x00000000ec800000| PB 0x00000000ec800000| Untracked 
| 201|0x00000000ec900000, 0x00000000ec900000, 0x00000000eca00000|  0%| F|  |TAMS 0x00000000ec900000| PB 0x00000000ec900000| Untracked 
| 202|0x00000000eca00000, 0x00000000eca00000, 0x00000000ecb00000|  0%| F|  |TAMS 0x00000000eca00000| PB 0x00000000eca00000| Untracked 
| 203|0x00000000ecb00000, 0x00000000ecb00000, 0x00000000ecc00000|  0%| F|  |TAMS 0x00000000ecb00000| PB 0x00000000ecb00000| Untracked 
| 204|0x00000000ecc00000, 0x00000000ecc00000, 0x00000000ecd00000|  0%| F|  |TAMS 0x00000000ecc00000| PB 0x00000000ecc00000| Untracked 
| 205|0x00000000ecd00000, 0x00000000ecd00000, 0x00000000ece00000|  0%| F|  |TAMS 0x00000000ecd00000| PB 0x00000000ecd00000| Untracked 
| 206|0x00000000ece00000, 0x00000000ece00000, 0x00000000ecf00000|  0%| F|  |TAMS 0x00000000ece00000| PB 0x00000000ece00000| Untracked 
| 207|0x00000000ecf00000, 0x00000000ecf00000, 0x00000000ed000000|  0%| F|  |TAMS 0x00000000ecf00000| PB 0x00000000ecf00000| Untracked 
| 208|0x00000000ed000000, 0x00000000ed000000, 0x00000000ed100000|  0%| F|  |TAMS 0x00000000ed000000| PB 0x00000000ed000000| Untracked 
| 209|0x00000000ed100000, 0x00000000ed100000, 0x00000000ed200000|  0%| F|  |TAMS 0x00000000ed100000| PB 0x00000000ed100000| Untracked 
| 210|0x00000000ed200000, 0x00000000ed200000, 0x00000000ed300000|  0%| F|  |TAMS 0x00000000ed200000| PB 0x00000000ed200000| Untracked 
| 211|0x00000000ed300000, 0x00000000ed300000, 0x00000000ed400000|  0%| F|  |TAMS 0x00000000ed300000| PB 0x00000000ed300000| Untracked 
| 212|0x00000000ed400000, 0x00000000ed400000, 0x00000000ed500000|  0%| F|  |TAMS 0x00000000ed400000| PB 0x00000000ed400000| Untracked 
| 213|0x00000000ed500000, 0x00000000ed500000, 0x00000000ed600000|  0%| F|  |TAMS 0x00000000ed500000| PB 0x00000000ed500000| Untracked 
| 214|0x00000000ed600000, 0x00000000ed600000, 0x00000000ed700000|  0%| F|  |TAMS 0x00000000ed600000| PB 0x00000000ed600000| Untracked 
| 215|0x00000000ed700000, 0x00000000ed700000, 0x00000000ed800000|  0%| F|  |TAMS 0x00000000ed700000| PB 0x00000000ed700000| Untracked 
| 216|0x00000000ed800000, 0x00000000ed800000, 0x00000000ed900000|  0%| F|  |TAMS 0x00000000ed800000| PB 0x00000000ed800000| Untracked 
| 217|0x00000000ed900000, 0x00000000ed900000, 0x00000000eda00000|  0%| F|  |TAMS 0x00000000ed900000| PB 0x00000000ed900000| Untracked 
| 218|0x00000000eda00000, 0x00000000eda00000, 0x00000000edb00000|  0%| F|  |TAMS 0x00000000eda00000| PB 0x00000000eda00000| Untracked 
| 219|0x00000000edb00000, 0x00000000edb00000, 0x00000000edc00000|  0%| F|  |TAMS 0x00000000edb00000| PB 0x00000000edb00000| Untracked 
| 220|0x00000000edc00000, 0x00000000edc00000, 0x00000000edd00000|  0%| F|  |TAMS 0x00000000edc00000| PB 0x00000000edc00000| Untracked 
| 221|0x00000000edd00000, 0x00000000edd00000, 0x00000000ede00000|  0%| F|  |TAMS 0x00000000edd00000| PB 0x00000000edd00000| Untracked 
| 222|0x00000000ede00000, 0x00000000ede00000, 0x00000000edf00000|  0%| F|  |TAMS 0x00000000ede00000| PB 0x00000000ede00000| Untracked 
| 223|0x00000000edf00000, 0x00000000edf00000, 0x00000000ee000000|  0%| F|  |TAMS 0x00000000edf00000| PB 0x00000000edf00000| Untracked 
| 224|0x00000000ee000000, 0x00000000ee000000, 0x00000000ee100000|  0%| F|  |TAMS 0x00000000ee000000| PB 0x00000000ee000000| Untracked 
| 225|0x00000000ee100000, 0x00000000ee100000, 0x00000000ee200000|  0%| F|  |TAMS 0x00000000ee100000| PB 0x00000000ee100000| Untracked 
| 226|0x00000000ee200000, 0x00000000ee200000, 0x00000000ee300000|  0%| F|  |TAMS 0x00000000ee200000| PB 0x00000000ee200000| Untracked 
| 227|0x00000000ee300000, 0x00000000ee300000, 0x00000000ee400000|  0%| F|  |TAMS 0x00000000ee300000| PB 0x00000000ee300000| Untracked 
| 228|0x00000000ee400000, 0x00000000ee400000, 0x00000000ee500000|  0%| F|  |TAMS 0x00000000ee400000| PB 0x00000000ee400000| Untracked 
| 229|0x00000000ee500000, 0x00000000ee500000, 0x00000000ee600000|  0%| F|  |TAMS 0x00000000ee500000| PB 0x00000000ee500000| Untracked 
| 230|0x00000000ee600000, 0x00000000ee600000, 0x00000000ee700000|  0%| F|  |TAMS 0x00000000ee600000| PB 0x00000000ee600000| Untracked 
| 231|0x00000000ee700000, 0x00000000ee700000, 0x00000000ee800000|  0%| F|  |TAMS 0x00000000ee700000| PB 0x00000000ee700000| Untracked 
| 232|0x00000000ee800000, 0x00000000ee800000, 0x00000000ee900000|  0%| F|  |TAMS 0x00000000ee800000| PB 0x00000000ee800000| Untracked 
| 233|0x00000000ee900000, 0x00000000ee900000, 0x00000000eea00000|  0%| F|  |TAMS 0x00000000ee900000| PB 0x00000000ee900000| Untracked 
| 234|0x00000000eea00000, 0x00000000eea00000, 0x00000000eeb00000|  0%| F|  |TAMS 0x00000000eea00000| PB 0x00000000eea00000| Untracked 
| 235|0x00000000eeb00000, 0x00000000eeb00000, 0x00000000eec00000|  0%| F|  |TAMS 0x00000000eeb00000| PB 0x00000000eeb00000| Untracked 
| 236|0x00000000eec00000, 0x00000000eec00000, 0x00000000eed00000|  0%| F|  |TAMS 0x00000000eec00000| PB 0x00000000eec00000| Untracked 
| 237|0x00000000eed00000, 0x00000000eed00000, 0x00000000eee00000|  0%| F|  |TAMS 0x00000000eed00000| PB 0x00000000eed00000| Untracked 
| 238|0x00000000eee00000, 0x00000000eee00000, 0x00000000eef00000|  0%| F|  |TAMS 0x00000000eee00000| PB 0x00000000eee00000| Untracked 
| 239|0x00000000eef00000, 0x00000000eef00000, 0x00000000ef000000|  0%| F|  |TAMS 0x00000000eef00000| PB 0x00000000eef00000| Untracked 
| 240|0x00000000ef000000, 0x00000000ef000000, 0x00000000ef100000|  0%| F|  |TAMS 0x00000000ef000000| PB 0x00000000ef000000| Untracked 
| 241|0x00000000ef100000, 0x00000000ef100000, 0x00000000ef200000|  0%| F|  |TAMS 0x00000000ef100000| PB 0x00000000ef100000| Untracked 
| 242|0x00000000ef200000, 0x00000000ef200000, 0x00000000ef300000|  0%| F|  |TAMS 0x00000000ef200000| PB 0x00000000ef200000| Untracked 
| 243|0x00000000ef300000, 0x00000000ef300000, 0x00000000ef400000|  0%| F|  |TAMS 0x00000000ef300000| PB 0x00000000ef300000| Untracked 
| 244|0x00000000ef400000, 0x00000000ef400000, 0x00000000ef500000|  0%| F|  |TAMS 0x00000000ef400000| PB 0x00000000ef400000| Untracked 
| 245|0x00000000ef500000, 0x00000000ef500000, 0x00000000ef600000|  0%| F|  |TAMS 0x00000000ef500000| PB 0x00000000ef500000| Untracked 
| 246|0x00000000ef600000, 0x00000000ef600000, 0x00000000ef700000|  0%| F|  |TAMS 0x00000000ef600000| PB 0x00000000ef600000| Untracked 
| 247|0x00000000ef700000, 0x00000000ef700000, 0x00000000ef800000|  0%| F|  |TAMS 0x00000000ef700000| PB 0x00000000ef700000| Untracked 
| 248|0x00000000ef800000, 0x00000000ef800000, 0x00000000ef900000|  0%| F|  |TAMS 0x00000000ef800000| PB 0x00000000ef800000| Untracked 
| 249|0x00000000ef900000, 0x00000000ef900000, 0x00000000efa00000|  0%| F|  |TAMS 0x00000000ef900000| PB 0x00000000ef900000| Untracked 
| 250|0x00000000efa00000, 0x00000000efa3b248, 0x00000000efb00000| 23%| E|  |TAMS 0x00000000efa00000| PB 0x00000000efa00000| Complete 
| 251|0x00000000efb00000, 0x00000000efc00000, 0x00000000efc00000|100%| E|CS|TAMS 0x00000000efb00000| PB 0x00000000efb00000| Complete 
| 252|0x00000000efc00000, 0x00000000efd00000, 0x00000000efd00000|100%| E|CS|TAMS 0x00000000efc00000| PB 0x00000000efc00000| Complete 
| 253|0x00000000efd00000, 0x00000000efe00000, 0x00000000efe00000|100%| E|CS|TAMS 0x00000000efd00000| PB 0x00000000efd00000| Complete 
| 254|0x00000000efe00000, 0x00000000eff00000, 0x00000000eff00000|100%| E|CS|TAMS 0x00000000efe00000| PB 0x00000000efe00000| Complete 
| 255|0x00000000eff00000, 0x00000000f0000000, 0x00000000f0000000|100%| E|CS|TAMS 0x00000000eff00000| PB 0x00000000eff00000| Complete 

Card table byte_map: [0x0000012cc1390000,0x0000012cc1490000] _byte_map_base: 0x0000012cc0c90000

Marking Bits: (CMBitMap*) 0x0000012caf1cbe90
 Bits: [0x0000012cc1490000, 0x0000012cc1c90000)

Polling page: 0x0000012cacfb0000

Metaspace:

Usage:
  Non-class:     13.66 MB used.
      Class:      2.16 MB used.
       Both:     15.82 MB used.

Virtual space:
  Non-class space:       64.00 MB reserved,      13.88 MB ( 22%) committed,  1 nodes.
      Class space:      320.00 MB reserved,       2.38 MB ( <1%) committed,  1 nodes.
             Both:      384.00 MB reserved,      16.25 MB (  4%) committed. 

Chunk freelists:
   Non-Class:  1.61 MB
       Class:  13.48 MB
        Both:  15.08 MB

MaxMetaspaceSize: 384.00 MB
CompressedClassSpaceSize: 320.00 MB
Initial GC threshold: 21.00 MB
Current GC threshold: 21.00 MB
CDS: on
 - commit_granule_bytes: 65536.
 - commit_granule_words: 8192.
 - virtual_space_node_default_size: 8388608.
 - enlarge_chunks_in_place: 1.
 - use_allocation_guard: 0.


Internal statistics:

num_allocs_failed_limit: 0.
num_arena_births: 502.
num_arena_deaths: 0.
num_vsnodes_births: 2.
num_vsnodes_deaths: 0.
num_space_committed: 260.
num_space_uncommitted: 0.
num_chunks_returned_to_freelist: 0.
num_chunks_taken_from_freelist: 1044.
num_chunk_merges: 0.
num_chunk_splits: 675.
num_chunks_enlarged: 460.
num_inconsistent_stats: 0.

CodeHeap 'non-profiled nmethods': size=120000Kb used=1397Kb max_used=1397Kb free=118603Kb
 bounds [0x0000012cb9e60000, 0x0000012cba0d0000, 0x0000012cc1390000]
CodeHeap 'profiled nmethods': size=120000Kb used=5873Kb max_used=5873Kb free=114126Kb
 bounds [0x0000012cb2390000, 0x0000012cb2950000, 0x0000012cb98c0000]
CodeHeap 'non-nmethods': size=5760Kb used=1397Kb max_used=1474Kb free=4363Kb
 bounds [0x0000012cb98c0000, 0x0000012cb9b30000, 0x0000012cb9e60000]
CodeCache: size=245760Kb, used=8667Kb, max_used=8744Kb, free=237092Kb
 total_blobs=3560, nmethods=3003, adapters=461, full_count=0
Compilation: enabled, stopped_count=0, restarted_count=0

Compilation events (20 events):
Event: 153.006 Thread 0x0000012cc42d60e0 nmethod 2995 0x0000012cb294ae10 code [0x0000012cb294afc0, 0x0000012cb294b1b8]
Event: 153.006 Thread 0x0000012cc42d60e0 2996       1       java.lang.Thread::isInterrupted (5 bytes)
Event: 153.006 Thread 0x0000012cc42d60e0 nmethod 2996 0x0000012cb9fba690 code [0x0000012cb9fba820, 0x0000012cb9fba8f0]
Event: 153.010 Thread 0x0000012cc42cb140 nmethod 2992 0x0000012cb9fba990 code [0x0000012cb9fbab40, 0x0000012cb9fbb0a8]
Event: 153.010 Thread 0x0000012cc42cb140 2997       4       com.esotericsoftware.kryo.io.Input::readUtf8_slow (255 bytes)
Event: 153.012 Thread 0x0000012cc42d60e0 3000       3       org.gradle.internal.logging.slf4j.OutputEventListenerBackedLogger::isDebugEnabled (5 bytes)
Event: 153.012 Thread 0x0000012cc42d60e0 nmethod 3000 0x0000012cb294b290 code [0x0000012cb294b460, 0x0000012cb294b850]
Event: 153.012 Thread 0x0000012cc42d60e0 3001       3       org.gradle.internal.logging.slf4j.BuildOperationAwareLogger::isDebugEnabled (8 bytes)
Event: 153.013 Thread 0x0000012cc42d60e0 nmethod 3001 0x0000012cb294ba10 code [0x0000012cb294bbc0, 0x0000012cb294bd98]
Event: 153.021 Thread 0x0000012cc42d60e0 3004       3       java.lang.invoke.MemberName::getFactory (4 bytes)
Event: 153.022 Thread 0x0000012cc42d60e0 nmethod 3004 0x0000012cb294be90 code [0x0000012cb294c020, 0x0000012cb294c118]
Event: 153.022 Thread 0x0000012cc42cb140 nmethod 2997 0x0000012cb9fbb610 code [0x0000012cb9fbb800, 0x0000012cb9fbbe20]
Event: 153.022 Thread 0x0000012cc42cb140 2999       4       java.util.regex.Matcher::reset (128 bytes)
Event: 153.028 Thread 0x0000012cc42d60e0 3006       3       java.lang.invoke.LambdaFormEditor::bindArgumentL (59 bytes)
Event: 153.028 Thread 0x0000012cc42d60e0 nmethod 3006 0x0000012cb294c190 code [0x0000012cb294c360, 0x0000012cb294c610]
Event: 153.034 Thread 0x0000012cc42cb140 nmethod 2999 0x0000012cb9fbc510 code [0x0000012cb9fbc6e0, 0x0000012cb9fbcad8]
Event: 153.034 Thread 0x0000012cc42cb140 3003       4       java.util.HashMap::hash (20 bytes)
Event: 153.036 Thread 0x0000012cc42cb140 nmethod 3003 0x0000012cb9fbcd90 code [0x0000012cb9fbcf20, 0x0000012cb9fbd028]
Event: 153.036 Thread 0x0000012cc42cb140 2998       4       com.google.common.collect.AbstractIndexedListIterator::hasNext (17 bytes)
Event: 153.036 Thread 0x0000012cc42cb140 nmethod 2998 0x0000012cb9fbd110 code [0x0000012cb9fbd2a0, 0x0000012cb9fbd340]

GC Heap History (8 events):
Event: 13.625 GC heap before
{Heap before GC invocations=0 (full 0):
 garbage-first heap   total 262144K, used 12288K [0x00000000e0000000, 0x0000000100000000)
  region size 1024K, 13 young (13312K), 0 survivors (0K)
 Metaspace       used 956K, committed 1088K, reserved 393216K
  class space    used 71K, committed 128K, reserved 327680K
}
Event: 13.921 GC heap after
{Heap after GC invocations=1 (full 0):
 garbage-first heap   total 262144K, used 2598K [0x00000000e0000000, 0x0000000100000000)
  region size 1024K, 2 young (2048K), 2 survivors (2048K)
 Metaspace       used 956K, committed 1088K, reserved 393216K
  class space    used 71K, committed 128K, reserved 327680K
}
Event: 32.232 GC heap before
{Heap before GC invocations=1 (full 0):
 garbage-first heap   total 262144K, used 27174K [0x00000000e0000000, 0x0000000100000000)
  region size 1024K, 23 young (23552K), 2 survivors (2048K)
 Metaspace       used 4585K, committed 4800K, reserved 393216K
  class space    used 592K, committed 704K, reserved 327680K
}
Event: 32.246 GC heap after
{Heap after GC invocations=2 (full 0):
 garbage-first heap   total 262144K, used 12379K [0x00000000e0000000, 0x0000000100000000)
  region size 1024K, 3 young (3072K), 3 survivors (3072K)
 Metaspace       used 4585K, committed 4800K, reserved 393216K
  class space    used 592K, committed 704K, reserved 327680K
}
Event: 78.349 GC heap before
{Heap before GC invocations=2 (full 0):
 garbage-first heap   total 262144K, used 37979K [0x00000000e0000000, 0x0000000100000000)
  region size 1024K, 27 young (27648K), 3 survivors (3072K)
 Metaspace       used 4756K, committed 4928K, reserved 393216K
  class space    used 594K, committed 704K, reserved 327680K
}
Event: 78.369 GC heap after
{Heap after GC invocations=3 (full 0):
 garbage-first heap   total 262144K, used 17350K [0x00000000e0000000, 0x0000000100000000)
  region size 1024K, 4 young (4096K), 4 survivors (4096K)
 Metaspace       used 4756K, committed 4928K, reserved 393216K
  class space    used 594K, committed 704K, reserved 327680K
}
Event: 152.848 GC heap before
{Heap before GC invocations=3 (full 0):
 garbage-first heap   total 262144K, used 97222K [0x00000000e0000000, 0x0000000100000000)
  region size 1024K, 82 young (83968K), 4 survivors (4096K)
 Metaspace       used 16013K, committed 16448K, reserved 393216K
  class space    used 2177K, committed 2368K, reserved 327680K
}
Event: 152.955 GC heap after
{Heap after GC invocations=4 (full 0):
 garbage-first heap   total 262144K, used 23018K [0x00000000e0000000, 0x0000000100000000)
  region size 1024K, 10 young (10240K), 10 survivors (10240K)
 Metaspace       used 16013K, committed 16448K, reserved 393216K
  class space    used 2177K, committed 2368K, reserved 327680K
}

Dll operation events (20 events):
Event: 2.121 Attempting to load shared library C:\Users\ACER\.vscode\extensions\redhat.java-1.56.0-win32-x64\jre\21.0.12.1-win32-x86_64\bin\nio.dll
Event: 2.122 Loaded shared library C:\Users\ACER\.vscode\extensions\redhat.java-1.56.0-win32-x64\jre\21.0.12.1-win32-x86_64\bin\nio.dll
Event: 2.163 Attempting to load shared library C:\Users\ACER\.vscode\extensions\redhat.java-1.56.0-win32-x64\jre\21.0.12.1-win32-x86_64\bin\zip.dll
Event: 2.163 Loaded shared library C:\Users\ACER\.vscode\extensions\redhat.java-1.56.0-win32-x64\jre\21.0.12.1-win32-x86_64\bin\zip.dll
Event: 9.137 Attempting to load shared library C:\Users\ACER\.vscode\extensions\redhat.java-1.56.0-win32-x64\jre\21.0.12.1-win32-x86_64\bin\jimage.dll
Event: 9.137 Loaded shared library C:\Users\ACER\.vscode\extensions\redhat.java-1.56.0-win32-x64\jre\21.0.12.1-win32-x86_64\bin\jimage.dll
Event: 17.862 Attempting to load shared library C:\Users\ACER\.vscode\extensions\redhat.java-1.56.0-win32-x64\jre\21.0.12.1-win32-x86_64\bin\verify.dll
Event: 17.863 Loaded shared library C:\Users\ACER\.vscode\extensions\redhat.java-1.56.0-win32-x64\jre\21.0.12.1-win32-x86_64\bin\verify.dll
Event: 18.972 Attempting to load shared library C:\Users\ACER\.gradle\native\660c5614fbf4a5f2a75b1949f50a0caf5cd603558e7d8a26e50b933a0cfb79d1\windows-amd64\native-platform.dll
Event: 18.997 Loaded shared library C:\Users\ACER\.gradle\native\660c5614fbf4a5f2a75b1949f50a0caf5cd603558e7d8a26e50b933a0cfb79d1\windows-amd64\native-platform.dll
Event: 19.107 Attempting to load shared library C:\Users\ACER\.gradle\native\0.2.8\x86_64-windows-gnu\gradle-fileevents.dll
Event: 21.254 Loaded shared library C:\Users\ACER\.gradle\native\0.2.8\x86_64-windows-gnu\gradle-fileevents.dll
Event: 95.343 Attempting to load shared library C:\Users\ACER\.vscode\extensions\redhat.java-1.56.0-win32-x64\jre\21.0.12.1-win32-x86_64\bin\management.dll
Event: 95.345 Loaded shared library C:\Users\ACER\.vscode\extensions\redhat.java-1.56.0-win32-x64\jre\21.0.12.1-win32-x86_64\bin\management.dll
Event: 95.352 Attempting to load shared library C:\Users\ACER\.vscode\extensions\redhat.java-1.56.0-win32-x64\jre\21.0.12.1-win32-x86_64\bin\management_ext.dll
Event: 95.357 Loaded shared library C:\Users\ACER\.vscode\extensions\redhat.java-1.56.0-win32-x64\jre\21.0.12.1-win32-x86_64\bin\management_ext.dll
Event: 99.006 Attempting to load shared library C:\Users\ACER\.vscode\extensions\redhat.java-1.56.0-win32-x64\jre\21.0.12.1-win32-x86_64\bin\extnet.dll
Event: 99.008 Loaded shared library C:\Users\ACER\.vscode\extensions\redhat.java-1.56.0-win32-x64\jre\21.0.12.1-win32-x86_64\bin\extnet.dll
Event: 114.126 Attempting to load shared library C:\Users\ACER\.vscode\extensions\redhat.java-1.56.0-win32-x64\jre\21.0.12.1-win32-x86_64\bin\sunmscapi.dll
Event: 114.133 Loaded shared library C:\Users\ACER\.vscode\extensions\redhat.java-1.56.0-win32-x64\jre\21.0.12.1-win32-x86_64\bin\sunmscapi.dll

Deoptimization events (20 events):
Event: 150.755 Thread 0x0000012cdf5d0200 Uncommon trap: trap_request=0xffffff45 fr.pc=0x0000012cb9f18730 relative=0x00000000000014f0
Event: 150.755 Thread 0x0000012cdf631030 Uncommon trap: trap_request=0xffffff45 fr.pc=0x0000012cb9f18730 relative=0x00000000000014f0
Event: 150.755 Thread 0x0000012cdf5d0200 Uncommon trap: reason=unstable_if action=reinterpret pc=0x0000012cb9f18730 method=java.util.concurrent.ConcurrentHashMap.transfer([Ljava/util/concurrent/ConcurrentHashMap$Node;[Ljava/util/concurrent/ConcurrentHashMap$Node;)V @ 34 c2
Event: 150.755 Thread 0x0000012cdf5d0200 DEOPT PACKING pc=0x0000012cb9f18730 sp=0x0000000355dfd230
Event: 150.755 Thread 0x0000012cdf631030 Uncommon trap: reason=unstable_if action=reinterpret pc=0x0000012cb9f18730 method=java.util.concurrent.ConcurrentHashMap.transfer([Ljava/util/concurrent/ConcurrentHashMap$Node;[Ljava/util/concurrent/ConcurrentHashMap$Node;)V @ 34 c2
Event: 150.755 Thread 0x0000012cdf5d0200 DEOPT UNPACKING pc=0x0000012cb9914422 sp=0x0000000355dfd1f0 mode 2
Event: 150.755 Thread 0x0000012cdf631030 DEOPT PACKING pc=0x0000012cb9f18730 sp=0x00000003565fd210
Event: 150.755 Thread 0x0000012cdf631030 DEOPT UNPACKING pc=0x0000012cb9914422 sp=0x00000003565fd1d0 mode 2
Event: 150.773 Thread 0x0000012cdf631030 Uncommon trap: trap_request=0xffffff45 fr.pc=0x0000012cb9f14b40 relative=0x00000000000012a0
Event: 150.774 Thread 0x0000012cdf631030 Uncommon trap: reason=unstable_if action=reinterpret pc=0x0000012cb9f14b40 method=java.util.concurrent.ConcurrentHashMap.transfer([Ljava/util/concurrent/ConcurrentHashMap$Node;[Ljava/util/concurrent/ConcurrentHashMap$Node;)V @ 273 c2
Event: 150.774 Thread 0x0000012cdf631030 DEOPT PACKING pc=0x0000012cb9f14b40 sp=0x00000003565fd240
Event: 150.774 Thread 0x0000012cdf631030 DEOPT UNPACKING pc=0x0000012cb9914422 sp=0x00000003565fd1c8 mode 2
Event: 150.775 Thread 0x0000012cdf330c50 Uncommon trap: trap_request=0xffffff45 fr.pc=0x0000012cb9f18850 relative=0x0000000000001610
Event: 150.775 Thread 0x0000012cdf330c50 Uncommon trap: reason=unstable_if action=reinterpret pc=0x0000012cb9f18850 method=java.util.concurrent.ConcurrentHashMap.transfer([Ljava/util/concurrent/ConcurrentHashMap$Node;[Ljava/util/concurrent/ConcurrentHashMap$Node;)V @ 273 c2
Event: 150.775 Thread 0x0000012cdf330c50 DEOPT PACKING pc=0x0000012cb9f18850 sp=0x00000003563fd440
Event: 150.775 Thread 0x0000012cdf330c50 DEOPT UNPACKING pc=0x0000012cb9914422 sp=0x00000003563fd3e0 mode 2
Event: 150.775 Thread 0x0000012cdf330c50 Uncommon trap: trap_request=0xffffff45 fr.pc=0x0000012cb9f7c574 relative=0x0000000000000f74
Event: 150.775 Thread 0x0000012cdf330c50 Uncommon trap: reason=unstable_if action=reinterpret pc=0x0000012cb9f7c574 method=java.util.concurrent.ConcurrentHashMap.addCount(JI)V @ 171 c2
Event: 150.775 Thread 0x0000012cdf330c50 DEOPT PACKING pc=0x0000012cb9f7c574 sp=0x00000003563fd550
Event: 150.775 Thread 0x0000012cdf330c50 DEOPT UNPACKING pc=0x0000012cb9914422 sp=0x00000003563fd410 mode 2

Classes loaded (20 events):
Event: 150.030 Loading class java/io/ObjectStreamClass$ClassDataSlot
Event: 150.030 Loading class java/io/ObjectStreamClass$ClassDataSlot done
Event: 150.030 Loading class java/io/SerialCallbackContext
Event: 150.031 Loading class java/io/SerialCallbackContext done
Event: 150.040 Loading class java/io/ObjectStreamClass$ExceptionInfo
Event: 150.040 Loading class java/io/ObjectStreamClass$ExceptionInfo done
Event: 150.043 Loading class java/io/UnsupportedEncodingException
Event: 150.044 Loading class java/io/UnsupportedEncodingException done
Event: 150.044 Loading class java/nio/charset/CharacterCodingException
Event: 150.045 Loading class java/nio/charset/CharacterCodingException done
Event: 150.046 Loading class java/util/stream/IntStream
Event: 150.047 Loading class java/util/stream/IntStream done
Event: 150.057 Loading class java/io/ObjectOutputStream$PutFieldImpl
Event: 150.058 Loading class java/io/ObjectOutputStream$PutField
Event: 150.058 Loading class java/io/ObjectOutputStream$PutField done
Event: 150.058 Loading class java/io/ObjectOutputStream$PutFieldImpl done
Event: 150.745 Loading class java/util/concurrent/CompletableFuture$AsyncRun
Event: 150.746 Loading class java/util/concurrent/CompletableFuture$AsyncRun done
Event: 152.993 Loading class java/util/concurrent/CompletableFuture$Signaller
Event: 152.994 Loading class java/util/concurrent/CompletableFuture$Signaller done

Classes unloaded (0 events):
No events

Classes redefined (0 events):
No events

Internal exceptions (20 events):
Event: 120.158 Thread 0x0000012cdf3312e0 Exception <a 'java/lang/NoSuchMethodError'{0x00000000ecd7ab50}: 'long java.lang.invoke.DirectMethodHandle$Holder.invokeInterface(java.lang.Object, java.lang.Object)'> (0x00000000ecd7ab50) 
thrown [s\src\hotspot\share\interpreter\linkResolver.cpp, line 773]
Event: 122.353 Thread 0x0000012cde922dd0 Implicit null exception at 0x0000012cb9ea78a0 to 0x0000012cb9ea7e58
Event: 123.094 Thread 0x0000012cdf3312e0 Exception <a 'java/lang/NoSuchMethodError'{0x00000000ec9732d8}: 'void java.lang.invoke.DirectMethodHandle$Holder.invokeStatic(java.lang.Object, java.lang.Object)'> (0x00000000ec9732d8) 
thrown [s\src\hotspot\share\interpreter\linkResolver.cpp, line 773]
Event: 124.546 Thread 0x0000012cdf3312e0 Exception <a 'java/lang/NoSuchMethodError'{0x00000000ec9bf2f8}: 'java.lang.Object java.lang.invoke.DirectMethodHandle$Holder.invokeVirtual(java.lang.Object, java.lang.Object, java.lang.Object, java.lang.Object, java.lang.Object, java.lang.Object, java.lang.Object, java.lang.Object, java.lang.Object, java.lang.Object, java.lang.Object, java.lang.Object)'> (0x00000000ec9bf2f8) 
thrown [s\src\hotspot\share\interpreter\linkResolver.cpp, line 773]
Event: 124.548 Thread 0x0000012cdf3312e0 Exception <a 'java/lang/NoSuchMethodError'{0x00000000ec9c4320}: 'java.lang.Object java.lang.invoke.DirectMethodHandle$Holder.invokeSpecial(java.lang.Object, java.lang.Object, java.lang.Object, java.lang.Object, java.lang.Object, java.lang.Object, java.lang.Object, java.lang.Object, java.lang.Object, java.lang.Object, java.lang.Object, java.lang.Object, java.lang.Object)'> (0x00000000ec9c4320) 
thrown [s\src\hotspot\share\interpreter\linkResolver.cpp, line 773]
Event: 125.044 Thread 0x0000012cdf3312e0 Exception <a 'java/lang/NoSuchMethodError'{0x00000000ec75f348}: 'void java.lang.invoke.DirectMethodHandle$Holder.invokeStatic(java.lang.Object, java.lang.Object, java.lang.Object, java.lang.Object)'> (0x00000000ec75f348) 
thrown [s\src\hotspot\share\interpreter\linkResolver.cpp, line 773]
Event: 126.503 Thread 0x0000012cdf3312e0 Exception <a 'java/lang/NoSuchMethodError'{0x00000000ec6162e0}: 'int java.lang.invoke.DirectMethodHandle$Holder.invokeVirtual(java.lang.Object, java.lang.Object, java.lang.Object)'> (0x00000000ec6162e0) 
thrown [s\src\hotspot\share\interpreter\linkResolver.cpp, line 773]
Event: 127.757 Thread 0x0000012cdf3312e0 Exception <a 'java/lang/NoSuchMethodError'{0x00000000ec47d860}: 'java.lang.Object java.lang.invoke.DirectMethodHandle$Holder.newInvokeSpecial(java.lang.Object, java.lang.Object, java.lang.Object, java.lang.Object, java.lang.Object, java.lang.Object)'> (0x00000000ec47d860) 
thrown [s\src\hotspot\share\interpreter\linkResolver.cpp, line 773]
Event: 130.054 Thread 0x0000012cdf3312e0 Exception <a 'java/lang/NoSuchMethodError'{0x00000000ec2ff790}: 'void java.lang.invoke.DelegatingMethodHandle$Holder.reinvoke_L(java.lang.Object, java.lang.Object, java.lang.Object, java.lang.Object, java.lang.Object, java.lang.Object, java.lang.Object, java.lang.Object, java.lang.Object, java.lang.Object)'> (0x00000000ec2ff790) 
thrown [s\src\hotspot\share\interpreter\linkResolver.cpp, line 773]
Event: 130.055 Thread 0x0000012cdf3312e0 Exception <a 'java/lang/NoSuchMethodError'{0x00000000ec1074d8}: 'java.lang.Object java.lang.invoke.Invokers$Holder.invoker(java.lang.Object, java.lang.Object, java.lang.Object, java.lang.Object, java.lang.Object, java.lang.Object, java.lang.Object, java.lang.Object, java.lang.Object, java.lang.Object)'> (0x00000000ec1074d8) 
thrown [s\src\hotspot\share\interpreter\linkResolver.cpp, line 773]
Event: 135.167 Thread 0x0000012cdf3312e0 Exception <a 'java/io/IOException'{0x00000000ebdce3c0}> (0x00000000ebdce3c0) 
thrown [s\src\hotspot\share\prims\jni.cpp, line 520]
Event: 135.354 Thread 0x0000012cdf3312e0 Exception <a 'java/lang/NoClassDefFoundError'{0x00000000ebdcfcd8}: org/gradle/nativeplatform/toolchain/internal/msvcpp/version/CommandLineToolVersionLocator> (0x00000000ebdcfcd8) 
thrown [s\src\hotspot\share\classfile\systemDictionary.cpp, line 302]
Event: 143.246 Thread 0x0000012cdf3312e0 Exception <a 'java/lang/NoSuchMethodError'{0x00000000ebb297f0}: 'void java.lang.invoke.DirectMethodHandle$Holder.invokeStatic(java.lang.Object, int, java.lang.Object)'> (0x00000000ebb297f0) 
thrown [s\src\hotspot\share\interpreter\linkResolver.cpp, line 773]
Event: 146.659 Thread 0x0000012cdf5d0200 Exception <a 'java/lang/NoSuchMethodError'{0x00000000eba30400}: 'long java.lang.invoke.DirectMethodHandle$Holder.invokeSpecial(java.lang.Object, java.lang.Object)'> (0x00000000eba30400) 
thrown [s\src\hotspot\share\interpreter\linkResolver.cpp, line 773]
Event: 146.720 Thread 0x0000012cdf5d0200 Exception <a 'java/lang/NoSuchMethodError'{0x00000000eba33b98}: 'long java.lang.invoke.Invokers$Holder.invokeExact_MT(java.lang.Object, java.lang.Object)'> (0x00000000eba33b98) 
thrown [s\src\hotspot\share\interpreter\linkResolver.cpp, line 773]
Event: 150.021 Thread 0x0000012cdf5d0200 Exception <a 'java/lang/NoSuchMethodError'{0x00000000eb918708}: static Lorg/gradle/internal/exceptions/LocationAwareException;.<clinit>()V> (0x00000000eb918708) 
thrown [s\src\hotspot\share\prims\jni.cpp, line 1111]
Event: 150.029 Thread 0x0000012cdf5d0200 Exception <a 'java/lang/NoSuchMethodError'{0x00000000eb91dad8}: static Lorg/gradle/internal/exceptions/ContextAwareException;.<clinit>()V> (0x00000000eb91dad8) 
thrown [s\src\hotspot\share\prims\jni.cpp, line 1111]
Event: 150.029 Thread 0x0000012cdf5d0200 Exception <a 'java/lang/NoSuchMethodError'{0x00000000eb91e928}: static Lorg/gradle/api/GradleException;.<clinit>()V> (0x00000000eb91e928) 
thrown [s\src\hotspot\share\prims\jni.cpp, line 1111]
Event: 150.048 Thread 0x0000012cdf5d0200 Exception <a 'java/lang/NoSuchMethodError'{0x00000000eb97c368}: static [Ljava/lang/StackTraceElement;.<clinit>()V> (0x00000000eb97c368) 
thrown [s\src\hotspot\share\prims\jni.cpp, line 1111]
Event: 153.022 Thread 0x0000012cdf635ef0 Exception <a 'java/lang/NoSuchMethodError'{0x00000000eff4fb30}: 'java.lang.Object java.lang.invoke.DirectMethodHandle$Holder.newInvokeSpecial(java.lang.Object, java.lang.Object, java.lang.Object, java.lang.Object, java.lang.Object, java.lang.Object, java.lang.Object, java.lang.Object)'> (0x00000000eff4fb30) 
thrown [s\src\hotspot\share\interpreter\linkResolver.cpp, line 773]

ZGC Phase Switch (0 events):
No events

VM Operations (20 events):
Event: 142.916 Executing non-safepoint VM operation: HandshakeAllThreads (Deoptimize)
Event: 142.916 Executing non-safepoint VM operation: HandshakeAllThreads (Deoptimize) done
Event: 143.928 Executing safepoint VM operation: Cleanup
Event: 143.975 Executing safepoint VM operation: Cleanup done
Event: 144.985 Executing safepoint VM operation: Cleanup
Event: 145.016 Executing safepoint VM operation: Cleanup done
Event: 146.029 Executing safepoint VM operation: Cleanup
Event: 146.044 Executing safepoint VM operation: Cleanup done
Event: 147.055 Executing safepoint VM operation: Cleanup
Event: 147.181 Executing safepoint VM operation: Cleanup done
Event: 149.204 Executing safepoint VM operation: Cleanup
Event: 149.296 Executing safepoint VM operation: Cleanup done
Event: 150.307 Executing safepoint VM operation: Cleanup
Event: 150.733 Executing safepoint VM operation: Cleanup done
Event: 151.747 Executing safepoint VM operation: Cleanup
Event: 152.227 Executing safepoint VM operation: Cleanup done
Event: 152.247 Executing safepoint VM operation: G1CollectForAllocation (G1 Evacuation Pause)
Event: 152.955 Executing safepoint VM operation: G1CollectForAllocation (G1 Evacuation Pause) done
Event: 153.024 Executing non-safepoint VM operation: HandshakeAllThreads (Deoptimize)
Event: 153.773 Executing non-safepoint VM operation: HandshakeAllThreads (Deoptimize) done

Memory protections (0 events):
No events

Nmethod flushes (0 events):
No events

Events (20 events):
Event: 150.744 Thread 0x0000012cde12a720 Thread added: 0x0000012cdf631d50
Event: 150.746 Thread 0x0000012cdf3312e0 Thread added: 0x0000012cdf635860
Event: 150.747 Thread 0x0000012cdf330c50 Thread added: 0x0000012cdf633e20
Event: 150.747 Thread 0x0000012cdf631030 Thread added: 0x0000012cdf6323e0
Event: 150.750 Thread 0x0000012cdf5d0200 Thread added: 0x0000012cdf635ef0
Event: 150.752 Thread 0x0000012cdf330c50 Thread added: 0x0000012cdf636580
Event: 150.753 Thread 0x0000012cde12a720 Thread added: 0x0000012cdf633100
Event: 150.755 Thread 0x0000012cdf631030 Thread added: 0x0000012cdf6372a0
Event: 150.777 Thread 0x0000012cdf332e40 Thread exited: 0x0000012cdf332e40
Event: 151.005 Thread 0x0000012cdf631d50 Thread added: 0x0000012cdf638650
Event: 151.005 Thread 0x0000012cdf633790 Thread added: 0x0000012cdf636c10
Event: 151.005 Thread 0x0000012cdf6323e0 Thread exited: 0x0000012cdf6323e0
Event: 151.007 Thread 0x0000012cdf633e20 Thread exited: 0x0000012cdf633e20
Event: 151.008 Thread 0x0000012cdf633100 Thread added: 0x0000012cdf6323e0
Event: 152.993 Thread 0x0000012cdf633790 Thread added: 0x0000012cdf633e20
Event: 152.993 Thread 0x0000012cdf631d50 Thread added: 0x0000012cdf637930
Event: 153.004 Thread 0x0000012cdf5585c0 Thread exited: 0x0000012cdf5585c0
Event: 153.004 Thread 0x0000012cdf6344b0 Thread exited: 0x0000012cdf6344b0
Event: 153.014 Thread 0x0000012cdf633100 Thread added: 0x0000012cdf6344b0
Event: 153.019 Thread 0x0000012cdf634b40 Thread exited: 0x0000012cdf634b40


Dynamic libraries:
0x00007ff6cf7b0000 - 0x00007ff6cf7be000 	C:\Users\ACER\.vscode\extensions\redhat.java-1.56.0-win32-x64\jre\21.0.12.1-win32-x86_64\bin\java.exe
0x00007ffce1520000 - 0x00007ffce1787000 	C:\WINDOWS\SYSTEM32\ntdll.dll
0x00007ffce0640000 - 0x00007ffce070b000 	C:\WINDOWS\System32\KERNEL32.DLL
0x00007ffcde7e0000 - 0x00007ffcdebe2000 	C:\WINDOWS\System32\KERNELBASE.dll
0x00007ffcdb5d0000 - 0x00007ffcdb66f000 	C:\WINDOWS\SYSTEM32\apphelp.dll
0x00007ffcdee30000 - 0x00007ffcdef7c000 	C:\WINDOWS\System32\ucrtbase.dll
0x00007ffcb7af0000 - 0x00007ffcb7b08000 	C:\Users\ACER\.vscode\extensions\redhat.java-1.56.0-win32-x64\jre\21.0.12.1-win32-x86_64\bin\jli.dll
0x00007ffce0790000 - 0x00007ffce095f000 	C:\WINDOWS\System32\USER32.dll
0x00007ffcdf0e0000 - 0x00007ffcdf107000 	C:\WINDOWS\System32\win32u.dll
0x00007ffcdf2c0000 - 0x00007ffcdf2eb000 	C:\WINDOWS\System32\GDI32.dll
0x00007ffcdf110000 - 0x00007ffcdf239000 	C:\WINDOWS\System32\gdi32full.dll
0x00007ffcdebf0000 - 0x00007ffcdec93000 	C:\WINDOWS\System32\msvcp_win.dll
0x00007ffcb7a00000 - 0x00007ffcb7a1e000 	C:\Users\ACER\.vscode\extensions\redhat.java-1.56.0-win32-x64\jre\21.0.12.1-win32-x86_64\bin\VCRUNTIME140.dll
0x00007ffccb840000 - 0x00007ffccbad0000 	C:\WINDOWS\WinSxS\amd64_microsoft.windows.common-controls_6595b64144ccf1df_6.0.26100.9278_none_3e0d1ba8e3303201\COMCTL32.dll
0x00007ffcdf430000 - 0x00007ffcdf4d9000 	C:\WINDOWS\System32\msvcrt.dll
0x00007ffce0420000 - 0x00007ffce0451000 	C:\WINDOWS\System32\IMM32.DLL
0x00007ffcd9430000 - 0x00007ffcd943c000 	C:\Users\ACER\.vscode\extensions\redhat.java-1.56.0-win32-x64\jre\21.0.12.1-win32-x86_64\bin\vcruntime140_1.dll
0x00007ffc6d300000 - 0x00007ffc6d38d000 	C:\Users\ACER\.vscode\extensions\redhat.java-1.56.0-win32-x64\jre\21.0.12.1-win32-x86_64\bin\msvcp140.dll
0x00007ffc48520000 - 0x00007ffc492c2000 	C:\Users\ACER\.vscode\extensions\redhat.java-1.56.0-win32-x64\jre\21.0.12.1-win32-x86_64\bin\server\jvm.dll
0x00007ffcdfa40000 - 0x00007ffcdfafc000 	C:\WINDOWS\System32\ADVAPI32.dll
0x00007ffce1240000 - 0x00007ffce12e9000 	C:\WINDOWS\System32\sechost.dll
0x00007ffcdf310000 - 0x00007ffcdf428000 	C:\WINDOWS\System32\RPCRT4.dll
0x00007ffce0a80000 - 0x00007ffce0b00000 	C:\WINDOWS\System32\WS2_32.dll
0x00007ffcde580000 - 0x00007ffcde5de000 	C:\WINDOWS\SYSTEM32\POWRPROF.dll
0x00007ffcc5ed0000 - 0x00007ffcc5f06000 	C:\WINDOWS\SYSTEM32\WINMM.dll
0x00007ffcd1730000 - 0x00007ffcd173b000 	C:\WINDOWS\SYSTEM32\VERSION.dll
0x00007ffcde560000 - 0x00007ffcde575000 	C:\WINDOWS\SYSTEM32\UMPDC.dll
0x00007ffcdd3f0000 - 0x00007ffcdd40b000 	C:\WINDOWS\SYSTEM32\kernel.appcore.dll
0x00007ffcd74b0000 - 0x00007ffcd74ba000 	C:\Users\ACER\.vscode\extensions\redhat.java-1.56.0-win32-x64\jre\21.0.12.1-win32-x86_64\bin\jimage.dll
0x00007ffcc5fe0000 - 0x00007ffcc622c000 	C:\WINDOWS\SYSTEM32\DBGHELP.DLL
0x00007ffcdf4e0000 - 0x00007ffcdf865000 	C:\WINDOWS\System32\combase.dll
0x00007ffce0340000 - 0x00007ffce0419000 	C:\WINDOWS\System32\OLEAUT32.dll
0x00007ffcb8b50000 - 0x00007ffcb8b8b000 	C:\WINDOWS\SYSTEM32\dbgcore.DLL
0x00007ffcdef90000 - 0x00007ffcdf03c000 	C:\WINDOWS\System32\bcryptPrimitives.dll
0x00007ffccd4d0000 - 0x00007ffccd4df000 	C:\Users\ACER\.vscode\extensions\redhat.java-1.56.0-win32-x64\jre\21.0.12.1-win32-x86_64\bin\instrument.dll
0x00007ffc6df90000 - 0x00007ffc6dfb0000 	C:\Users\ACER\.vscode\extensions\redhat.java-1.56.0-win32-x64\jre\21.0.12.1-win32-x86_64\bin\java.dll
0x00007ffcdfb10000 - 0x00007ffce02a8000 	C:\WINDOWS\System32\SHELL32.dll
0x00007ffcdc1c0000 - 0x00007ffcdca6e000 	C:\WINDOWS\SYSTEM32\windows.storage.dll
0x00007ffce1140000 - 0x00007ffce123b000 	C:\WINDOWS\System32\SHCORE.dll
0x00007ffcdf870000 - 0x00007ffcdf8d6000 	C:\WINDOWS\System32\shlwapi.dll
0x00007ffcde640000 - 0x00007ffcde669000 	C:\WINDOWS\SYSTEM32\profapi.dll
0x00007ffc6de40000 - 0x00007ffc6de58000 	C:\Users\ACER\.vscode\extensions\redhat.java-1.56.0-win32-x64\jre\21.0.12.1-win32-x86_64\bin\zip.dll
0x00007ffcd0b50000 - 0x00007ffcd0b60000 	C:\Users\ACER\.vscode\extensions\redhat.java-1.56.0-win32-x64\jre\21.0.12.1-win32-x86_64\bin\net.dll
0x00007ffcd1b30000 - 0x00007ffcd1c5a000 	C:\WINDOWS\SYSTEM32\WINHTTP.dll
0x00007ffcdd9b0000 - 0x00007ffcdda1c000 	C:\WINDOWS\system32\mswsock.dll
0x00007ffc6de20000 - 0x00007ffc6de36000 	C:\Users\ACER\.vscode\extensions\redhat.java-1.56.0-win32-x64\jre\21.0.12.1-win32-x86_64\bin\nio.dll
0x00007ffcccb50000 - 0x00007ffcccb60000 	C:\Users\ACER\.vscode\extensions\redhat.java-1.56.0-win32-x64\jre\21.0.12.1-win32-x86_64\bin\verify.dll
0x00007ffcb4630000 - 0x00007ffcb4657000 	C:\Users\ACER\.gradle\native\660c5614fbf4a5f2a75b1949f50a0caf5cd603558e7d8a26e50b933a0cfb79d1\windows-amd64\native-platform.dll
0x00007ffcb36e0000 - 0x00007ffcb3757000 	C:\Users\ACER\.gradle\native\0.2.8\x86_64-windows-gnu\gradle-fileevents.dll
0x00007ffcd74d0000 - 0x00007ffcd74da000 	C:\Users\ACER\.vscode\extensions\redhat.java-1.56.0-win32-x64\jre\21.0.12.1-win32-x86_64\bin\management.dll
0x00007ffcd74c0000 - 0x00007ffcd74cc000 	C:\Users\ACER\.vscode\extensions\redhat.java-1.56.0-win32-x64\jre\21.0.12.1-win32-x86_64\bin\management_ext.dll
0x00007ffcdf2f0000 - 0x00007ffcdf2f8000 	C:\WINDOWS\System32\PSAPI.DLL
0x00007ffcdcdc0000 - 0x00007ffcdcdf3000 	C:\WINDOWS\SYSTEM32\IPHLPAPI.DLL
0x00007ffce13f0000 - 0x00007ffce13fa000 	C:\WINDOWS\System32\NSI.dll
0x00007ffcd09a0000 - 0x00007ffcd09a9000 	C:\Users\ACER\.vscode\extensions\redhat.java-1.56.0-win32-x64\jre\21.0.12.1-win32-x86_64\bin\extnet.dll
0x00007ffcddca0000 - 0x00007ffcddcbb000 	C:\WINDOWS\SYSTEM32\CRYPTSP.dll
0x00007ffcdd350000 - 0x00007ffcdd389000 	C:\WINDOWS\system32\rsaenh.dll
0x00007ffcdda60000 - 0x00007ffcdda94000 	C:\WINDOWS\SYSTEM32\USERENV.dll
0x00007ffcde610000 - 0x00007ffcde63a000 	C:\WINDOWS\SYSTEM32\bcrypt.dll
0x00007ffcddcc0000 - 0x00007ffcddccc000 	C:\WINDOWS\SYSTEM32\CRYPTBASE.dll
0x00007ffcd0990000 - 0x00007ffcd099e000 	C:\Users\ACER\.vscode\extensions\redhat.java-1.56.0-win32-x64\jre\21.0.12.1-win32-x86_64\bin\sunmscapi.dll
0x00007ffcdeca0000 - 0x00007ffcdee1e000 	C:\WINDOWS\System32\CRYPT32.dll
0x00007ffcddee0000 - 0x00007ffcddf10000 	C:\WINDOWS\SYSTEM32\ncrypt.dll
0x00007ffcdde90000 - 0x00007ffcddecf000 	C:\WINDOWS\SYSTEM32\NTASN1.dll
0x00007ffcca980000 - 0x00007ffcca988000 	C:\WINDOWS\system32\wshunix.dll

JVMTI agents:
C:\Users\ACER\.gradle\wrapper\dists\gradle-9.7.1-bin\1w1c7tv4s851m17nbqdsro2tv\gradle-9.7.1\lib\agents\gradle-instrumentation-agent-9.7.1.jar path:C:\Users\ACER\.vscode\extensions\redhat.java-1.56.0-win32-x64\jre\21.0.12.1-win32-x86_64\bin\instrument.dll, loaded, initialized, instrumentlib options:none

dbghelp: loaded successfully - version: 4.0.5 - missing functions: none
symbol engine: initialized successfully - sym options: 0x614 - pdb path: .;C:\Users\ACER\.vscode\extensions\redhat.java-1.56.0-win32-x64\jre\21.0.12.1-win32-x86_64\bin;C:\WINDOWS\SYSTEM32;C:\WINDOWS\WinSxS\amd64_microsoft.windows.common-controls_6595b64144ccf1df_6.0.26100.9278_none_3e0d1ba8e3303201;C:\Users\ACER\.vscode\extensions\redhat.java-1.56.0-win32-x64\jre\21.0.12.1-win32-x86_64\bin\server;C:\Users\ACER\.gradle\native\660c5614fbf4a5f2a75b1949f50a0caf5cd603558e7d8a26e50b933a0cfb79d1\windows-amd64;C:\Users\ACER\.gradle\native\0.2.8\x86_64-windows-gnu

VM Arguments:
jvm_args: --add-opens=java.base/java.lang=ALL-UNNAMED --add-opens=java.base/java.lang.invoke=ALL-UNNAMED --add-opens=java.base/java.util=ALL-UNNAMED --add-opens=java.prefs/java.util.prefs=ALL-UNNAMED --add-exports=jdk.compiler/com.sun.tools.javac.api=ALL-UNNAMED --add-exports=jdk.compiler/com.sun.tools.javac.util=ALL-UNNAMED --add-opens=java.base/java.nio.charset=ALL-UNNAMED --add-opens=java.base/java.net=ALL-UNNAMED --add-opens=java.base/java.util.concurrent=ALL-UNNAMED --add-opens=java.base/java.util.concurrent.atomic=ALL-UNNAMED --add-opens=java.xml/javax.xml.namespace=ALL-UNNAMED --add-opens=java.base/java.time=ALL-UNNAMED -XX:MaxMetaspaceSize=384m -XX:+HeapDumpOnOutOfMemoryError -Xms256m -Xmx512m -Dfile.encoding=UTF-8 -Duser.country=CO -Duser.language=es -Duser.variant -javaagent:C:\Users\ACER\.gradle\wrapper\dists\gradle-9.7.1-bin\1w1c7tv4s851m17nbqdsro2tv\gradle-9.7.1\lib\agents\gradle-instrumentation-agent-9.7.1.jar 
java_command: org.gradle.launcher.daemon.bootstrap.GradleDaemon 9.7.1
java_class_path (initial): C:\Users\ACER\.gradle\wrapper\dists\gradle-9.7.1-bin\1w1c7tv4s851m17nbqdsro2tv\gradle-9.7.1\lib\gradle-daemon-main-9.7.1.jar
Launcher Type: SUN_STANDARD

[Global flags]
     intx CICompilerCount                          = 3                                         {product} {ergonomic}
   size_t CompressedClassSpaceSize                 = 335544320                                 {product} {ergonomic}
     uint ConcGCThreads                            = 1                                         {product} {ergonomic}
     uint G1ConcRefinementThreads                  = 4                                         {product} {ergonomic}
   size_t G1HeapRegionSize                         = 1048576                                   {product} {ergonomic}
    uintx GCDrainStackTargetSize                   = 64                                        {product} {ergonomic}
     bool HeapDumpOnOutOfMemoryError               = true                                   {manageable} {command line}
   size_t InitialHeapSize                          = 268435456                                 {product} {command line}
   size_t MarkStackSize                            = 4194304                                   {product} {ergonomic}
   size_t MaxHeapSize                              = 536870912                                 {product} {command line}
   size_t MaxMetaspaceSize                         = 402653184                                 {product} {command line}
   size_t MaxNewSize                               = 321912832                                 {product} {ergonomic}
   size_t MinHeapDeltaBytes                        = 1048576                                   {product} {ergonomic}
   size_t MinHeapSize                              = 268435456                                 {product} {command line}
    uintx NonNMethodCodeHeapSize                   = 5832780                                {pd product} {ergonomic}
    uintx NonProfiledCodeHeapSize                  = 122912730                              {pd product} {ergonomic}
    uintx ProfiledCodeHeapSize                     = 122912730                              {pd product} {ergonomic}
    uintx ReservedCodeCacheSize                    = 251658240                              {pd product} {ergonomic}
     bool SegmentedCodeCache                       = true                                      {product} {ergonomic}
   size_t SoftMaxHeapSize                          = 536870912                              {manageable} {ergonomic}
     bool UseCompressedOops                        = true                           {product lp64_product} {ergonomic}
     bool UseG1GC                                  = true                                      {product} {ergonomic}
     bool UseLargePagesIndividualAllocation        = false                                  {pd product} {ergonomic}

Logging:
Log output configuration:
 #0: stdout all=warning uptime,level,tags foldmultilines=false
 #1: stderr all=off uptime,level,tags foldmultilines=false

Release file:
JAVA_VERSION="21.0.12.1" 
MODULES="java.base java.compiler java.datatransfer java.xml java.prefs java.desktop java.instrument java.logging java.management java.security.sasl java.naming java.rmi java.management.rmi java.net.http java.scripting java.security.jgss java.transaction.xa java.sql java.sql.rowset java.xml.crypto java.se java.smartcardio jdk.accessibility jdk.internal.jvmstat jdk.attach jdk.charsets jdk.internal.opt jdk.zipfs jdk.compiler jdk.crypto.ec jdk.crypto.cryptoki jdk.crypto.mscapi jdk.dynalink jdk.internal.ed jdk.editpad jdk.hotspot.agent jdk.httpserver jdk.internal.le jdk.internal.vm.ci jdk.internal.vm.compiler jdk.internal.vm.compiler.management jdk.jartool jdk.javadoc jdk.jcmd jdk.management jdk.management.agent jdk.jconsole jdk.jdeps jdk.jdwp.agent jdk.jdi jdk.jfr jdk.jshell jdk.jsobject jdk.jstatd jdk.localedata jdk.management.jfr jdk.naming.dns jdk.naming.rmi jdk.net jdk.nio.mapmode jdk.random jdk.sctp jdk.security.auth jdk.security.jgss jdk.unsupported jdk.unsupported.desktop jdk.xml.dom" 

Environment Variables:
JAVA_HOME=C:\Program Files\Java\jdk-23
PATH=C:\wamp64\bin\php\php8.2.29;C:\Program Files\Common Files\Oracle\Java\javapath;C:\Program Files (x86)\Intel\iCLS Client\;C:\Program Files\Intel\iCLS Client\;C:\WINDOWS\system32;C:\WINDOWS;C:\WINDOWS\System32\Wbem;C:\WINDOWS\System32\WindowsPowerShell\v1.0\;C:\WINDOWS\System32\OpenSSH\;C:\Program Files (x86)\Intel\Intel(R) Management Engine Components\DAL;C:\Program Files\Intel\Intel(R) Management Engine Components\DAL;C:\Program Files (x86)\Intel\Intel(R) Management Engine Components\IPT;C:\Program Files\Intel\Intel(R) Management Engine Components\IPT;C:\ProgramData\ComposerSetup\bin;C:\Program Files\nodejs\;C:\Program Files\Git\cmd;C:\Users\ACER\.config\herd-lite\bin;C:\Users\ACER\AppData\Local\Programs\Python\Python313\Scripts\;C:\Users\ACER\AppData\Local\Programs\Python\Python313\;C:\Users\ACER\AppData\Local\Programs\Python\Launcher\;C:\Users\ACER\AppData\Local\Microsoft\WindowsApps;C:\Users\ACER\AppData\Local\Programs\Microsoft VS Code\bin;C:\Users\ACER\AppData\Roaming\Composer\vendor\bin;C:\wamp64\bin\php\php8.2.29;C:\Users\ACER\AppData\Roaming\npm;C:\Users\ACER\AppData\Local\Microsoft\WindowsApps;C:\Program Files\Java\jdk-23\bin;
USERNAME=ACER
OS=Windows_NT
PROCESSOR_IDENTIFIER=Intel64 Family 6 Model 142 Stepping 10, GenuineIntel
TMP=C:\Users\ACER\AppData\Local\Temp
TEMP=C:\Users\ACER\AppData\Local\Temp




Periodic native trim disabled

---------------  S Y S T E M  ---------------

OS:
 Windows 11 , 64 bit Build 26100 (10.0.26100.9444)
OS uptime: 0 days 0:41 hours

CPU: total 4 (initial active 4) (2 cores per cpu, 2 threads per core) family 6 model 142 stepping 10 microcode 0xe0, cx8, cmov, fxsr, ht, mmx, 3dnowpref, sse, sse2, sse3, ssse3, sse4.1, sse4.2, popcnt, lzcnt, tsc, tscinvbit, avx, avx2, aes, erms, clmul, bmi1, bmi2, adx, fma, vzeroupper, clflush, clflushopt, rdtscp, f16c
Processor Information for the first 4 processors :
  Max Mhz: 2208, Current Mhz: 2208, Mhz Limit: 2208

Memory: 4k page, system-wide physical 3973M (149M free)
TotalPageFile size 16261M (AvailPageFile size 352M)
current process WorkingSet (physical memory assigned to process): 114M, peak: 114M
current process commit charge ("private bytes"): 407M, peak: 416M

vm_info: OpenJDK 64-Bit Server VM (21.0.12.1+1-LTS) for windows-amd64 JRE (21.0.12.1+1-LTS), built on 2026-08-18T00:00:00Z by "admin" with MS VC++ 17.12 (VS2022)

END.
